id,Status,Time,Amount,Price
1,good,60,800,846
2,good,60,1000,1658
3,bad,36,2000,2985
5,good,36,310,910
6,good,60,650,1645
7,good,60,1600,1800
8,good,12,200,1093
9,good,60,1200,1957
10,bad,48,1200,1468
11,good,48,1150,1577
12,good,36,650,915
14,good,36,600,940
15,bad,18,400,500
16,good,24,900,1186
17,good,24,1500,2201
18,good,24,600,1350
20,good,60,1250,1253
22,good,60,1100,1159
23,bad,60,600,1332
24,good,60,950,1497
25,good,60,1350,1357
28,good,36,1800,2557
31,bad,36,400,400
32,good,24,450,650
33,good,36,1000,1394
37,good,48,800,1200
39,good,60,1125,1300
41,good,60,900,1167
42,good,60,950,1150
43,bad,60,1250,1566
44,bad,60,1500,1552
45,good,60,1150,1300
46,good,60,2100,2104
47,good,36,1500,2154
48,bad,36,450,545
49,good,36,750,1778
50,good,60,1600,1718
51,good,60,900,1500
54,good,12,500,1701
55,bad,48,1000,1345
56,good,60,1000,1238
57,good,30,500,1048
58,good,24,600,1048
60,good,60,1830,2201
61,good,48,1100,1430
62,bad,42,600,926
63,good,24,1000,1500
64,good,36,1000,1542
65,good,60,1350,1360
67,good,60,1200,1564
68,good,60,850,1205
69,good,60,2000,2200
70,good,36,900,2214
71,good,60,1000,1137
72,good,48,600,1025
73,good,36,800,1593
74,good,24,700,1735
75,good,60,1000,1132
76,good,12,500,1338
77,good,36,900,1100
78,good,36,1750,2276
79,good,48,900,1360
81,good,36,550,612
82,bad,36,850,1100
84,good,60,1000,2089
85,good,24,500,2262
86,good,60,600,1054
87,good,60,1426,1426
88,bad,60,1040,1048
89,bad,60,1000,1292
91,bad,60,1490,1490
92,good,36,750,850
94,good,48,1400,1571
95,good,36,1000,1000
96,bad,36,250,270
97,good,60,950,1382
98,good,36,1500,1713
99,good,60,800,1086
100,good,48,1500,3262
101,good,60,1100,1610
102,good,60,600,1030
103,bad,36,650,650
104,bad,48,1950,2175
105,good,24,400,1780
107,bad,60,1200,1211
108,good,60,1600,1650
109,bad,36,350,350
110,good,60,950,1117
113,bad,36,1000,1210
114,good,48,670,963
115,bad,36,1200,1646
116,bad,36,800,800
117,good,36,460,470
118,good,24,950,1370
119,good,48,700,839
120,good,60,600,1346
121,good,60,900,1350
122,bad,60,1800,2100
123,good,60,1300,1307
124,good,60,1100,1126
125,good,48,2380,4786
126,bad,60,1400,1478
127,good,60,1550,1568
128,good,24,650,1056
129,good,18,1000,1608
130,good,60,950,1179
131,bad,60,1400,1524
132,good,60,1300,1730
133,good,30,600,823
134,good,60,700,800
135,good,60,1300,1482
136,good,60,900,1110
137,bad,60,1150,1555
138,good,60,1100,1170
139,good,12,500,886
140,bad,60,800,1395
141,good,36,1000,2084
142,good,24,3800,8800
143,good,36,1000,1160
144,good,60,900,1211
145,bad,60,1300,1300
146,bad,36,850,850
147,good,60,700,1204
150,good,18,300,600
151,bad,48,1000,1320
152,good,60,1100,1300
154,bad,60,1400,1426
155,good,24,1500,5200
157,good,48,1200,1449
158,good,60,700,1422
160,good,30,1550,1578
162,good,36,1500,2260
165,bad,48,930,945
166,good,12,900,1694
167,bad,36,600,700
168,good,48,600,1290
169,good,60,1300,1581
170,good,48,1000,1383
171,good,60,1350,1637
172,good,54,1275,1275
173,bad,60,1400,1400
174,good,24,600,832
175,good,36,1886,2886
176,bad,60,1200,1257
178,good,60,800,1138
179,good,12,300,1801
180,bad,48,900,1200
182,good,60,1400,1589
183,good,48,1200,1617
185,good,60,1400,2194
187,bad,60,1200,1423
188,good,12,600,1600
189,bad,24,700,700
190,good,24,200,300
191,good,36,1000,1165
193,good,12,500,1706
194,bad,36,1600,2053
195,good,60,1000,1700
197,good,60,1177,1300
198,good,36,870,1122
199,good,60,1200,1257
200,good,60,1050,1387
201,good,48,1000,1266
203,good,24,700,2004
204,good,60,1100,1203
205,good,36,750,1138
206,good,48,1200,1374
208,good,24,400,750
209,good,24,800,1894
211,good,24,400,1369
213,bad,36,750,1218
214,good,60,1200,1637
215,bad,60,750,953
216,good,60,1100,1212
217,good,36,1000,1218
218,good,24,1000,1419
219,good,60,1100,1100
220,good,60,900,987
223,good,48,1000,1595
224,good,60,984,1054
225,good,36,1000,1651
226,good,30,300,1542
228,good,60,1800,2624
229,bad,60,1000,1135
230,good,24,600,1105
231,good,60,1500,1500
232,bad,24,800,1200
233,good,60,1150,1555
234,good,48,800,2251
236,good,36,1200,2186
237,good,48,1700,1700
238,good,60,600,1180
240,bad,60,1350,1668
241,good,36,1500,1750
242,good,48,600,875
243,good,60,1000,1514
244,bad,60,1700,1950
245,bad,60,950,1462
247,good,60,800,840
249,good,48,1540,1603
250,good,60,1200,1200
253,good,42,1100,1395
254,good,60,1200,1390
256,good,60,1300,1604
257,good,60,1000,1241
259,good,36,700,1045
261,good,36,900,900
262,good,48,1660,1698
263,good,12,200,1048
264,good,36,1000,2200
265,good,60,770,1119
266,good,36,700,1090
267,bad,36,3000,4100
269,good,60,1000,2010
271,good,60,1000,1342
273,bad,42,900,1048
275,good,48,900,1114
276,bad,60,1000,1206
279,good,60,1000,1094
280,good,36,550,550
281,good,48,1200,1255
282,good,36,2000,4138
283,good,60,1700,1714
284,good,48,1100,1150
285,good,24,1500,2673
286,good,60,1200,1630
287,good,60,1100,1544
288,good,60,1000,1195
289,good,36,400,1206
290,good,60,1400,2050
291,good,36,1200,1513
292,good,6,3000,3300
294,bad,60,1000,1339
295,bad,60,875,875
296,good,18,500,1101
297,good,60,1000,1568
298,good,42,750,1194
299,bad,60,950,1378
301,good,24,350,350
302,bad,60,1150,1406
303,good,60,1200,1497
304,bad,36,1400,1600
306,bad,60,2000,2032
307,good,36,1400,2610
308,good,12,500,1193
309,bad,60,1200,1275
310,bad,36,3250,3750
311,good,60,1300,2500
312,good,36,1000,1790
314,good,30,700,1480
315,good,36,600,1542
316,bad,60,1500,1850
317,good,48,600,1380
318,good,42,1200,1888
319,bad,48,1100,1672
320,good,48,700,808
321,bad,60,1100,1107
323,good,60,1190,1390
324,good,60,1150,1363
325,good,60,1450,1482
326,good,60,1900,2357
327,bad,60,600,850
328,good,60,1000,1180
329,good,48,825,1617
333,good,60,800,1380
334,good,60,700,1529
336,good,48,1550,1600
338,good,48,1000,1520
339,good,60,1500,1617
340,good,60,1100,1500
341,good,60,1000,1705
342,good,30,600,1292
343,good,48,1100,1294
345,bad,48,1850,2143
348,good,48,500,1600
349,good,60,1250,1563
350,good,60,1250,1284
351,bad,60,890,990
352,good,60,600,1125
353,good,48,1000,1267
358,good,60,750,1244
359,bad,60,1000,1403
360,good,60,1400,1980
361,good,60,900,1290
362,bad,36,600,1339
363,good,60,1500,1559
364,bad,60,200,1078
365,good,60,860,1113
366,good,18,1000,2290
367,good,60,1000,1578
368,good,48,500,1039
369,good,60,800,1218
370,good,60,300,1329
373,bad,60,1300,1553
374,good,48,1000,1626
376,good,18,200,1500
377,good,36,600,1421
379,good,48,1000,1274
380,good,48,1200,1580
382,bad,48,1150,1314
384,good,60,1000,1500
385,good,36,1300,1504
387,good,48,1000,1028
388,bad,48,1300,1440
389,good,12,500,1030
390,good,48,1200,1366
391,bad,60,1700,1768
392,bad,36,1500,2340
393,bad,48,1400,1700
394,good,60,910,1450
395,good,48,500,1155
396,bad,48,1000,1191
397,good,12,600,841
398,bad,60,2200,2441
399,bad,48,1200,1516
400,good,60,400,1591
401,bad,60,1350,1999
402,good,60,1200,1336
403,bad,36,1150,1600
404,good,60,1400,1850
405,good,60,1400,1775
406,good,36,700,1224
408,good,60,1250,1500
409,bad,60,1900,2225
410,good,60,1600,1930
411,good,60,1400,1607
412,good,36,1000,1230
413,good,24,1400,1581
414,good,60,790,1072
415,bad,36,1200,1471
416,bad,60,500,1300
417,good,60,1150,1192
418,good,48,2400,2700
419,good,36,450,500
420,bad,36,1100,1720
421,good,48,1350,1770
422,bad,48,1100,1197
423,good,60,700,950
427,bad,60,1135,1355
428,good,60,890,1196
429,good,60,1100,1297
430,bad,48,1200,1420
431,good,48,850,1036
432,good,60,800,1201
433,good,60,1000,1527
434,bad,60,1300,1500
435,good,48,950,1057
437,bad,48,1000,2218
438,good,60,1200,1570
439,good,24,250,650
440,good,60,700,1175
441,good,60,700,825
445,good,60,1850,2150
446,bad,48,1340,1771
448,good,24,450,994
449,good,60,870,1147
450,bad,60,1100,1194
451,bad,36,700,825
452,good,36,1000,1128
453,good,36,360,360
454,good,48,500,1190
455,good,60,1400,1580
456,good,24,1100,1600
458,good,60,1500,2178
459,bad,60,1350,1589
460,good,60,1500,1828
461,bad,48,757,1566
462,good,60,1200,1250
464,good,60,1350,1414
466,good,60,1100,1638
467,good,60,1100,1296
469,good,36,700,1400
471,good,30,1050,1559
472,good,60,1200,1315
474,good,48,1000,1208
475,good,60,800,975
476,good,60,1200,1274
477,good,48,900,1197
479,good,36,900,1100
481,bad,54,1800,2646
482,bad,60,1500,1816
483,bad,60,1400,1700
484,good,48,1300,1700
485,good,54,500,984
486,good,60,1000,1387
487,good,48,450,1636
488,good,60,1000,1135
489,bad,60,1350,1453
490,good,60,1400,1500
491,good,48,800,1350
492,good,60,1850,2247
493,good,60,1150,1367
495,bad,60,1800,2154
496,bad,36,750,1100
497,good,60,900,1492
498,bad,60,800,1351
499,bad,60,1500,2040
500,good,60,1000,1037
501,bad,48,1200,1202
502,good,48,1500,1683
503,bad,24,500,1000
504,good,48,1000,1100
505,good,48,1700,1734
506,good,60,1600,1604
507,good,60,1000,1330
508,bad,60,800,877
509,good,36,1100,1759
510,bad,48,970,1564
511,good,60,1100,1306
512,good,24,500,1108
513,bad,36,350,1500
515,good,60,1300,1500
516,good,60,2200,2625
518,good,42,1500,2178
521,good,36,200,325
522,bad,60,1350,1471
523,good,48,260,1440
524,good,60,1200,2140
526,good,60,1250,1780
527,good,18,700,818
528,good,60,650,1017
529,good,36,1000,1788
531,good,36,1000,1800
532,bad,54,1300,1394
533,bad,36,250,400
534,good,36,850,940
536,good,36,1300,1439
539,good,36,1000,1500
540,good,60,1200,1258
542,good,60,750,1346
543,good,36,1500,2195
545,good,36,2375,2375
546,bad,60,870,873
547,bad,60,1210,1450
549,good,24,600,1376
550,good,60,1000,1092
551,good,24,900,1307
552,good,48,830,1128
553,good,48,700,1698
554,good,60,825,1075
555,bad,60,1920,1920
556,good,48,800,1298
557,bad,36,1360,1362
559,good,36,1700,2022
560,good,48,700,1225
561,good,12,375,724
562,good,24,500,1346
563,bad,60,1000,1415
564,good,60,1000,1380
565,bad,60,1400,1500
566,good,36,900,900
567,good,48,1100,1639
569,good,60,1020,1600
573,bad,60,1200,1532
574,good,24,340,900
575,bad,36,900,1100
576,bad,60,600,1556
577,good,48,900,1054
578,bad,60,1160,1285
579,bad,48,1200,1338
581,good,36,1100,1556
582,good,60,1100,1194
583,good,60,1450,1556
584,good,60,1000,1989
586,bad,36,400,925
589,good,60,1120,1395
590,good,60,1100,1137
592,bad,60,1100,1417
593,good,18,500,700
594,good,60,1000,1207
595,good,60,1100,1268
596,good,48,1200,1326
598,good,60,1050,1228
599,good,36,2000,2168
600,good,60,1650,2100
601,good,60,1000,1197
602,bad,24,360,510
603,good,36,300,325
604,good,36,690,1000
607,good,60,500,820
608,good,18,300,1275
610,good,60,600,1250
611,good,60,1000,1560
612,good,48,1200,1570
613,good,24,500,1045
614,good,36,425,500
615,good,48,1700,1800
616,good,12,500,1600
617,good,60,950,1177
619,bad,36,850,1100
620,good,36,1100,1256
621,good,48,1000,1469
622,bad,60,1600,1682
624,bad,36,675,675
625,good,60,900,1236
626,good,48,650,1265
627,good,60,1000,1204
629,good,36,950,1330
630,good,60,950,1200
631,bad,60,1350,1488
632,good,36,650,1695
634,good,60,1100,1112
635,good,60,600,1062
636,bad,48,800,1567
637,good,36,900,900
638,good,60,1100,1280
639,good,30,700,1340
641,bad,36,1600,2640
642,good,48,900,900
643,good,60,1300,1569
644,bad,60,1400,1937
645,good,60,1400,1403
646,good,24,1000,1501
647,bad,60,1150,1255
648,good,54,1300,1345
649,bad,60,1950,2134
650,good,60,1550,1590
651,bad,18,250,400
652,bad,60,1200,1406
653,bad,60,1600,1872
654,good,60,1000,1123
655,good,60,1000,1067
656,bad,60,2075,2253
658,good,36,1450,1992
659,good,12,400,1400
660,good,60,1150,1284
661,good,60,1500,1749
663,good,60,1000,1505
664,good,60,1200,1376
665,good,60,1200,2154
666,good,60,750,1138
667,good,60,1680,1931
668,good,60,1200,1698
669,good,60,1000,1279
671,bad,60,1000,1600
672,good,60,1200,2200
673,good,42,1300,2260
674,good,60,1550,1904
675,good,60,1380,1580
676,bad,36,1300,2810
677,good,36,700,700
678,good,24,600,1100
679,good,60,1650,1910
680,bad,60,1200,1360
681,good,60,700,1030
682,bad,36,375,460
683,good,60,1150,1339
684,good,24,370,525
685,good,60,1000,1315
686,good,60,1250,1517
687,bad,48,1100,1330
691,good,60,1900,4063
692,good,48,500,1064
693,good,60,1000,1606
695,good,60,1350,1381
696,good,24,800,816
697,bad,48,900,1150
698,bad,60,1800,2215
699,bad,60,1420,1586
700,good,12,300,1469
701,good,60,1000,1556
702,good,48,850,1720
703,good,60,1550,1650
704,good,48,1000,1191
706,bad,24,900,1100
707,good,48,1000,1480
708,bad,60,800,1258
709,good,48,950,1544
710,good,60,1300,1404
711,good,48,1200,2053
712,bad,36,1250,1575
713,bad,60,1055,1430
714,bad,60,1400,1409
715,good,48,650,962
716,good,24,1400,1400
717,good,12,350,1571
720,bad,60,1600,1842
721,good,48,750,841
723,good,60,950,957
724,good,24,450,950
726,bad,60,1600,1800
727,good,48,1760,2212
729,bad,60,1000,1570
730,bad,36,500,1569
731,bad,48,1400,1590
733,bad,18,350,450
734,bad,48,1000,2008
736,good,24,530,630
737,good,60,1200,1571
738,bad,48,1300,1770
739,good,36,500,1600
740,good,48,1500,1627
741,good,24,500,1094
742,good,60,1350,1570
743,bad,60,800,935
744,bad,60,1900,2259
745,good,36,800,1419
746,bad,48,500,820
747,good,60,900,1060
749,good,60,1200,1372
750,good,24,250,758
751,good,60,1000,1164
754,good,60,1300,1557
755,good,48,900,1700
756,bad,48,1571,1571
757,good,60,900,1654
758,good,24,300,350
759,good,30,300,420
760,bad,48,1700,2173
761,bad,36,3000,6802
763,good,60,1200,1425
764,good,36,450,546
766,bad,48,1250,1776
767,good,36,800,1200
768,bad,48,1400,1403
769,bad,60,900,1086
770,good,60,1200,1200
771,good,60,1700,2200
772,good,60,1400,2360
773,good,18,750,1758
774,good,60,700,1783
775,bad,60,1100,1108
776,good,60,700,1136
777,good,60,1350,1557
778,good,48,800,886
779,good,60,1000,1490
780,good,36,400,400
781,bad,60,800,1105
783,bad,18,700,1256
784,good,60,1400,1571
785,good,36,1000,1443
786,good,60,1060,1160
787,good,48,768,896
788,good,60,1300,1639
789,good,24,350,1571
791,good,60,1200,1590
793,good,36,300,450
794,good,24,1000,1536
797,good,60,1000,1264
798,good,36,1000,1313
799,good,48,700,1365
800,good,60,900,1105
801,good,24,500,1100
802,good,24,850,1480
803,good,60,1150,1310
804,good,36,950,1265
806,good,36,950,980
807,good,24,400,600
808,bad,48,1400,1635
809,bad,48,800,1376
810,good,36,675,675
811,good,60,1800,2000
812,bad,60,978,978
813,bad,60,1130,1130
814,good,48,1600,2600
815,good,36,800,950
816,bad,60,1400,1493
818,good,60,1100,1224
819,bad,36,650,1000
820,bad,60,2100,2500
822,bad,24,400,1242
823,good,36,400,725
824,good,36,500,720
826,bad,60,1150,1150
827,good,36,1000,1655
828,good,60,900,1389
829,good,48,1100,1310
830,bad,60,750,758
831,good,24,1150,1770
832,bad,36,350,425
833,good,24,250,1035
834,good,60,1200,1226
835,good,36,1500,1750
836,good,36,1000,1800
837,good,60,600,2150
838,good,48,1700,1713
839,bad,36,600,975
840,good,60,400,650
841,good,60,800,916
842,good,36,625,625
845,good,12,125,325
846,good,36,850,1014
847,bad,60,1250,1525
848,good,60,1000,1144
849,good,36,400,550
850,good,60,1000,1556
851,good,60,915,1396
852,good,60,1000,2470
853,good,12,600,1890
854,good,36,475,575
856,bad,36,650,710
857,good,60,1900,2600
858,good,60,1800,1849
859,good,12,350,450
860,good,60,1100,1369
861,good,60,1800,2281
862,bad,48,3075,4575
863,good,60,1250,1332
864,good,36,200,1240
865,good,60,900,931
866,good,60,1000,1330
867,good,18,860,1192
868,bad,48,800,950
870,bad,48,1500,1810
871,bad,60,1300,1700
873,good,24,600,750
875,good,36,700,1300
876,bad,48,700,1111
877,good,60,970,1264
879,bad,48,1100,1123
880,good,60,1000,1386
881,good,24,900,1395
882,bad,60,900,1127
883,good,60,800,960
884,bad,60,1500,2179
885,good,36,850,886
886,good,60,800,1314
887,bad,36,2400,2800
888,good,60,600,960
889,bad,60,750,873
890,good,36,300,1111
892,good,60,1000,1995
893,good,60,900,1333
894,good,36,900,1358
895,good,48,1270,1613
896,good,60,1300,1855
897,good,60,1800,2271
898,bad,60,925,925
899,good,60,1750,1950
900,good,6,500,2058
901,good,60,1100,1600
902,good,60,800,860
903,good,36,350,875
905,good,60,1000,1260
906,good,36,950,1705
909,good,12,300,1479
911,bad,48,2000,2201
912,good,60,1250,1350
913,good,48,700,1386
915,good,36,400,1608
916,good,60,1300,1585
917,good,60,900,1320
918,good,60,2600,3190
919,good,60,1000,1500
920,good,60,1250,1571
921,bad,60,1150,1386
922,good,60,1400,1680
924,good,12,240,1488
925,good,12,920,1396
926,good,48,750,1255
927,good,48,1480,1883
928,good,36,375,375
929,good,60,2500,3070
930,good,36,1400,2189
931,good,60,1450,1692
932,bad,60,2000,2216
934,good,24,425,750
935,good,60,1400,1830
936,good,60,1100,1242
937,bad,48,600,882
938,good,60,600,1137
939,bad,24,275,275
940,bad,36,580,580
941,good,6,850,1403
942,good,36,700,957
943,good,24,1300,1300
944,bad,48,579,1097
945,good,36,700,1033
946,good,60,763,913
947,bad,60,960,962
948,bad,60,1075,1123
949,bad,36,1000,1400
950,good,60,1500,1800
951,good,48,1800,1980
954,good,60,1100,1646
956,good,60,1000,1365
957,bad,36,600,1600
958,good,48,940,1133
959,good,12,100,550
960,bad,36,350,350
961,good,12,1000,1321
962,bad,60,1200,1225
963,good,60,850,950
964,bad,36,475,550
965,good,60,1150,1277
966,bad,60,1050,1172
968,good,48,1700,2185
970,good,60,1000,1257
971,good,12,100,600
973,good,12,1100,2413
974,good,60,1000,1388
975,good,60,1600,1636
976,good,60,750,850
977,good,24,700,1757
978,good,60,1350,1600
979,good,18,1200,2022
980,bad,60,1200,1200
981,good,60,1550,1550
982,bad,36,400,710
983,good,60,950,1286
985,good,36,600,1638
986,bad,60,1700,1700
987,good,24,500,1850
988,good,60,1200,1677
989,good,36,1500,1900
990,good,48,1000,1601
991,good,6,300,1200
992,good,12,250,1456
993,good,60,1450,1456
995,bad,36,1000,1337
996,good,60,1000,1359
997,good,36,625,801
998,bad,60,850,989
999,good,60,2000,2536
1000,bad,60,1000,1129
1001,good,36,500,1314
1002,bad,48,1000,1812
1003,good,60,300,1742
1004,good,48,1250,1455
1005,bad,36,950,1150
1006,good,24,500,1900
1007,bad,60,1400,1800
1008,good,60,950,1070
1009,bad,60,850,1098
1010,bad,60,1600,1750
1011,good,48,1210,1325
1012,bad,48,600,710
1013,good,36,300,1268
1014,bad,60,2350,2679
1015,good,60,850,989
1016,good,60,1220,1505
1017,bad,36,700,900
1018,good,36,700,700
1019,bad,60,650,1295
1020,bad,60,650,1295
1021,good,60,750,970
1023,good,24,500,1495
1024,bad,36,475,690
1025,bad,60,1550,1679
1027,good,12,300,1600
1029,good,24,600,980
1030,good,48,1400,1602
1031,good,24,512,1255
1032,good,60,1000,1282
1033,bad,60,900,1168
1034,good,60,1200,1200
1035,good,36,650,1100
1036,good,60,1550,1700
1037,bad,60,1100,1256
1038,good,36,1100,1110
1039,good,60,1850,1852
1040,good,48,500,1114
1041,bad,36,950,1350
1042,good,60,1600,1849
1044,good,36,1100,2471
1045,good,60,1350,1583
1046,good,36,650,1136
1048,good,48,700,1104
1050,good,42,1700,1850
1052,good,12,500,700
1053,good,60,1200,1214
1054,bad,60,1400,1530
1055,good,60,750,1888
1056,good,60,1250,1346
1057,good,60,1000,1194
1058,bad,48,1200,1479
1059,good,60,1000,1755
1063,good,60,1350,1896
1064,good,18,500,600
1065,good,60,1400,1500
1066,good,60,1650,1852
1067,bad,24,800,1298
1068,good,60,1100,1175
1069,good,60,1900,1994
1070,good,60,750,818
1073,good,48,1000,1323
1074,good,60,700,1698
1075,bad,48,1100,1365
1076,good,48,1000,1628
1077,bad,36,105,105
1078,good,24,400,2230
1079,good,60,1250,1816
1080,good,60,933,964
1081,bad,36,600,675
1082,good,60,1330,1330
1083,good,60,1350,1612
1084,good,6,475,1323
1085,good,60,900,1281
1086,good,36,400,830
1087,bad,60,1000,1000
1089,good,48,950,1490
1090,good,36,1000,1100
1091,good,24,400,1034
1092,good,36,500,550
1093,bad,60,800,866
1094,bad,24,550,550
1095,good,60,1300,1695
1096,bad,60,850,972
1097,good,36,475,550
1098,good,60,950,984
1099,bad,36,300,1012
1100,good,48,900,1039
1101,good,48,650,650
1102,good,12,400,790
1103,good,60,1600,1600
1104,good,60,1500,1615
1105,good,60,1000,1450
1106,good,36,500,635
1107,bad,60,1400,1411
1108,good,60,2000,2250
1109,bad,48,1000,1260
1110,good,60,1500,1594
1111,bad,36,490,690
1112,good,36,900,1139
1113,good,48,1390,1390
1114,good,60,1000,1671
1117,good,60,1100,1172
1118,good,60,1000,1331
1119,bad,24,1200,2257
1120,bad,60,1400,1475
1121,bad,36,1200,2140
1122,good,48,1250,1365
1123,bad,48,860,970
1124,good,60,600,1264
1125,good,60,1000,1104
1126,good,48,750,1128
1127,good,36,900,1717
1128,good,36,350,1426
1129,bad,60,600,790
1131,good,60,1100,1380
1132,bad,60,700,719
1134,good,60,1100,1240
1135,bad,24,1150,1586
1137,bad,60,850,1149
1138,bad,60,1600,1912
1139,bad,60,1500,1813
1140,bad,36,300,550
1141,good,60,1080,1428
1142,good,60,700,2273
1143,good,36,950,1000
1145,good,48,600,927
1146,good,36,350,800
1147,good,48,1000,1062
1148,good,48,680,1350
1149,bad,36,450,615
1150,good,12,1000,1931
1151,good,36,1000,1100
1153,bad,36,650,750
1154,good,24,800,1465
1155,good,24,500,1321
1157,good,36,1500,2588
1158,good,60,950,1184
1159,bad,36,400,700
1160,good,60,650,1200
1161,good,60,500,625
1162,bad,36,1200,1881
1163,good,60,1800,1807
1165,good,60,1650,1800
1166,good,36,1000,2343
1167,good,48,1400,1689
1168,bad,48,984,984
1169,good,6,200,1566
1170,good,60,1400,1833
1172,bad,48,900,1127
1173,bad,48,1000,1093
1174,good,36,900,900
1176,bad,48,480,1910
1177,bad,36,1050,1493
1178,bad,60,700,819
1179,good,60,1500,1703
1180,good,36,600,1461
1181,good,60,1400,1763
1183,good,36,400,1700
1184,good,60,1300,1661
1185,good,60,850,1150
1186,good,12,800,1602
1187,good,48,1150,1528
1189,good,60,800,932
1190,bad,60,1400,1430
1191,good,36,1000,1615
1192,bad,48,1520,1670
1193,good,60,1850,1890
1195,good,18,200,2225
1197,good,36,650,1852
1198,bad,60,2000,2050
1199,good,36,700,700
1200,good,60,1500,1540
1201,good,48,978,1338
1202,good,60,1000,1209
1203,good,60,800,1137
1204,bad,36,800,1000
1205,good,12,300,700
1206,good,60,1090,1565
1207,good,60,600,864
1208,good,60,1100,1477
1211,good,60,750,850
1213,bad,60,1500,1500
1214,good,48,300,1336
1215,good,36,525,525
1216,bad,60,2000,2675
1217,good,60,1090,1190
1218,good,24,800,1606
1219,good,36,1000,2159
1220,good,60,1600,2344
1221,good,60,1600,2200
1222,good,60,1300,2147
1224,good,12,500,1732
1225,good,36,700,1258
1227,good,24,500,1600
1229,bad,60,1060,1134
1232,good,48,1900,2100
1233,good,60,1150,1640
1234,good,48,1100,1299
1235,good,36,1100,1385
1237,good,60,1660,2419
1238,good,36,600,994
1239,bad,60,600,1364
1240,good,48,1300,2400
1241,good,60,1000,1120
1242,good,36,350,400
1243,bad,60,900,1111
1244,good,24,1000,2420
1245,good,60,835,1356
1246,bad,60,1500,1600
1247,good,24,325,450
1248,good,60,1100,1129
1250,bad,60,500,1300
1251,good,60,1250,1763
1253,good,60,1370,1714
1254,good,36,775,1050
1255,bad,48,700,814
1257,bad,60,1450,1686
1261,good,60,1150,1163
1263,good,60,900,1175
1264,good,12,400,1198
1266,good,48,1200,1426
1268,bad,48,1900,1900
1269,bad,60,1550,1570
1270,good,60,1200,1450
1271,good,48,360,363
1273,good,36,625,921
1274,bad,60,1570,1575
1275,good,48,700,1386
1276,good,48,1200,1531
1277,good,24,250,355
1280,bad,60,1500,2262
1281,good,60,1000,1055
1283,bad,60,1000,1077
1284,good,36,750,1296
1285,bad,36,600,800
1286,bad,60,1800,2015
1287,good,18,450,997
1288,bad,24,700,950
1289,bad,60,2047,2946
1290,good,60,1300,1333
1291,good,36,750,850
1292,good,30,520,690
1293,bad,36,775,875
1294,good,36,400,872
1297,bad,60,500,827
1298,bad,36,1000,1150
1299,good,24,1550,1760
1300,good,48,1150,1485
1301,good,60,1300,1435
1302,bad,36,2375,2875
1303,good,36,1000,2100
1304,good,24,250,450
1305,good,60,1000,1548
1306,good,24,125,125
1307,good,48,1200,1538
1308,good,36,3800,5852
1310,bad,60,2000,2676
1311,good,12,600,1638
1312,good,60,900,994
1313,good,36,700,1090
1314,bad,60,1400,1432
1315,good,60,1200,1599
1316,bad,36,2100,2758
1317,good,60,1300,1700
1318,bad,60,1000,1245
1320,good,60,1450,1593
1321,bad,60,3900,4812
1322,good,60,950,1152
1323,good,24,700,900
1324,bad,36,500,646
1325,good,60,1000,1209
1326,good,36,1050,1258
1327,good,18,500,1531
1328,good,12,200,1240
1329,good,48,1000,1210
1330,good,60,1030,1068
1331,good,36,375,375
1333,good,24,500,1400
1334,good,18,600,1132
1335,good,60,860,959
1338,good,42,1400,1700
1339,good,60,850,1033
1340,good,12,600,1683
1341,good,18,900,2040
1342,good,60,1300,1804
1343,good,48,1500,2155
1344,good,60,2000,3400
1345,good,36,380,490
1346,bad,48,750,1350
1347,good,48,1150,1575
1350,bad,36,850,870
1352,bad,48,900,1061
1353,good,48,2000,3650
1354,good,48,1000,1051
1356,good,48,1990,2460
1358,good,36,300,500
1359,good,12,380,1308
1361,good,12,700,1420
1362,bad,60,1450,1604
1363,good,54,1650,1800
1364,good,48,1030,1128
1365,good,48,1000,1091
1366,bad,48,1500,1853
1367,bad,36,300,480
1368,good,60,1300,1817
1369,good,60,1275,1381
1372,good,48,1100,1498
1373,good,36,600,1314
1374,good,36,1000,2275
1375,bad,36,1000,1350
1376,bad,36,600,745
1377,good,48,1150,1156
1378,good,60,1100,1683
1379,good,36,525,800
1380,good,60,900,1399
1381,good,48,1200,1796
1382,bad,48,1300,2262
1383,good,60,1300,1625
1384,bad,42,1200,1616
1385,good,12,100,1492
1386,good,60,1900,2150
1389,good,42,800,1450
1390,good,36,1000,1725
1392,good,24,1000,1489
1394,good,60,1000,1156
1396,good,60,1100,1700
1397,good,48,1300,1627
1398,good,60,1250,1300
1400,good,18,450,1437
1401,bad,48,1100,2120
1402,good,24,580,923
1403,bad,60,1000,1161
1405,good,48,1100,1660
1406,good,60,1060,1274
1407,good,42,1100,1729
1408,good,36,700,800
1409,good,12,400,1432
1410,bad,48,1000,1930
1411,bad,36,1000,1193
1412,good,48,1400,1728
1413,good,60,1150,1301
1414,good,48,1000,1198
1415,good,36,1000,1690
1416,good,60,1035,1709
1417,bad,60,1650,1861
1418,good,60,1000,1314
1419,good,24,450,1472
1420,good,36,300,1890
1421,good,36,1200,1702
1422,bad,48,1400,1968
1423,bad,60,1600,1786
1425,good,36,1000,1152
1427,good,24,600,1080
1428,good,48,1300,1501
1429,bad,60,1000,1110
1430,bad,60,1570,1914
1431,good,60,1000,1537
1432,bad,48,400,1751
1433,good,24,800,1197
1434,good,36,500,670
1435,bad,36,600,785
1436,good,60,1450,1457
1437,bad,36,500,1050
1439,good,48,1170,1297
1440,good,60,1400,1460
1441,good,36,400,1908
1443,good,60,625,1083
1444,good,18,700,1073
1445,good,60,800,860
1448,good,60,1100,1150
1449,good,18,300,450
1450,good,60,1000,1688
1452,bad,36,500,1100
1453,good,42,800,1687
1454,good,48,1640,1649
1456,good,12,300,1056
1458,bad,48,1300,1600
1459,good,48,350,1511
1460,good,36,1950,2074
1461,good,60,450,911
1462,bad,36,500,700
1463,good,24,500,974
1464,bad,12,300,500
1465,bad,36,2100,2300
1466,good,60,1175,1375
1469,good,60,1150,1850
1470,good,48,1300,1561
1471,bad,60,1300,1510
1472,bad,60,1580,1756
1473,bad,60,1400,1420
1474,bad,48,1050,1238
1475,bad,36,775,850
1476,bad,60,1030,1170
1477,good,60,1500,1856
1478,bad,60,1400,1703
1479,bad,60,1300,1795
1480,good,36,2000,2961
1481,good,36,1000,1426
1482,good,24,800,1472
1483,good,60,1200,1670
1484,bad,60,900,1777
1486,bad,60,1300,1588
1488,bad,60,870,875
1489,good,48,770,872
1490,good,48,1300,1410
1491,bad,60,1000,1055
1492,good,30,850,2243
1494,good,36,475,800
1495,bad,60,1400,1702
1496,good,48,1100,2080
1497,good,60,610,1027
1499,good,48,1600,2078
1500,bad,48,900,1312
1501,bad,60,1400,1847
1502,good,36,800,1158
1503,bad,48,1500,2977
1504,bad,24,175,300
1505,bad,60,900,1056
1506,good,48,460,1589
1507,good,48,1000,1698
1508,good,12,250,1000
1509,bad,60,1000,1310
1512,good,60,700,1700
1513,good,36,950,1566
1514,good,60,1200,1731
1515,good,42,750,830
1516,good,36,1900,2200
1517,good,48,1150,1348
1519,good,48,1450,1769
1520,good,48,1350,1819
1521,good,48,500,862
1522,bad,60,1175,1800
1523,bad,60,1900,2530
1524,bad,36,690,790
1525,good,18,800,1717
1526,good,24,600,950
1528,bad,36,500,525
1530,good,60,800,1235
1531,bad,60,850,1104
1532,good,12,1800,2309
1533,bad,60,1600,1815
1535,good,60,1500,1531
1536,good,60,1150,1230
1537,bad,48,1000,1041
1538,good,30,500,635
1539,good,24,400,1224
1540,bad,36,1000,1905
1542,bad,60,1300,1350
1543,good,36,550,700
1544,good,48,1300,1495
1545,bad,60,1700,2329
1546,good,36,900,943
1547,good,30,700,1460
1548,good,48,700,1703
1549,good,24,400,1195
1550,bad,60,1250,1442
1551,bad,60,1100,1340
1553,good,60,1450,1564
1554,bad,60,1540,1770
1555,bad,36,400,882
1556,good,36,1000,1187
1557,good,48,1000,1000
1558,good,36,600,675
1559,good,36,430,1132
1560,bad,60,480,1481
1561,good,60,1250,1350
1562,bad,48,2000,2397
1564,good,48,800,1137
1566,bad,36,450,450
1568,bad,48,1300,1582
1570,good,60,1500,1525
1571,bad,60,1500,1600
1574,bad,48,1650,1679
1576,bad,48,1100,1729
1577,bad,60,1100,1260
1579,bad,12,675,1387
1581,bad,48,1450,1610
1582,bad,48,1200,1215
1583,good,60,1170,1398
1584,bad,36,450,625
1585,good,60,900,1200
1587,good,12,1000,1300
1588,good,48,1200,1450
1589,good,60,1100,1134
1590,bad,36,375,575
1591,good,60,1000,1230
1592,good,36,1600,2122
1593,bad,48,1100,1335
1594,good,36,1000,1818
1595,bad,60,1150,1565
1596,bad,60,750,936
1597,bad,48,1000,1603
1601,bad,36,2500,3350
1602,good,60,1600,1739
1603,good,60,1300,1785
1604,good,60,1250,1549
1605,good,12,1250,1721
1608,good,60,950,1050
1609,good,36,500,1686
1610,good,24,1800,3669
1611,good,36,1000,1155
1612,bad,60,1400,1490
1613,good,36,1000,1597
1614,good,36,700,1100
1616,good,48,1000,3313
1617,bad,60,1400,1496
1618,bad,36,500,500
1619,good,36,1000,2335
1620,bad,36,375,500
1622,good,48,800,1210
1623,bad,48,1300,2058
1624,good,60,1500,2659
1625,good,48,700,1054
1626,good,60,1000,1312
1628,good,48,800,889
1630,good,60,940,1379
1632,good,60,1100,1286
1635,good,24,400,500
1637,good,60,800,1373
1640,good,60,1100,1220
1641,good,24,1000,2256
1642,good,36,1510,1625
1643,bad,48,1500,1768
1644,bad,48,700,987
1645,bad,48,887,887
1646,bad,36,1300,1700
1647,good,24,1300,2063
1648,good,36,550,700
1649,bad,48,1500,1756
1650,good,48,800,1111
1651,bad,36,500,625
1652,good,48,1350,1519
1653,bad,60,2250,2850
1654,good,48,1400,1565
1656,good,48,500,600
1657,good,60,400,1244
1658,good,12,600,670
1659,bad,60,1700,2210
1660,bad,48,1200,1521
1662,bad,48,1300,1440
1663,bad,48,1870,2217
1666,good,48,740,1325
1667,good,24,600,943
1668,good,60,1400,1432
1669,bad,48,1300,1573
1670,good,48,800,1015
1671,good,30,600,1127
1672,bad,24,1300,1372
1673,good,60,1100,1519
1674,good,60,1100,1222
1676,bad,60,1500,1670
1677,good,24,1900,3088
1678,bad,60,1170,1362
1679,good,36,600,1690
1680,good,60,1100,1650
1681,good,36,1000,2355
1682,bad,60,1700,1888
1683,good,60,2180,2654
1684,good,36,1590,1597
1685,good,30,700,1054
1686,good,60,1200,1823
1687,good,48,1000,1303
1688,good,60,1700,2290
1690,good,48,700,2684
1691,good,36,425,1175
1692,good,36,1350,1406
1693,good,36,1200,2267
1694,bad,36,900,1150
1695,good,48,1000,1300
1696,bad,60,1500,1750
1697,good,36,1000,1298
1698,good,36,525,625
1699,good,60,1400,1702
1700,good,36,450,500
1702,good,60,830,1700
1703,good,48,1000,1300
1704,good,60,1400,1538
1705,good,48,1100,1200
1707,good,60,1000,1678
1708,bad,60,1400,1600
1710,good,60,1000,1297
1711,good,36,700,770
1712,bad,36,450,450
1714,good,60,1000,1147
1715,good,12,150,550
1716,good,36,800,870
1717,good,36,1000,1500
1718,good,12,1000,3081
1719,good,60,1500,1812
1720,good,24,600,1097
1721,bad,60,1465,1544
1722,bad,24,425,590
1723,good,60,1100,1563
1724,good,60,1100,1387
1725,bad,60,900,960
1726,bad,60,1350,1364
1727,bad,48,1100,1427
1728,good,36,700,875
1729,good,60,820,875
1730,good,60,2250,2250
1731,good,36,700,1693
1732,bad,60,1300,1850
1733,good,36,1400,3959
1734,good,60,1000,1627
1735,bad,60,1400,1646
1736,bad,60,1200,1503
1737,good,48,1000,1295
1738,bad,36,1220,1745
1739,good,24,200,300
1740,bad,36,1300,2276
1741,good,60,1500,2230
1743,good,48,770,1129
1744,good,48,1100,1664
1745,bad,60,1000,1142
1748,bad,42,1100,1135
1749,good,60,1200,1296
1751,good,24,350,975
1752,good,48,1250,1525
1753,bad,36,1000,1304
1755,good,60,950,1386
1756,good,60,1200,1506
1757,bad,48,1145,1145
1758,good,36,450,1388
1762,good,36,300,495
1763,good,36,560,1163
1764,good,36,350,400
1766,good,48,1200,1240
1767,good,48,550,2340
1770,good,36,1075,1631
1771,good,60,943,1018
1772,good,18,450,1678
1773,good,48,600,790
1774,bad,48,1300,1696
1775,good,60,1225,1360
1776,bad,60,1700,1700
1778,good,12,400,1202
1779,good,60,1450,1600
1780,good,60,1000,1290
1781,bad,60,1400,1557
1782,good,60,1300,1347
1783,good,36,2700,3560
1785,good,12,400,1454
1786,bad,12,1000,1844
1788,bad,60,1450,1490
1789,good,48,900,1281
1790,good,60,1310,1464
1791,good,48,900,1045
1794,bad,60,1700,1878
1795,bad,48,1550,1839
1796,good,60,1100,1100
1797,good,24,1318,1318
1798,good,36,450,680
1800,good,24,1000,2436
1801,good,18,600,1150
1802,bad,60,1800,2292
1803,good,48,1000,1429
1804,good,36,900,1125
1805,bad,60,2200,2538
1806,good,48,400,1415
1807,good,24,1650,2261
1808,good,42,1150,1397
1809,good,60,930,1135
1810,good,48,1200,1290
1811,good,36,687,687
1812,good,18,800,1017
1813,good,36,500,690
1814,good,36,700,1296
1815,good,60,2000,2240
1816,good,36,500,1400
1818,good,60,750,850
1819,good,24,1400,2060
1820,good,60,1350,1553
1821,bad,60,1300,1566
1822,good,60,600,1735
1823,good,60,1650,1816
1824,bad,60,280,855
1825,bad,60,850,882
1826,good,36,750,857
1827,bad,60,800,990
1828,good,24,250,1400
1829,good,36,400,1062
1831,good,24,370,1555
1833,good,24,600,1118
1835,good,60,1500,1878
1836,bad,60,1150,1152
1837,good,36,400,428
1838,good,36,1500,1700
1839,good,18,175,225
1841,bad,60,1530,1586
1842,good,48,1100,1298
1843,good,60,1000,1057
1844,good,48,795,1458
1847,good,60,900,996
1848,good,36,1200,1620
1849,good,48,1100,1382
1850,good,36,800,1180
1851,bad,48,1350,1518
1852,good,18,800,1615
1853,good,48,2500,2976
1854,good,36,900,1888
1855,good,60,1100,1481
1856,good,30,1086,1086
1857,good,60,1000,1594
1858,good,60,1200,2100
1860,good,60,1100,1152
1861,bad,60,1350,1743
1862,bad,60,1000,1034
1864,good,60,1300,1682
1866,good,36,1000,1688
1867,good,36,875,950
1868,good,60,1250,1391
1869,bad,36,800,1000
1870,good,24,740,2095
1871,good,24,500,1214
1872,good,48,1700,1797
1873,bad,24,700,1229
1874,good,48,1600,2075
1875,good,60,1000,1000
1876,good,60,1150,1497
1877,bad,36,550,600
1878,bad,60,2000,3467
1879,good,60,1000,1317
1880,bad,36,750,875
1881,good,60,850,1044
1882,good,60,1600,1700
1884,bad,48,660,1461
1885,good,60,1500,1519
1886,good,60,800,1177
1887,good,60,950,1164
1888,bad,18,5000,6500
1889,good,60,1250,1490
1890,good,48,800,1300
1891,good,48,1250,1550
1892,good,60,1250,1500
1893,bad,36,2100,2100
1894,bad,36,250,450
1895,bad,60,1300,1500
1896,bad,30,250,550
1897,good,60,1200,1682
1898,bad,36,800,1250
1899,good,60,1250,1668
1900,bad,60,1450,1450
1901,bad,60,1100,1300
1902,good,12,500,1909
1903,bad,48,1300,1491
1904,bad,60,1350,1427
1905,good,60,1660,1838
1906,good,48,1000,1400
1907,good,36,1000,1300
1908,good,18,700,2243
1910,good,36,600,940
1911,good,12,400,1127
1912,good,36,1000,1300
1913,good,36,1400,2438
1914,good,60,750,829
1915,bad,48,1200,1366
1916,bad,60,1150,1297
1917,good,60,1350,1498
1919,good,60,1500,1813
1921,bad,48,800,1566
1922,bad,60,850,996
1923,good,24,500,788
1926,good,48,1085,1736
1927,good,12,500,1504
1928,good,12,200,1156
1929,bad,60,1400,1850
1930,good,48,1000,1301
1931,good,24,1000,1588
1932,good,48,700,1100
1933,good,54,500,1116
1934,good,36,1740,2340
1935,good,60,1245,1503
1936,bad,48,1500,1637
1938,good,6,500,1825
1939,good,36,800,960
1940,good,60,700,1504
1941,bad,48,1800,1809
1942,bad,60,1900,2260
1943,bad,12,350,999
1945,good,36,500,550
1946,good,18,600,1850
1947,good,36,800,800
1948,good,6,800,1804
1949,good,60,1400,2099
1950,good,36,800,2200
1952,good,12,500,1500
1953,good,12,300,850
1954,bad,60,1500,1537
1956,bad,36,675,775
1957,bad,48,600,700
1958,good,24,750,1705
1959,good,36,600,848
1960,bad,60,1200,1380
1961,good,48,1700,2481
1963,good,36,550,590
1964,good,12,350,350
1965,bad,48,1250,1757
1966,good,60,1100,1378
1968,good,36,800,1151
1970,good,24,350,1097
1971,bad,60,600,847
1974,bad,36,1500,4500
1975,bad,48,1400,1463
1976,good,60,1350,1610
1977,good,48,750,797
1979,good,48,2000,2284
1980,good,60,1350,1445
1981,good,60,1250,1455
1982,good,48,900,1204
1985,good,60,1600,1796
1986,good,60,1500,1558
1988,bad,36,800,950
1990,bad,36,500,800
1991,good,36,350,450
1992,good,42,1300,1683
1993,bad,48,1500,1575
1994,good,60,700,873
1996,good,36,750,900
1999,good,48,750,1431
2000,good,36,1200,1397
2001,bad,36,1000,1800
2003,good,12,1000,2000
2005,bad,60,2500,2664
2006,bad,48,1100,1100
2007,good,60,1050,1490
2009,good,48,1200,1483
2010,good,60,1300,1681
2011,good,36,700,850
2012,good,48,1450,1474
2013,good,60,1350,1729
2014,good,36,600,1604
2015,bad,60,1300,1450
2016,bad,60,400,790
2017,good,36,600,900
2019,good,24,1150,2244
2020,good,48,1600,1856
2021,bad,60,800,949
2022,bad,60,850,930
2023,bad,36,600,1415
2024,good,36,600,1206
2025,good,60,900,1500
2026,good,30,775,1100
2027,good,60,800,1246
2028,good,36,1000,1387
2029,good,60,750,856
2030,good,12,500,1595
2032,bad,60,1500,1648
2033,bad,24,1750,2038
2034,good,24,350,350
2035,good,36,450,550
2036,good,36,625,725
2037,bad,60,1700,1700
2038,bad,36,1000,1600
2039,good,60,1300,1409
2041,good,60,700,2061
2042,good,48,1100,1537
2043,good,60,1550,1657
2044,good,36,700,1400
2045,good,24,2000,3400
2046,good,60,1650,1800
2047,good,36,1000,2050
2048,good,36,500,1135
2050,good,60,1100,1263
2051,good,36,600,2467
2053,good,60,950,1175
2054,good,36,600,1180
2055,bad,60,1500,1967
2056,good,60,800,1200
2057,bad,60,1450,1450
2060,good,60,800,1293
2062,bad,60,1250,1742
2063,good,12,800,2335
2064,good,12,1350,1612
2065,bad,48,1200,1410
2066,good,48,1550,2294
2067,good,36,500,1600
2070,good,24,325,1365
2071,bad,24,450,600
2072,good,60,500,1205
2074,bad,48,1100,1376
2075,good,48,1150,1400
2076,good,60,1070,1172
2078,bad,30,1200,1426
2079,bad,60,1750,1750
2080,good,60,1300,1648
2081,bad,60,2500,2860
2082,bad,60,2000,2220
2083,bad,48,2000,2580
2084,good,24,1000,1751
2086,good,36,800,1762
2087,good,60,1800,2218
2090,good,36,1000,1831
2091,good,48,900,1041
2093,bad,48,900,1022
2095,good,48,350,1526
2096,good,36,1000,1888
2097,good,60,1600,1852
2098,good,36,700,1018
2099,good,60,1000,1300
2100,good,36,300,850
2103,good,36,1400,1568
2104,good,36,2500,2700
2105,good,24,983,1200
2106,good,18,500,2071
2108,bad,60,1100,1297
2109,good,36,600,690
2110,bad,48,2000,2196
2111,bad,60,1800,1979
2112,good,48,1450,1698
2114,good,48,1000,1575
2115,good,60,1500,2360
2116,bad,60,1000,1026
2117,good,60,1600,1661
2119,good,30,500,1634
2120,good,60,1150,1683
2122,good,36,800,1054
2123,good,48,850,1344
2124,good,60,1250,1301
2125,good,36,700,1338
2126,good,36,1100,1489
2127,good,60,1000,1568
2129,good,48,650,869
2130,bad,48,1100,1409
2131,bad,60,1650,2200
2132,good,60,1200,1541
2133,good,60,750,997
2134,good,36,1400,1705
2135,good,24,1600,4200
2136,bad,60,750,784
2137,good,48,1000,1541
2138,bad,36,900,975
2139,good,36,450,575
2140,bad,60,1350,1520
2141,good,60,550,2055
2142,good,60,1000,1656
2143,good,36,275,300
2145,bad,36,400,425
2146,bad,48,1575,1702
2147,good,48,660,933
2149,good,60,1450,2009
2150,good,36,500,600
2151,bad,60,2700,3700
2153,bad,36,950,950
2155,bad,60,1600,1759
2156,good,48,1420,1595
2157,good,48,1250,1484
2158,good,60,1100,2035
2159,good,36,950,1339
2160,good,60,1400,1675
2161,good,24,1500,2070
2162,good,60,600,1400
2163,good,36,400,450
2164,good,60,960,960
2165,good,18,280,434
2167,good,36,600,980
2168,good,60,1000,2300
2170,good,60,1500,1736
2171,good,48,700,1100
2172,bad,12,225,375
2173,good,60,500,1418
2174,bad,36,800,1165
2175,good,36,910,1128
2176,bad,36,1000,1200
2178,bad,48,1350,1357
2179,good,60,1330,1935
2180,good,36,550,850
2181,good,60,1200,1661
2182,bad,30,500,650
2183,good,48,1100,1487
2184,good,12,550,800
2185,bad,36,500,715
2187,good,48,1195,1244
2189,good,48,1300,2094
2191,good,24,325,425
2193,good,60,930,955
2194,bad,48,1800,2196
2195,bad,48,900,975
2196,good,60,800,1054
2197,good,48,1400,1635
2198,good,48,1300,1700
2199,good,60,1500,1645
2200,bad,60,2000,2700
2202,good,60,1500,1797
2206,bad,36,500,1350
2207,bad,60,1140,1461
2208,bad,36,450,550
2209,good,24,700,1299
2210,good,48,400,1195
2211,good,60,1000,1350
2212,good,36,700,1553
2213,bad,60,1400,1996
2214,good,24,600,1589
2215,bad,60,1000,1067
2216,bad,48,700,975
2218,good,60,1600,1682
2219,bad,60,750,1302
2220,good,60,1050,1383
2221,good,48,1000,1300
2222,bad,12,190,693
2223,bad,30,450,500
2225,good,60,1250,1400
2226,good,36,780,1785
2227,good,48,660,933
2228,bad,24,1000,1795
2229,good,48,1320,1600
2230,good,48,950,1290
2231,good,60,870,979
2232,good,48,800,1651
2233,good,36,600,650
2234,good,48,900,980
2235,good,36,700,795
2236,good,60,2900,4600
2237,good,48,1575,2082
2238,good,60,1400,1461
2239,good,60,1000,1140
2240,good,60,1400,1531
2241,bad,60,900,1286
2242,good,60,1050,1190
2244,good,60,1500,1800
2245,good,60,1200,1271
2246,good,24,1000,1923
2247,good,12,200,431
2248,bad,24,500,650
2249,good,60,1800,2450
2250,good,36,975,1576
2251,good,36,1100,1460
2252,good,36,1000,1310
2254,good,24,700,1461
2255,good,48,800,900
2256,good,48,1600,1661
2257,good,60,1300,1525
2259,bad,60,1500,1702
2261,good,48,800,1218
2262,bad,60,1600,1601
2264,good,60,900,1014
2265,good,48,1700,2437
2266,good,60,1600,1700
2267,good,36,1100,1897
2268,good,24,350,1158
2269,good,48,850,1000
2270,good,24,900,1635
2271,good,48,1280,1879
2273,bad,36,700,900
2276,good,60,1500,2250
2277,bad,24,250,250
2279,bad,48,1000,1100
2280,good,48,500,800
2281,good,48,1180,1442
2283,good,12,500,1230
2284,good,48,750,954
2285,good,24,800,1230
2286,good,6,500,1402
2287,bad,60,2050,2050
2288,good,60,850,1618
2289,bad,60,1500,1912
2290,bad,60,1250,1600
2291,good,36,600,850
2292,good,36,525,800
2293,good,60,1400,2035
2295,good,60,650,1584
2296,bad,18,300,400
2297,good,36,1000,1670
2298,good,60,1200,1823
2299,bad,48,150,816
2300,bad,48,1650,2165
2301,bad,60,850,884
2302,good,12,400,1531
2303,good,48,1250,1650
2304,bad,60,1000,1248
2305,good,48,1100,2500
2306,good,36,500,1288
2307,bad,36,600,750
2309,good,48,880,882
2311,bad,48,1070,1378
2312,good,12,400,2575
2313,good,60,1350,1442
2314,good,36,700,1300
2315,good,60,1000,1252
2316,good,60,800,1517
2317,good,36,900,1501
2318,bad,36,800,800
2319,good,48,1000,1242
2320,bad,60,1250,1293
2321,good,48,1200,1952
2322,bad,36,375,375
2323,good,42,1000,1900
2324,good,60,1000,1163
2325,good,60,1000,1206
2327,good,48,1000,1560
2328,good,36,1000,1204
2331,good,36,1000,1440
2332,good,24,600,1243
2333,bad,48,1300,1608
2334,good,60,1500,2600
2335,good,30,600,850
2336,good,60,850,1105
2337,good,60,1100,1388
2338,bad,60,1618,1618
2339,good,18,350,1236
2340,good,36,700,1631
2341,good,60,1870,2622
2342,good,60,1100,1738
2343,good,60,1300,1579
2344,good,48,1100,1192
2345,bad,36,400,525
2346,good,36,400,935
2347,good,24,400,1100
2349,good,60,1400,1640
2350,good,60,900,1436
2351,good,60,900,1700
2352,bad,60,949,949
2353,bad,60,1200,1476
2354,good,60,1020,1648
2355,bad,60,1100,1131
2356,good,48,1000,1350
2357,good,24,500,2070
2358,good,48,750,1590
2361,good,48,1200,1636
2362,good,18,600,925
2364,bad,48,1800,2417
2366,good,24,350,400
2370,good,60,1500,2730
2371,good,60,800,994
2372,good,48,700,1172
2373,good,36,1000,1364
2375,good,54,850,1050
2376,good,60,900,1430
2377,bad,36,900,1000
2378,good,36,800,1600
2379,good,36,500,1472
2380,bad,36,2000,2300
2381,good,48,1200,2472
2382,bad,48,900,1300
2384,bad,60,4000,6700
2385,good,36,500,1026
2386,good,60,1500,1531
2388,good,36,1500,2000
2389,good,24,590,894
2390,good,36,350,950
2391,good,60,850,1213
2394,bad,60,800,865
2395,good,60,2000,2086
2396,good,24,1000,1603
2397,good,12,900,2327
2398,bad,36,1450,1500
2399,good,36,550,999
2401,good,48,500,980
2402,good,12,700,1568
2403,good,60,1000,1297
2404,good,12,200,1338
2405,bad,48,1000,1492
2406,good,60,900,1082
2407,bad,24,500,640
2408,good,60,1100,1670
2409,bad,60,1400,1410
2412,good,36,500,1531
2413,bad,60,1400,1612
2414,good,36,1500,2050
2415,bad,60,1200,1457
2416,bad,36,1300,1813
2418,good,60,1550,1850
2419,good,24,600,1350
2420,good,60,950,1169
2421,good,60,1450,1575
2422,good,36,965,1265
2423,bad,60,1450,1657
2424,good,60,1400,1714
2425,bad,48,1140,1143
2426,good,24,550,1319
2427,good,24,480,620
2430,good,18,500,1727
2432,bad,36,1200,1730
2433,good,36,400,1661
2435,good,60,1600,1647
2438,good,48,1000,1641
2440,good,36,1000,2223
2441,good,60,1450,1970
2442,good,60,1000,1097
2443,bad,48,1500,1637
2445,good,42,200,829
2447,bad,60,1700,1777
2448,good,60,1250,1461
2449,bad,30,800,1452
2450,good,48,1100,1467
2451,good,48,400,975
2452,bad,36,1300,1736
2453,bad,36,2000,2500
2454,bad,36,650,975
2455,bad,60,2400,2500
2456,good,36,900,1210
2457,good,48,650,824
2459,good,24,700,982
2460,good,48,1000,1189
2461,bad,60,700,969
2462,good,36,1050,1055
2463,bad,60,2000,2250
2464,good,36,900,1150
2465,good,36,775,925
2466,good,36,1000,1243
2468,good,48,825,1661
2469,bad,48,850,1053
2470,good,36,3875,5175
2471,good,48,1200,1590
2473,good,60,1000,1844
2474,good,60,1500,1671
2475,bad,36,1000,1620
2476,good,60,1350,1496
2477,good,48,700,940
2478,good,48,700,1580
2479,good,36,1400,1490
2480,good,60,1350,1609
2481,good,48,1000,1777
2482,bad,60,1250,1250
2484,bad,60,600,1690
2485,good,60,1000,1353
2486,good,36,250,1341
2487,good,48,1000,1409
2488,good,48,1300,1852
2489,bad,24,290,490
2491,bad,24,750,1192
2492,bad,60,1100,1139
2493,good,60,900,1092
2495,good,36,500,1017
2496,good,60,1600,1601
2497,good,60,800,1032
2498,good,60,600,1661
2499,good,18,850,1400
2502,bad,36,300,365
2504,good,24,650,1356
2505,bad,18,200,300
2506,good,24,350,865
2507,good,24,600,2143
2508,good,24,625,725
2509,bad,60,1200,1300
2510,good,60,725,1460
2511,good,30,700,1804
2512,good,36,1700,2450
2513,good,48,1200,1505
2514,good,60,1500,1850
2515,bad,36,800,1300
2516,good,60,1050,1348
2517,good,60,1400,1490
2518,good,60,900,950
2519,good,36,1500,2700
2520,good,60,1300,1743
2521,good,60,1100,1628
2522,good,60,1090,1491
2523,bad,24,500,975
2524,bad,48,1200,1668
2525,bad,60,600,790
2526,good,60,1000,3300
2527,good,48,900,1300
2528,good,54,740,989
2529,good,60,1700,1719
2530,good,48,1000,1350
2531,good,60,1000,1100
2532,good,6,200,2179
2534,good,48,1100,1650
2535,bad,60,1800,2101
2536,good,48,900,1097
2537,good,36,475,475
2538,good,60,1100,1668
2539,good,48,600,1680
2540,good,60,730,1070
2541,bad,24,1897,2517
2542,good,54,1700,1957
2543,good,42,700,950
2544,good,36,525,525
2545,good,60,1500,1740
2546,good,30,600,1200
2548,good,48,1500,1689
2549,good,36,1100,1288
2550,good,60,1000,1000
2552,bad,48,980,2981
2553,good,60,1500,1600
2554,good,60,1100,1472
2555,good,60,1250,1525
2556,good,60,1150,1715
2557,good,60,2000,4904
2558,good,48,1150,1379
2559,bad,48,1200,1530
2560,good,36,900,1596
2561,good,48,650,650
2562,good,36,1400,1850
2563,good,60,1300,1310
2564,good,48,1100,1487
2565,good,60,1500,1737
2568,good,48,1300,1450
2569,good,60,1100,1324
2570,good,6,1100,2235
2573,good,48,1170,1372
2574,bad,24,550,550
2575,good,48,1200,1450
2576,good,60,1400,1423
2578,good,60,1050,1214
2579,bad,60,700,1250
2581,good,48,1000,1383
2582,good,48,500,1997
2583,good,48,1100,1200
2584,good,48,600,900
2586,good,24,450,530
2587,bad,60,1200,1500
2588,good,48,1500,1788
2590,bad,36,250,350
2592,good,60,800,982
2593,bad,60,1300,1540
2594,bad,60,1050,1158
2595,good,48,1200,1700
2596,good,36,1100,1876
2597,good,24,250,400
2598,good,60,1300,1400
2599,bad,48,650,722
2600,good,60,1200,1515
2601,bad,48,1200,1487
2603,good,36,1200,2050
2604,bad,60,1600,2222
2605,good,60,1100,1338
2606,good,36,700,1380
2607,bad,36,400,400
2608,good,48,1300,1588
2609,bad,60,650,865
2610,good,48,700,1702
2611,good,60,900,1158
2612,good,36,900,1607
2613,good,36,1000,2318
2614,good,60,1450,1786
2616,good,36,600,1580
2617,bad,60,1200,1445
2618,bad,60,700,1738
2619,good,24,1200,2676
2620,bad,36,800,975
2621,good,36,800,1150
2622,good,48,1300,1763
2623,good,48,800,1694
2624,good,6,500,1196
2626,bad,60,1500,1743
2627,good,48,2300,2750
2628,bad,36,225,350
2629,bad,36,1200,1619
2630,good,60,700,1465
2631,good,60,316,1080
2632,good,48,2300,2936
2633,good,60,1000,1056
2634,good,48,1000,1387
2635,good,36,400,450
2636,good,60,1200,1609
2637,bad,24,200,2000
2638,good,12,1000,2997
2639,good,36,2800,4400
2640,good,36,750,1366
2641,good,48,1100,1358
2642,good,60,1500,2038
2643,good,48,600,1243
2644,bad,60,1600,1800
2645,bad,48,1000,1135
2646,bad,60,1300,1321
2647,bad,24,1300,2099
2648,good,12,700,1100
2649,good,60,1400,1601
2650,good,60,1000,1346
2651,good,48,775,950
2652,good,24,500,2700
2653,good,60,1435,1875
2654,good,12,500,1253
2655,good,36,850,1334
2656,good,48,800,847
2657,good,60,1350,1550
2658,good,60,1200,1323
2659,good,60,1300,2060
2660,bad,24,800,1750
2661,good,48,850,928
2662,bad,36,1800,2800
2663,bad,60,1400,2079
2664,good,36,600,1100
2665,good,60,1000,1303
2666,good,60,1000,1338
2667,good,48,1250,2040
2668,bad,60,1500,1813
2669,good,36,575,1075
2671,good,60,1000,1349
2672,good,36,800,1000
2673,good,18,500,1364
2674,good,60,1000,1500
2675,good,60,1200,1214
2676,bad,36,1600,2000
2677,bad,6,760,768
2678,good,60,1700,1847
2680,bad,60,1300,1511
2681,bad,60,750,790
2682,good,48,1350,1500
2685,good,60,1332,1332
2686,bad,36,1000,1613
2688,good,42,800,1400
2689,good,60,1350,2006
2690,bad,48,750,1720
2691,good,48,1230,1515
2692,good,30,1200,1531
2693,bad,48,890,890
2694,good,60,1200,1503
2695,good,24,600,750
2696,bad,48,1200,1800
2697,good,36,1000,1912
2698,good,48,1200,1385
2699,good,60,1000,11140
2700,good,48,1100,1370
2701,good,60,1350,1423
2702,bad,60,1500,1599
2703,good,60,1550,2100
2704,good,24,300,600
2705,good,24,100,560
2707,good,60,700,925
2708,bad,60,1200,1830
2709,good,60,1400,1581
2710,bad,60,1000,1189
2711,bad,48,550,818
2712,good,36,475,550
2716,good,48,1200,1642
2719,good,60,1800,1888
2720,good,36,1200,1974
2721,good,48,1000,1643
2722,bad,60,800,1084
2723,bad,36,500,615
2724,good,24,500,1490
2725,bad,48,1000,1843
2726,bad,60,1805,1805
2727,good,60,600,1625
2728,good,48,944,1054
2729,good,60,1500,2738
2730,good,36,750,1092
2731,good,24,800,1081
2732,good,48,1000,1284
2734,good,60,1300,1665
2735,good,48,1050,1317
2736,good,60,1000,1200
2737,good,48,850,1400
2738,good,60,1500,1889
2739,good,30,600,1293
2740,good,60,750,1546
2741,good,12,500,1342
2742,good,36,400,1084
2743,good,24,900,931
2744,bad,48,600,1258
2746,good,60,1000,1000
2748,good,30,500,1661
2749,bad,60,1200,1451
2750,good,60,1350,1650
2751,good,48,1000,1226
2753,bad,60,1388,1388
2754,good,60,1600,1776
2755,good,36,1000,1734
2757,bad,36,250,750
2759,good,36,650,1601
2760,good,60,1600,1707
2761,good,60,850,863
2762,good,60,850,880
2763,bad,36,900,1200
2764,good,60,1000,1388
2765,bad,48,1200,1350
2766,good,36,500,700
2767,bad,36,1100,1250
2768,good,48,1200,1302
2769,bad,60,1450,1600
2770,bad,48,950,1365
2772,good,60,3000,3569
2773,good,36,1000,2484
2775,good,6,550,2136
2776,good,48,1400,1732
2777,good,60,1000,2095
2778,good,60,1300,1309
2779,good,60,950,1610
2780,good,24,650,1370
2781,bad,60,1050,1606
2782,good,60,850,1934
2783,good,6,750,1436
2784,good,36,900,1073
2785,good,48,830,1152
2786,bad,60,1500,1635
2787,bad,60,2000,2228
2789,good,42,400,1418
2790,good,36,800,1280
2791,good,60,1000,1275
2792,good,60,1800,2091
2793,good,24,580,1380
2794,bad,36,1150,2000
2795,good,60,1600,1778
2796,good,36,600,787
2798,bad,24,175,175
2799,bad,60,1600,1911
2800,good,60,700,985
2801,good,36,1000,1172
2802,good,18,600,1290
2804,good,36,660,1212
2805,good,18,600,1661
2807,good,36,1000,1500
2808,good,60,1500,2098
2809,bad,36,1000,1600
2810,bad,36,2500,3559
2811,good,48,1000,1260
2812,good,24,500,650
2813,bad,60,1050,1372
2814,good,36,450,2050
2815,bad,36,1300,1500
2816,good,48,1600,1895
2817,good,12,500,1114
2818,good,24,800,1828
2819,bad,60,2000,2477
2821,bad,60,1800,2400
2822,good,36,800,1251
2823,good,48,1000,1587
2824,good,36,550,1546
2825,bad,60,1700,2000
2826,good,48,1450,1489
2827,bad,60,1000,1025
2828,bad,60,875,875
2829,bad,60,750,900
2831,good,60,1350,1750
2836,bad,72,1450,1516
2837,bad,36,800,800
2838,good,48,900,1178
2839,bad,48,1000,1476
2840,good,24,800,1494
2841,good,48,900,1350
2842,good,36,650,950
2843,good,12,400,1777
2844,good,36,800,1428
2845,good,36,750,1150
2846,good,36,600,1253
2847,good,60,950,1206
2848,bad,36,2500,3058
2849,bad,60,960,1031
2850,bad,48,900,1050
2851,good,6,600,1827
2852,good,60,1150,1275
2854,good,60,650,730
2855,good,48,550,1499
2856,good,36,1000,1866
2857,bad,36,325,375
2858,bad,60,1143,1143
2859,good,24,1678,1678
2860,good,48,1500,2163
2861,bad,48,1200,1442
2863,good,36,400,750
2864,good,36,715,1683
2865,good,60,1400,1780
2866,good,60,1500,2090
2867,good,48,1000,1484
2868,good,60,1250,1392
2869,good,60,1250,1401
2870,good,36,1000,1500
2871,good,48,1300,2500
2872,good,24,500,1175
2874,good,60,1000,1479
2877,good,48,880,1345
2878,good,60,1000,1731
2879,good,6,250,1500
2880,bad,36,1000,1250
2881,bad,36,1000,1851
2882,bad,36,850,1000
2883,good,36,400,800
2885,good,36,350,1389
2886,good,48,1300,1392
2887,good,18,300,400
2888,good,24,400,899
2889,good,60,1600,2478
2890,good,48,600,887
2891,bad,60,1350,1425
2893,good,48,1500,1643
2894,bad,36,1050,1342
2895,good,36,600,1418
2896,good,60,1300,1534
2897,good,36,350,555
2898,good,36,350,575
2899,good,60,1000,1537
2900,good,60,1150,1428
2901,good,36,1606,2605
2902,good,36,1000,2950
2903,good,12,1200,2130
2904,good,60,1150,1150
2906,good,60,790,1106
2907,good,36,500,800
2908,bad,48,1000,1148
2909,good,60,1550,1954
2911,good,24,1000,2200
2915,good,48,600,1320
2916,bad,60,1800,2213
2917,good,24,1000,1895
2919,good,36,1000,2188
2920,good,24,500,1505
2924,good,60,800,1560
2926,good,60,700,760
2929,bad,24,400,640
2930,good,60,1550,1612
2931,good,36,900,1221
2932,good,60,800,1484
2933,good,36,1100,1850
2934,good,48,1400,1700
2935,good,60,1250,1565
2936,good,24,500,1672
2937,good,60,700,1344
2938,good,36,1400,1444
2939,bad,36,895,895
2940,good,60,850,1251
2941,good,48,1000,1650
2942,bad,48,500,950
2943,bad,60,1500,2218
2944,bad,36,950,1300
2945,bad,48,4000,6146
2946,bad,48,200,1871
2947,good,48,800,1800
2949,bad,36,1000,1200
2950,good,36,1000,1675
2951,good,60,1100,1293
2952,good,60,1000,1200
2953,good,60,1200,1300
2954,bad,60,1150,1661
2955,good,60,1000,1850
2958,good,24,700,1250
2959,good,24,200,1147
2960,good,60,1400,1428
2961,good,60,1050,1273
2962,good,48,1400,1503
2963,good,24,680,1682
2964,good,48,1000,1530
2966,good,60,1500,2000
2967,bad,60,880,951
2969,good,60,1600,1805
2970,good,60,900,1633
2971,good,60,1230,1238
2972,good,30,1250,2166
2973,good,36,2300,3295
2976,good,48,850,1075
2977,bad,36,750,975
2978,good,24,500,1624
2979,good,48,1000,1500
2980,bad,60,750,1256
2981,good,36,1370,1717
2982,good,60,1500,2519
2983,bad,60,1200,1497
2984,good,36,800,1212
2985,bad,36,600,780
2986,good,48,1126,1631
2989,good,12,200,748
2990,good,48,1400,2475
2991,good,24,200,400
2992,good,12,1700,2963
2993,good,60,2000,2552
2994,bad,24,1000,1000
2995,good,60,1200,1415
2996,good,12,400,1361
2998,good,60,1200,1364
2999,good,60,1350,1381
3000,good,36,300,425
3001,good,36,2220,2220
3002,good,60,948,1148
3003,good,36,900,1674
3004,good,18,400,1367
3005,good,48,650,900
3006,good,24,1000,2445
3007,bad,60,2400,2599
3008,bad,24,800,1000
3009,good,60,1300,1850
3010,good,60,1300,1400
3011,good,60,950,1250
3012,bad,48,900,960
3014,good,12,900,1925
3015,good,36,500,1014
3018,bad,36,1100,2095
3019,bad,60,1400,1453
3020,bad,48,900,1178
3021,good,60,1000,1174
3022,good,36,1000,1200
3023,good,60,1400,1581
3024,bad,60,1000,1183
3026,good,48,900,1500
3027,bad,60,1270,1405
3028,good,60,1000,1034
3029,bad,18,950,1350
3030,good,36,700,1473
3031,bad,48,500,1400
3033,good,48,1600,2120
3034,good,36,1000,2050
3035,good,60,250,1092
3036,good,60,1080,1152
3037,bad,36,600,700
3038,bad,48,1600,1630
3039,good,60,1050,1351
3040,good,60,1400,1852
3041,bad,36,650,725
3042,good,48,1000,1560
3043,good,24,850,1338
3044,good,60,1150,1409
3045,good,60,1800,2208
3047,bad,60,1400,1530
3049,good,60,1200,1438
3050,bad,12,1000,1800
3051,good,48,1050,1550
3052,good,24,1000,1622
3053,good,60,1570,1671
3054,good,48,1500,1683
3056,good,24,400,1600
3057,good,36,1000,2105
3058,good,60,1100,1151
3059,good,48,500,1111
3060,good,60,1150,2100
3061,bad,12,200,1200
3062,good,36,500,1571
3063,good,60,850,1014
3064,good,60,1900,2150
3065,good,48,700,1114
3066,bad,60,1250,1316
3068,good,60,1000,1015
3069,good,60,800,899
3070,bad,48,800,800
3071,bad,60,1000,1232
3072,good,48,500,1745
3073,bad,60,1700,2136
3074,good,60,1000,1064
3075,bad,60,800,825
3076,good,60,1400,1640
3077,good,60,1370,1499
3078,bad,60,1040,1200
3079,good,60,1000,1522
3080,good,60,1300,1661
3081,good,12,240,240
3082,good,36,1000,1639
3083,good,48,1500,1784
3084,good,30,600,775
3085,good,60,700,782
3086,good,60,600,1400
3087,good,24,390,590
3088,good,48,500,1000
3090,good,60,1889,1889
3091,good,60,1000,1040
3093,good,48,1750,2047
3094,good,36,650,1158
3095,good,54,1000,1241
3096,bad,48,1650,2000
3097,good,12,800,1428
3098,good,36,650,700
3099,bad,60,2200,2387
3100,good,36,1400,1883
3101,good,60,650,900
3102,good,36,250,500
3103,good,36,1500,1650
3105,good,24,700,2995
3106,good,36,600,1135
3110,bad,48,1000,1580
3111,good,48,1100,1100
3113,good,48,1100,1464
3116,good,12,400,600
3119,good,60,1450,1626
3120,good,60,1000,1323
3121,bad,60,900,1423
3123,bad,60,1600,1600
3124,bad,60,1130,1130
3125,good,36,200,795
3126,good,48,990,995
3127,good,60,900,1612
3128,good,48,900,1221
3129,good,60,1500,1500
3130,bad,36,650,650
3132,bad,48,4000,4769
3135,bad,60,1500,1892
3136,good,60,2000,2312
3137,good,48,1300,2700
3138,good,36,700,850
3139,good,24,225,525
3142,bad,60,2000,2221
3143,good,48,500,964
3144,good,48,750,940
3145,good,24,500,1875
3146,bad,60,1200,1383
3147,good,48,900,1246
3148,good,60,1350,1520
3149,good,48,1450,2255
3150,good,60,1150,1579
3151,good,60,970,1270
3152,good,48,800,1450
3153,good,24,400,1138
3154,good,36,400,470
3155,bad,36,800,875
3156,good,18,250,542
3159,good,48,1000,1259
3160,good,12,200,850
3161,good,60,1190,1190
3162,bad,36,1300,1450
3164,good,12,475,1080
3166,bad,18,200,400
3167,good,60,1795,1795
3168,good,36,700,1360
3169,good,30,250,1287
3170,good,48,1000,1541
3171,good,60,1650,1673
3173,good,48,750,768
3174,bad,18,375,475
3175,good,60,900,1249
3176,good,48,500,1678
3178,bad,42,2000,2516
3179,good,48,1000,1404
3181,good,36,400,750
3182,bad,60,1300,1673
3183,bad,36,500,700
3184,good,36,850,862
3185,bad,60,1000,1189
3186,good,60,1400,1643
3187,bad,60,1000,1197
3190,good,24,850,1340
3191,good,36,600,1549
3192,good,60,1400,1423
3193,bad,60,2000,2200
3195,good,60,450,1298
3196,good,60,1300,1572
3197,good,24,800,2333
3198,good,60,1500,1785
3199,good,36,1400,1500
3200,good,48,1100,2111
3201,good,24,400,1100
3202,good,60,1300,1595
3203,good,60,1250,1250
3204,bad,48,1400,1958
3205,good,24,1000,2348
3206,good,60,1400,1526
3207,bad,60,1385,1385
3208,good,12,1000,1862
3209,good,48,1000,1300
3210,bad,60,1750,2200
3211,bad,36,700,1100
3212,good,60,1350,1428
3213,good,60,1100,1347
3214,good,48,300,1107
3215,good,60,1500,1661
3216,bad,48,1900,2150
3217,good,60,1200,1820
3218,good,36,800,800
3221,bad,60,1100,1243
3222,bad,24,900,1059
3223,bad,36,850,1418
3225,good,60,1800,2400
3226,good,60,1200,1550
3228,good,48,820,1323
3229,good,48,1050,1429
3230,bad,24,1700,2800
3231,good,36,500,1536
3232,good,60,1200,1650
3233,good,36,350,385
3235,good,36,800,1615
3236,good,36,450,1490
3239,good,60,1575,1611
3240,good,60,1300,2300
3241,good,60,1400,1666
3242,good,60,2000,2100
3243,bad,60,1200,1800
3244,bad,36,450,495
3245,good,36,1300,1500
3246,bad,48,1000,1668
3249,bad,60,1600,1642
3252,good,60,1000,1211
3253,good,60,350,1355
3254,good,36,250,850
3255,good,60,1220,1400
3257,bad,36,2800,2960
3258,good,60,1450,1537
3259,good,36,800,1701
3260,bad,60,1300,1841
3261,good,60,900,1580
3262,good,60,1000,1098
3263,bad,60,1450,1480
3264,good,36,370,870
3265,bad,36,600,750
3266,good,30,650,1708
3267,bad,48,800,1800
3268,good,60,1100,1320
3269,bad,48,1285,1311
3272,bad,48,1100,1423
3273,good,60,1300,1349
3274,good,60,1650,1683
3276,bad,36,690,790
3277,bad,42,1700,2349
3278,bad,48,500,500
3279,bad,60,1370,1403
3280,good,36,1000,2193
3281,bad,36,2000,2600
3282,good,24,250,1150
3283,good,36,325,450
3287,good,60,1050,1156
3288,good,60,1600,2500
3289,good,24,600,1642
3290,good,36,550,685
3292,good,36,1250,1657
3293,bad,48,1050,1332
3295,good,60,1350,1471
3296,bad,48,900,912
3297,good,18,1800,3300
3299,good,24,3000,6468
3300,good,60,1250,1499
3301,good,36,375,1139
3302,good,36,600,1446
3303,bad,48,2370,2540
3304,good,60,1070,1405
3305,bad,60,975,1140
3306,good,18,750,1050
3307,good,60,1200,1371
3309,good,24,500,2260
3310,good,60,850,1059
3312,good,60,775,951
3314,bad,24,800,1300
3316,good,60,800,1150
3317,good,48,720,1321
3318,bad,36,750,1061
3319,good,60,1700,1803
3320,bad,48,1100,1144
3321,bad,36,350,750
3322,good,60,700,1350
3323,good,60,1500,1505
3325,good,18,1200,2150
3326,good,36,1000,1200
3328,bad,48,1300,3626
3329,bad,60,1700,1900
3330,good,24,3000,6900
3331,good,48,900,1492
3333,good,60,1070,1209
3334,good,24,450,1902
3335,bad,36,1750,1850
3337,good,36,1600,1600
3339,good,48,2400,3120
3342,bad,24,400,435
3343,bad,36,1050,1410
3344,bad,60,1900,2362
3345,good,60,1300,1400
3347,good,60,1000,1798
3348,good,48,1800,2208
3349,good,60,900,1155
3350,good,36,400,425
3351,bad,60,1100,1281
3352,bad,48,1100,1100
3353,good,24,400,800
3354,good,60,1250,1262
3355,bad,60,1200,1373
3356,good,48,1700,2700
3359,bad,36,1000,1647
3360,good,60,1200,1410
3362,good,36,500,1715
3364,bad,48,860,965
3365,bad,60,1400,1732
3366,good,12,500,1550
3367,bad,24,265,300
3369,good,60,1400,1561
3370,good,60,850,1015
3371,good,48,800,1500
3372,bad,60,1550,1555
3373,good,60,1500,1878
3374,good,60,1600,1725
3375,good,48,1150,1235
3377,bad,60,1100,1350
3378,good,60,1650,2270
3379,good,12,600,1468
3380,good,60,1300,1300
3381,good,48,1150,1661
3383,bad,60,700,1640
3384,good,48,850,900
3385,good,60,820,1205
3386,good,36,330,837
3389,good,48,1000,1529
3391,good,60,400,904
3392,good,36,225,375
3393,good,60,1950,2208
3394,good,60,400,1309
3395,bad,60,1350,1624
3396,good,36,200,200
3397,good,48,900,1522
3398,good,60,200,1083
3399,good,36,1350,1758
3401,bad,60,1150,1157
3405,good,12,400,973
3406,good,36,900,910
3407,bad,60,1000,1270
3408,bad,36,950,950
3409,good,12,400,1721
3411,good,24,700,1480
3413,good,12,200,600
3414,good,48,1000,1125
3416,bad,36,150,898
3417,good,48,300,925
3418,good,36,900,1316
3419,good,24,500,1080
3420,good,60,1300,1725
3421,good,60,900,975
3422,good,60,950,1350
3423,good,24,500,1154
3424,good,60,1100,1127
3425,bad,60,950,962
3426,good,36,800,1500
3427,good,36,800,850
3428,bad,48,1000,1295
3429,good,60,1350,1419
3430,good,24,300,2300
3431,bad,12,300,400
3432,good,36,1050,1521
3433,good,48,1350,1595
3435,bad,60,921,921
3436,good,48,700,1226
3437,bad,60,1500,1610
3439,bad,60,1000,1130
3440,bad,18,320,425
3441,good,60,500,1457
3443,bad,36,500,600
3445,bad,36,1500,2448
3446,bad,60,2000,2365
3447,bad,60,1650,1930
3448,bad,36,375,870
3450,bad,60,1500,1528
3452,good,48,450,935
3454,good,36,1000,1622
3456,good,60,1450,1800
3457,good,60,1550,1584
3460,good,48,650,1243
3461,good,48,1300,1423
3462,good,36,900,1200
3464,good,48,1000,1529
3465,good,18,300,1272
3466,good,48,800,1310
3467,good,60,1000,1341
3468,good,60,1000,1155
3469,good,60,1100,1100
3470,good,36,600,1114
3471,good,48,800,1626
3473,good,18,250,300
3474,good,12,550,1450
3475,good,60,500,1131
3476,good,60,1100,1392
3477,good,60,1125,1325
3478,good,60,950,1241
3479,good,6,500,983
3480,good,60,800,1520
3481,good,36,1800,2240
3482,good,48,549,549
3483,good,36,1200,1400
3484,bad,60,1450,1850
3485,good,48,3000,3690
3486,good,60,1250,1300
3487,good,12,1000,1776
3488,good,30,1300,1634
3489,bad,48,870,1480
3490,good,48,1250,1267
3492,good,36,400,773
3493,good,48,1100,1173
3494,good,60,1200,1410
3495,good,60,500,1081
3498,good,48,1300,1346
3499,good,60,1300,2885
3500,good,48,1060,1060
3501,good,36,900,1191
3503,good,60,1100,1289
3504,good,60,1000,1658
3505,bad,60,1100,1480
3507,bad,60,2550,3500
3508,good,36,700,2093
3509,bad,36,1300,1475
3510,good,60,1000,2244
3511,good,18,600,2120
3512,good,60,1000,1725
3513,good,60,600,1164
3514,bad,60,1200,1497
3515,good,36,180,350
3516,good,24,1000,1736
3517,good,24,800,1173
3518,good,36,1250,1550
3520,bad,60,1186,1286
3521,good,60,2300,2965
3522,good,48,650,1255
3523,good,48,1200,1200
3524,good,60,1100,1654
3526,bad,36,1500,2500
3527,good,36,600,1271
3528,good,60,800,897
3530,good,60,800,1270
3531,good,60,750,1674
3532,good,60,1800,1921
3533,good,60,750,1624
3534,good,24,1000,3782
3535,bad,60,1350,1612
3536,good,60,1100,1350
3538,good,24,300,315
3539,good,48,800,800
3541,good,60,1080,1222
3542,good,24,800,1023
3543,good,60,1850,2034
3545,good,60,1500,2037
3546,bad,6,250,800
3547,good,24,700,1888
3548,good,48,2000,2848
3549,bad,60,1300,1380
3550,good,48,1300,1591
3551,good,60,1250,1250
3553,good,36,500,500
3554,good,60,1000,1485
3555,bad,60,1300,1498
3556,good,36,310,1119
3557,bad,36,950,1100
3558,good,36,600,1196
3559,good,60,2250,2270
3560,bad,60,1500,2190
3562,good,48,850,1228
3564,good,60,1500,1655
3565,good,24,300,1308
3566,good,60,1200,1512
3567,good,60,800,1654
3568,good,60,1400,1407
3569,good,60,1050,1282
3570,bad,60,1300,1550
3571,good,18,650,1258
3572,bad,36,1100,1871
3573,bad,48,1200,1401
3574,good,60,1350,1413
3575,good,60,800,1850
3576,good,48,500,1154
3577,good,60,1000,1460
3579,good,60,1200,1642
3580,bad,60,1500,1550
3582,bad,12,120,300
3584,good,60,2000,2570
3585,good,48,900,1220
3586,good,60,1200,1283
3587,good,60,1200,1341
3588,bad,48,1260,1538
3589,bad,36,440,440
3590,good,48,1000,2130
3591,good,36,700,1199
3592,bad,60,950,1215
3593,good,60,250,1188
3594,good,36,900,1621
3595,good,60,1400,1829
3596,bad,60,1030,1197
3597,good,60,1000,1149
3598,bad,24,1000,2393
3600,good,36,750,800
3601,good,36,1100,2136
3602,good,60,800,945
3603,good,48,900,1763
3604,good,60,800,1263
3605,bad,30,400,400
3607,good,12,300,750
3608,bad,36,1750,2750
3609,good,24,400,1541
3610,good,60,900,1088
3611,good,60,1500,2414
3612,bad,60,1300,1429
3613,good,60,1250,1415
3614,good,60,1100,1213
3615,good,30,1300,1378
3616,good,36,800,970
3617,good,60,1400,1475
3618,good,48,700,750
3619,good,36,825,900
3620,good,48,800,1037
3621,bad,60,1360,1435
3622,good,36,800,1649
3624,bad,48,1300,1533
3625,good,48,800,1117
3626,good,48,400,1615
3628,bad,60,2000,2485
3629,bad,60,1450,1482
3631,good,60,1250,1616
3632,bad,60,900,977
3633,good,48,1000,1613
3634,good,60,1600,1600
3635,good,60,800,975
3636,good,60,1500,1950
3637,good,48,1157,1200
3639,good,48,1200,2206
3640,good,18,200,350
3641,bad,48,570,1177
3642,good,24,400,550
3643,good,60,1250,1304
3644,bad,60,1580,1785
3645,good,60,1000,1175
3647,good,48,600,1100
3648,bad,60,950,950
3649,bad,48,1300,1361
3652,good,36,650,750
3654,good,18,600,2724
3655,good,36,675,675
3657,good,60,2000,3400
3658,bad,60,2400,2700
3659,bad,60,1300,1525
3660,good,60,900,1152
3662,good,36,1100,1794
3663,good,60,2400,2432
3664,good,36,600,825
3665,good,24,1000,3429
3666,bad,24,500,750
3667,good,60,1000,2236
3668,good,48,900,1077
3669,good,24,1250,2724
3670,good,12,500,1138
3671,good,12,1300,1591
3672,good,48,700,834
3673,good,48,900,1000
3677,bad,60,950,1945
3678,good,24,1000,2099
3679,good,60,1000,1500
3681,good,60,1600,1680
3682,good,36,1250,1542
3683,bad,36,800,800
3684,good,36,800,995
3686,bad,60,2250,2758
3687,good,36,800,1928
3688,good,36,600,800
3689,bad,24,600,888
3691,good,18,800,2215
3692,bad,24,270,1676
3694,bad,60,1600,1989
3696,good,24,600,943
3697,good,18,700,1224
3698,good,36,540,1102
3700,good,36,350,850
3702,good,60,830,935
3703,good,60,1500,1934
3704,bad,48,600,1472
3705,good,36,1200,1460
3706,good,18,480,1059
3707,good,36,700,950
3708,good,60,800,1021
3710,good,48,500,1195
3711,good,60,1250,1557
3712,bad,36,750,865
3714,good,36,1050,1443
3715,bad,48,875,875
3716,good,18,800,1578
3717,good,36,1300,2115
3718,good,48,1150,1627
3719,good,60,1520,1636
3720,good,6,200,625
3721,good,60,1500,4000
3722,bad,36,700,1700
3723,good,60,1650,1900
3724,good,36,600,1625
3725,good,36,1000,1693
3726,bad,60,800,975
3728,good,60,2000,2240
3729,good,12,1100,2487
3730,good,24,1100,1457
3731,good,48,900,1625
3732,good,36,500,500
3733,good,54,1100,1603
3734,good,60,1400,1599
3735,bad,60,1825,2275
3736,bad,24,2000,2600
3737,good,60,1500,1661
3738,good,36,500,675
3740,good,60,1100,1347
3742,good,60,1150,2497
3743,bad,48,1000,1045
3745,good,60,1400,1928
3746,good,60,1000,2415
3747,bad,48,1350,1450
3748,good,48,1350,1352
3751,good,48,700,970
3752,good,60,1500,2100
3753,bad,48,1150,1450
3754,good,60,1300,1360
3755,bad,60,1500,1661
3756,good,12,300,1248
3757,bad,36,590,590
3759,good,60,1000,1158
3760,good,36,600,882
3762,good,60,1600,1678
3763,good,60,1100,1355
3764,good,60,1300,1833
3765,bad,36,3000,4800
3766,good,48,1000,1160
3767,bad,48,1000,2008
3768,good,60,1800,2999
3769,bad,60,1300,1438
3771,good,24,700,950
3773,bad,60,920,1021
3774,bad,48,1580,1925
3775,bad,60,1650,1772
3776,good,24,850,1260
3777,good,48,550,1250
3778,bad,60,1400,1513
3780,good,24,500,1636
3781,good,60,1400,1724
3782,good,60,1300,1790
3783,good,60,1200,1400
3784,bad,24,450,900
3786,bad,60,750,843
3787,good,60,1050,1097
3792,bad,12,500,1705
3793,good,60,1600,1767
3794,good,36,1400,1939
3795,good,48,1000,1395
3796,good,60,1200,1405
3797,good,60,1450,1566
3798,good,60,1700,2081
3799,good,60,1100,1653
3800,good,36,1500,1985
3801,good,36,450,750
3802,good,24,800,2400
3803,bad,60,1700,1761
3804,good,48,1500,1641
3805,good,60,1300,1359
3806,good,36,635,785
3808,good,48,1400,1661
3809,good,60,1300,1863
3810,bad,60,1250,1315
3811,bad,48,1100,1100
3812,good,60,850,1412
3813,good,24,500,1131
3814,good,60,1050,1303
3815,bad,60,1000,2200
3816,good,60,1500,1736
3817,bad,60,900,1158
3818,good,6,430,500
3822,good,48,1035,1410
3823,bad,48,1850,1877
3824,bad,60,1100,1300
3825,good,24,525,1771
3826,bad,36,300,700
3827,good,48,1300,1600
3828,bad,36,1300,1663
3829,good,60,1750,1900
3830,bad,48,850,1194
3831,good,60,900,1516
3833,good,48,800,800
3834,bad,60,1250,1424
3835,bad,60,1400,1693
3836,good,60,900,995
3837,bad,60,1300,1388
3838,good,36,1500,2315
3839,good,36,300,850
3840,good,24,200,1447
3841,good,60,1350,1487
3842,good,48,1000,1362
3843,good,18,375,675
3844,good,48,800,1224
3845,good,48,1000,1179
3846,good,60,1500,2084
3847,good,60,1950,2336
3848,good,48,2000,3753
3849,bad,36,400,495
3850,bad,60,1100,1480
3851,bad,60,1300,1332
3852,good,36,400,1234
3853,bad,48,1100,1289
3854,good,48,1300,1537
3855,good,48,1000,1480
3856,good,12,360,865
3857,good,60,1320,1680
3860,good,60,1500,1550
3861,good,48,850,1050
3862,bad,36,700,850
3863,good,60,940,1149
3864,good,60,1100,1340
3865,good,36,450,950
3866,good,36,1000,1700
3867,bad,36,650,800
3869,good,60,1300,1995
3870,good,60,1250,1399
3871,bad,60,1100,1226
3872,good,12,594,1332
3873,good,24,400,450
3874,good,60,1000,1359
3875,good,12,700,1665
3876,good,60,1000,1050
3877,bad,60,800,1012
3878,good,36,900,975
3879,good,12,900,1776
3880,good,60,400,1570
3881,good,60,1345,1345
3882,good,60,1500,2502
3883,good,60,1300,1398
3884,good,36,1000,1230
3885,good,60,1000,1097
3886,good,18,450,1196
3887,good,60,930,1007
3890,good,60,2200,2433
3891,good,60,1250,1499
3893,good,48,1900,2205
3894,bad,48,1500,2272
3895,good,60,1690,1930
3896,good,48,1500,1935
3897,good,48,1250,1646
3899,good,60,1200,1297
3901,bad,36,1050,1485
3902,good,60,1200,1538
3903,bad,60,1600,1967
3904,bad,60,1200,1460
3905,bad,36,300,350
3906,bad,36,875,950
3907,good,60,1500,1700
3910,good,36,1160,1959
3911,bad,36,430,550
3912,good,36,1000,1300
3913,good,60,1000,1894
3914,good,60,1200,1570
3915,bad,60,2275,2300
3916,good,48,500,645
3918,bad,60,1650,1650
3919,bad,36,650,650
3920,good,48,4000,4500
3921,bad,36,700,800
3922,good,60,700,845
3923,good,12,760,1369
3924,bad,36,575,775
3925,good,36,1000,2191
3926,good,36,375,425
3927,good,48,830,939
3928,good,48,2000,2504
3929,good,36,725,775
3930,bad,60,2500,2500
3931,good,60,1950,2500
3932,good,60,800,946
3934,bad,18,650,650
3936,good,60,750,775
3937,bad,60,1500,1699
3938,good,24,1800,2750
3940,good,24,900,1715
3941,good,36,2000,2315
3942,good,60,1050,1168
3943,bad,48,2500,3542
3944,bad,60,1400,1628
3945,good,60,2000,2230
3946,bad,60,1100,1265
3947,bad,60,1300,1636
3948,good,60,1150,1273
3949,good,60,950,1101
3950,good,48,1000,1250
3951,good,36,800,2400
3953,good,12,700,1667
3954,good,60,1550,1621
3955,good,48,850,875
3956,good,48,1000,2057
3957,good,60,800,2263
3959,good,60,900,975
3960,good,24,500,600
3961,good,60,1050,2277
3962,bad,48,1100,1438
3966,good,60,1250,1463
3967,good,60,1800,2148
3968,good,36,1300,2305
3969,good,60,1200,2062
3970,good,6,125,375
3972,bad,24,500,550
3973,good,48,1800,2272
3974,good,48,900,1263
3975,bad,18,200,380
3976,good,60,1000,1025
3977,good,36,400,1631
3978,bad,60,1300,1637
3980,bad,36,875,1075
3981,good,60,1800,2090
3982,good,60,1150,1470
3983,bad,60,1100,1303
3984,bad,36,1350,1850
3985,good,60,1300,1730
3986,good,18,1250,1890
3987,good,60,1300,1345
3988,good,12,1375,1700
3989,good,12,150,400
3990,good,60,1350,1450
3991,good,48,1340,1345
3992,good,36,1550,1985
3993,bad,48,800,1707
3994,good,60,1100,1565
3995,bad,60,2000,2235
3996,good,60,900,1100
3997,good,60,1380,1623
3998,good,48,1370,1623
3999,good,36,700,1067
4000,bad,60,1750,2953
4001,good,60,1450,1721
4002,bad,60,1100,1184
4003,good,60,1500,1682
4006,good,24,1700,1726
4007,good,60,1200,1349
4008,bad,48,1650,1659
4009,good,60,1250,1518
4010,good,48,700,837
4011,bad,48,1250,1609
4012,good,48,1200,1893
4014,bad,60,1500,2500
4015,bad,60,2200,2428
4016,good,36,500,1200
4017,good,60,2000,2203
4018,good,60,1100,1622
4019,bad,60,2000,2700
4021,good,60,1150,1400
4022,good,36,900,1421
4023,bad,36,450,550
4024,good,60,1100,1245
4025,good,60,1000,1423
4026,good,48,1300,1300
4027,good,60,1300,1365
4029,bad,60,1308,1558
4030,good,60,1150,1200
4032,bad,60,1450,1546
4033,bad,60,1400,1508
4035,bad,60,1980,2038
4036,good,48,1000,1200
4037,good,36,600,825
4038,bad,60,1150,1351
4039,good,60,1900,2115
4040,bad,48,930,930
4041,bad,48,600,1452
4042,bad,60,1600,1896
4043,bad,36,500,650
4044,good,48,1250,1566
4045,good,60,1600,1763
4046,good,48,1000,1440
4047,good,60,1400,1500
4048,good,60,1400,1625
4049,good,24,1800,1965
4051,bad,60,1000,1189
4052,good,12,1000,1998
4053,bad,54,1500,1600
4054,bad,60,1450,1452
4055,good,24,450,1522
4056,bad,48,1000,2193
4057,good,60,1500,1578
4058,bad,60,1700,1825
4060,good,60,3000,3745
4061,good,36,1800,2300
4062,good,24,900,1189
4064,good,48,660,1060
4065,good,60,600,700
4066,bad,60,1895,2596
4067,bad,60,700,2700
4069,good,48,1200,1215
4070,good,36,400,985
4071,good,12,800,1800
4072,good,48,1287,1693
4073,good,24,300,1397
4074,good,18,375,375
4075,good,60,1200,1236
4076,good,60,900,925
4078,good,24,450,600
4081,good,60,1200,1491
4082,good,60,800,1700
4083,bad,36,1150,1325
4084,good,24,400,850
4085,bad,60,900,1001
4086,good,60,1900,2374
4087,bad,60,1080,1296
4088,good,6,500,1351
4089,good,60,1350,1417
4091,good,60,1100,1269
4092,good,30,650,1270
4094,good,60,900,990
4095,good,60,900,925
4096,good,60,1200,1537
4097,bad,60,600,1300
4098,bad,48,800,1330
4100,good,60,1500,1520
4101,bad,60,1900,2180
4102,good,24,700,700
4104,bad,60,500,1650
4105,bad,24,1400,1636
4106,bad,36,625,650
4107,good,36,700,1162
4108,bad,60,1400,1715
4109,good,48,800,941
4111,good,60,1200,1318
4112,good,48,1143,1143
4114,good,36,1500,3000
4116,good,18,400,1772
4117,good,24,1000,1340
4118,good,24,1100,1340
4119,good,48,1000,1156
4120,good,60,1150,1200
4121,good,60,1550,1550
4122,good,60,900,1310
4123,bad,60,535,1710
4124,good,60,1360,1450
4126,good,48,500,1700
4127,good,36,1800,2320
4128,good,48,1000,1090
4130,good,60,800,1103
4131,good,48,1300,1470
4132,good,60,800,1588
4133,bad,60,1400,1424
4134,good,60,900,1428
4135,good,60,675,975
4136,good,60,1100,1250
4137,good,60,1200,2068
4138,bad,48,1000,1200
4139,good,60,900,985
4140,good,30,750,1923
4141,bad,36,1200,1200
4144,good,48,1000,1854
4145,bad,48,1000,1200
4147,bad,60,1650,1659
4149,good,60,1850,1862
4150,good,24,250,1003
4151,good,24,800,1630
4152,good,60,1500,2075
4153,good,48,800,1086
4156,good,24,700,980
4158,good,48,800,1371
4160,bad,36,700,1100
4161,good,48,1000,1540
4162,good,60,900,984
4163,bad,60,850,1371
4164,good,36,700,1000
4165,bad,36,375,450
4166,good,60,1300,2100
4167,bad,60,1200,1322
4168,good,60,1400,1720
4169,good,60,1100,1600
4170,good,60,1000,1253
4171,good,24,800,1092
4172,good,48,550,1440
4173,bad,60,1000,1000
4174,good,36,900,1263
4176,bad,36,600,1100
4177,bad,60,1175,1175
4179,good,60,1300,1966
4180,good,60,1000,1536
4181,good,36,500,750
4182,good,60,1000,1179
4183,good,48,600,1699
4186,good,36,1100,2400
4187,bad,60,1250,1635
4189,good,36,1200,1650
4190,bad,48,1800,2038
4191,bad,36,500,500
4192,good,36,400,750
4193,bad,60,1000,1457
4194,good,60,1000,1516
4195,good,60,1250,1263
4196,good,60,1300,1595
4197,good,60,600,999
4198,good,60,1000,1302
4199,good,36,1000,1800
4202,bad,36,500,900
4203,bad,48,700,2300
4205,good,36,800,800
4208,good,36,1100,1100
4210,good,36,250,1343
4211,good,12,800,2014
4213,good,60,1150,1292
4214,bad,48,1300,1500
4216,good,60,1000,1299
4217,good,60,700,999
4218,good,36,675,775
4219,bad,60,1450,1499
4220,bad,60,1000,1542
4221,bad,60,1600,1739
4222,bad,60,1350,1674
4224,good,48,650,1265
4225,good,48,1000,1090
4227,good,60,1220,1466
4228,good,60,1300,1450
4229,good,36,850,950
4231,good,60,1400,1550
4232,bad,48,900,1165
4233,good,36,1200,1500
4234,good,36,1200,1550
4235,good,36,475,675
4236,good,60,1150,1549
4237,good,18,600,1370
4239,bad,60,1000,1471
4241,good,60,1500,1787
4242,good,60,800,1594
4243,bad,60,900,1000
4244,good,60,1600,2171
4245,bad,36,1000,1400
4246,good,12,550,1240
4247,bad,60,900,1084
4249,bad,60,1300,1662
4251,good,60,1600,1924
4252,bad,36,1000,2000
4253,good,60,900,1000
4255,bad,60,1100,1516
4256,good,24,1000,1589
4258,bad,60,1090,1090
4259,bad,48,1750,1998
4260,bad,60,1600,1955
4261,bad,60,1400,1699
4262,good,36,1200,1705
4263,bad,48,1500,1703
4264,good,48,900,1411
4265,good,48,350,410
4266,good,60,1300,1332
4267,good,36,2800,4200
4269,bad,60,1900,2230
4270,good,48,700,1975
4271,good,60,1300,1700
4272,bad,24,1100,1281
4273,bad,60,1150,1395
4274,good,36,1070,1500
4275,good,48,325,1202
4276,bad,48,1200,1600
4277,good,36,600,1432
4278,good,60,1200,1233
4279,bad,36,535,585
4280,bad,36,500,1050
4281,good,12,1150,1300
4282,good,60,1400,1721
4283,bad,36,250,350
4284,good,60,1000,1314
4286,good,24,250,450
4287,bad,60,1500,2500
4288,good,36,1000,1535
4289,good,60,1000,1150
4290,good,60,1400,1995
4291,good,60,1350,1363
4293,good,60,900,982
4294,good,36,500,985
4295,good,36,650,750
4296,good,36,600,650
4297,bad,60,900,1077
4298,bad,36,500,585
4299,good,36,800,981
4304,bad,36,1150,1350
4307,bad,60,1500,1543
4309,good,36,550,652
4310,good,60,800,865
4311,good,60,700,1800
4312,bad,48,800,2300
4313,bad,60,1065,1165
4315,good,60,950,1092
4316,good,36,1400,1650
4317,bad,60,1400,1690
4318,bad,30,550,875
4319,good,60,1550,1615
4320,good,60,900,1560
4322,good,36,1000,1390
4323,good,48,1150,1638
4325,bad,36,800,1250
4326,bad,36,1500,1539
4327,good,36,2000,2500
4328,bad,60,1340,1350
4329,good,60,1175,1574
4330,good,12,275,450
4331,good,48,700,985
4332,good,60,800,1400
4333,good,48,1400,1500
4334,good,60,1350,1369
4335,bad,60,1100,1291
4336,good,60,1000,1101
4337,good,24,400,1169
4338,good,12,700,1355
4339,good,48,700,985
4340,bad,36,500,585
4341,bad,48,2000,2652
4342,good,60,1500,1517
4343,good,60,500,2038
4344,good,60,500,982
4345,bad,60,700,1715
4346,good,12,380,913
4347,good,48,850,1393
4348,good,24,400,475
4350,bad,36,3000,4250
4351,good,60,1300,1380
4352,good,36,1200,1588
4354,good,60,1450,1524
4356,bad,48,2700,3100
4358,bad,48,1000,1650
4359,good,60,1000,1197
4360,bad,60,1300,1480
4361,good,36,3000,5000
4362,good,48,900,1177
4363,good,60,1150,1452
4364,good,36,700,1487
4365,bad,60,1600,1689
4366,good,48,600,1063
4367,good,48,1100,1300
4368,good,6,600,1904
4369,good,36,750,1367
4370,good,36,1000,1245
4372,good,48,900,1232
4373,bad,36,400,650
4374,good,36,1350,1520
4375,good,36,1000,1696
4376,good,48,1100,1170
4377,good,48,1900,2320
4378,good,60,2500,3415
4380,good,48,600,1550
4383,bad,36,1350,1750
4384,bad,60,2100,3038
4385,good,60,300,1373
4386,good,60,400,965
4387,good,36,425,600
4388,good,60,1400,1508
4389,good,60,1720,2084
4390,good,36,700,1780
4392,good,60,1150,1705
4394,bad,36,1400,1725
4396,bad,60,1442,1597
4397,good,60,700,1381
4398,good,60,750,778
4400,bad,36,900,950
4401,good,48,650,1551
4402,good,60,1000,1151
4403,good,36,1500,2554
4404,good,48,1350,1566
4405,good,36,500,620
4407,good,60,700,1493
4408,good,60,600,1570
4409,good,48,600,1176
4410,good,36,900,1383
4411,good,60,1160,1465
4412,good,60,2000,2038
4413,good,60,1150,1180
4414,good,60,1200,1579
4416,good,60,900,1263
4417,good,60,2200,2500
4419,good,60,1300,1700
4420,good,48,875,1098
4421,good,60,1300,2072
4422,bad,36,650,700
4423,good,24,400,1115
4424,bad,60,1500,1642
4425,good,48,1200,1678
4426,bad,36,875,1150
4427,good,60,1200,1700
4428,bad,48,1400,1704
4429,bad,48,1280,1285
4431,bad,60,1400,1645
4432,good,60,1000,1638
4433,good,42,1460,2191
4435,bad,60,1000,1342
4436,good,60,1500,1656
4437,bad,60,1200,1496
4438,good,60,1450,1510
4439,good,48,1500,1905
4440,good,60,900,975
4442,bad,60,900,1020
4445,good,48,550,550
4446,good,60,1350,1650
