"DATA_YEAR","ARRESTEE_ID","INCIDENT_ID","ARRESTEE_SEQ_NUM","ARREST_DATE","ARREST_TYPE_ID","MULTIPLE_INDICATOR","OFFENSE_TYPE_ID","AGE_ID","AGE_NUM","SEX_CODE","RACE_ID","ETHNICITY_ID","RESIDENT_CODE","UNDER_18_DISPOSITION_CODE","CLEARANCE_IND","AGE_RANGE_LOW_NUM","AGE_RANGE_HIGH_NUM"
2017,26263849,90114779,1,02-MAY-17,1,"N",40,5,49,"M",1,2,"N","","",49,0
2017,25839968,88884818,1,01-FEB-17,1,"N",51,5,38,"M",2,2,"R","","",38,0
2017,25839990,88884876,2,04-FEB-17,1,"N",16,5,17,"M",1,2,"R","H","",17,0
2017,25839988,88884876,1,04-FEB-17,1,"N",16,5,16,"M",1,2,"R","H","",16,0
2017,25839992,88884880,1,05-FEB-17,3,"N",51,5,22,"F",1,2,"R","","",22,0
2017,25840015,88884936,1,12-FEB-17,1,"N",51,5,28,"M",2,2,"R","","",28,0
2017,25840022,88884946,1,13-FEB-17,1,"N",35,5,42,"M",1,2,"R","","",42,0
2017,25840027,88884958,1,15-FEB-17,1,"N",16,5,39,"M",2,2,"N","","",39,0
2017,25840039,88884997,1,19-FEB-17,1,"N",35,5,18,"M",1,2,"R","","",18,0
2017,25840053,88885037,1,25-FEB-17,1,"N",16,5,18,"M",2,2,"N","","",18,0
2017,25676992,88430780,1,18-JAN-17,3,"N",51,5,29,"M",1,2,"R","","",29,0
2017,25676960,88430667,1,01-JAN-17,1,"N",51,5,16,"M",1,2,"R","R","",16,0
2017,25676963,88430665,1,01-JAN-17,1,"N",28,5,29,"M",1,1,"R","","",29,0
2017,25676971,88430702,1,03-JAN-17,1,"N",16,5,54,"M",1,2,"R","","",54,0
2017,25676974,88430712,1,06-JAN-17,1,"N",51,5,43,"M",1,2,"R","","",43,0
2017,25676977,88430733,1,10-JAN-17,1,"N",16,5,24,"M",1,2,"N","","",24,0
2017,25676986,88430759,1,13-JAN-17,1,"N",35,5,33,"M",1,2,"R","","",33,0
2017,25676990,88430775,1,14-JAN-17,1,"N",16,5,34,"F",1,2,"N","","",34,0
2017,25676996,88430800,1,17-JAN-17,1,"N",16,5,30,"M",1,2,"N","","",30,0
2017,25676997,88430804,1,19-JAN-17,1,"N",16,5,31,"M",2,2,"R","","",31,0
2017,25677001,88430814,1,18-JAN-17,1,"N",16,5,24,"M",1,2,"N","","",24,0
2017,25677002,88430815,1,19-JAN-17,1,"N",16,5,33,"F",1,2,"N","","",33,0
2017,25677003,88430817,1,19-JAN-17,1,"N",11,5,54,"M",1,2,"N","","",54,0
2017,25677007,88430826,1,21-JAN-17,1,"N",16,5,33,"M",2,2,"N","","",33,0
2017,25677009,88430827,1,20-JAN-17,1,"N",16,5,36,"F",1,2,"N","","",36,0
2017,25677011,88430842,1,23-JAN-17,1,"N",27,5,18,"M",1,3,"R","","",18,0
2017,25677016,88430864,2,26-JAN-17,3,"N",23,5,17,"F",1,2,"N","R","",17,0
2017,26027386,89448296,1,02-MAR-17,1,"N",35,5,36,"M",1,2,"N","","",36,0
2017,26027448,89448478,1,08-MAR-17,1,"N",2,5,43,"F",1,2,"N","","",43,0
2017,26027461,89448521,1,09-MAR-17,1,"N",16,5,17,"F",2,2,"N","H","",17,0
2017,26027507,89448642,1,16-MAR-17,1,"N",16,5,29,"M",2,2,"R","","",29,0
2017,26027521,89448676,1,20-MAR-17,1,"N",16,5,18,"M",2,3,"R","","",18,0
2017,25677015,88430864,1,26-JAN-17,3,"N",23,5,18,"F",1,2,"N","","",18,0
2017,25677019,88430879,1,27-JAN-17,1,"N",16,5,18,"M",2,3,"R","","",18,0
2017,25677021,88430887,1,30-JAN-17,1,"N",16,5,19,"M",2,2,"N","","",19,0
2017,25677023,88430898,1,31-JAN-17,1,"N",16,5,27,"M",2,2,"N","","",27,0
2017,25676975,88430721,1,08-JAN-17,1,"N",40,5,31,"M",1,2,"N","","",31,0
2017,25676983,88430757,2,12-JAN-17,1,"N",16,5,24,"F",1,2,"N","","",24,0
2017,25676982,88430757,1,12-JAN-17,1,"N",16,5,28,"M",2,2,"R","","",28,0
2017,25677008,88430825,1,21-JAN-17,1,"N",2,5,42,"F",2,2,"N","","",42,0
2017,25677020,88430882,1,29-JAN-17,1,"N",16,5,19,"M",2,2,"R","","",19,0
2017,25676993,88430790,1,17-JAN-17,1,"N",16,5,19,"M",1,2,"N","","",19,0
2017,25676989,88430769,1,14-JAN-17,1,"N",16,5,19,"F",2,2,"N","","",19,0
2017,27999505,95483222,1,06-JAN-18,3,"N",51,5,30,"M",1,2,"R","","",30,0
2017,25676964,88430668,1,01-JAN-17,1,"N",35,5,18,"M",1,2,"N","","",18,0
2017,25677018,88430871,1,27-JAN-17,1,"N",16,5,41,"M",1,2,"N","","",41,0
2017,25676973,88430711,1,04-JAN-17,1,"N",35,5,25,"M",1,2,"N","","",25,0
2017,25676979,88430741,1,25-JAN-17,3,"N",56,5,52,"M",2,2,"N","","",52,0
2017,25677013,88430856,1,24-JAN-17,1,"N",16,5,24,"M",2,2,"N","","",24,0
2017,25676961,88430664,1,01-JAN-17,1,"N",51,5,36,"M",2,2,"N","","",36,0
2017,25676972,88430707,1,05-JAN-17,1,"N",23,5,55,"M",2,2,"N","","",55,0
2017,25676998,88430805,1,18-JAN-17,1,"N",35,5,27,"F",1,3,"N","","",27,0
2017,25839973,88884837,1,02-FEB-17,1,"N",16,5,19,"M",0,2,"R","","",19,0
2017,26263851,90114776,1,01-MAY-17,1,"N",35,5,24,"F",1,2,"N","","",24,0
2017,26263867,90114842,1,10-MAY-17,1,"N",51,5,31,"M",1,2,"R","","",31,0
2017,26263885,90114870,1,10-MAY-17,1,"N",16,5,40,"M",1,2,"N","","",40,0
2017,26263886,90114880,1,12-MAY-17,1,"N",16,5,24,"M",1,2,"N","","",24,0
2017,26263894,90114893,1,13-MAY-17,1,"N",16,5,32,"M",1,2,"R","","",32,0
2017,26263904,90114907,1,14-MAY-17,1,"N",16,5,41,"F",2,2,"N","","",41,0
2017,26263931,90114980,1,20-MAY-17,1,"N",16,5,27,"M",1,2,"N","","",27,0
2017,26263935,90114993,1,20-MAY-17,1,"N",23,5,30,"F",2,2,"R","","",30,0
2017,26263963,90115092,1,28-MAY-17,1,"N",16,5,25,"F",1,2,"N","","",25,0
2017,26027388,89448318,1,02-MAR-17,1,"N",16,5,21,"M",1,2,"N","","",21,0
2017,26027483,89448578,1,13-MAR-17,1,"N",39,5,22,"M",2,2,"N","","",22,0
2017,26027572,89448791,1,28-MAR-17,1,"N",16,5,22,"M",1,3,"R","","",22,0
2017,26027585,89448826,1,30-MAR-17,1,"N",16,5,20,"M",2,2,"R","","",20,0
2017,26027494,89448603,1,14-MAR-17,1,"N",16,5,41,"F",1,2,"N","","",41,0
2017,27082580,92555070,1,05-OCT-17,3,"N",51,5,24,"M",2,2,"R","","",24,0
2017,27082608,92555140,1,09-OCT-17,1,"N",16,5,31,"M",1,2,"N","","",31,0
2017,26915741,92050761,1,16-SEP-17,1,"N",16,5,22,"F",2,2,"N","","",22,0
2017,26915796,92050913,1,29-SEP-17,1,"N",16,5,30,"M",2,2,"N","","",30,0
2017,26915799,92050924,1,30-SEP-17,1,"N",35,5,47,"M",2,2,"N","","",47,0
2017,27082656,92555273,1,28-OCT-17,1,"N",51,5,31,"M",2,2,"N","","",31,0
2017,27211257,92963328,1,05-NOV-17,1,"N",16,5,26,"M",2,2,"R","","",26,0
2017,27740838,94738388,1,04-DEC-17,3,"N",28,5,35,"F",2,2,"N","","",35,0
2017,27211260,92963339,1,06-NOV-17,1,"N",16,5,32,"M",1,2,"N","","",32,0
2017,27211290,92963481,1,26-NOV-17,1,"N",16,5,17,"M",2,2,"R","R","",17,0
2017,27211297,92963518,1,29-NOV-17,1,"N",16,5,35,"M",1,2,"N","","",35,0
2017,27211291,92963479,1,26-NOV-17,1,"N",51,5,27,"F",2,2,"R","","",27,0
2017,27211296,92963519,1,29-NOV-17,1,"N",16,5,33,"F",2,2,"N","","",33,0
2017,26915797,92050914,1,30-SEP-17,3,"N",51,5,47,"M",4,2,"R","","",47,0
2017,27740825,94738364,1,03-DEC-17,1,"N",28,5,34,"M",2,2,"N","","",34,0
2017,27740851,94738416,1,05-DEC-17,1,"N",16,5,55,"M",1,2,"R","","",55,0
2017,27740910,94738603,1,18-DEC-17,1,"N",16,5,16,"F",1,2,"R","R","",16,0
2017,27740942,94738720,1,31-DEC-17,1,"N",16,5,39,"M",1,2,"N","","",39,0
2017,27740902,94738589,1,17-DEC-17,1,"N",16,5,31,"M",2,2,"R","","",31,0
2017,27740912,94738611,1,18-DEC-17,1,"N",16,5,22,"M",1,2,"N","","",22,0
2017,27211276,92963426,1,18-NOV-17,1,"N",16,5,19,"M",1,2,"N","","",19,0
2017,27740814,94738345,1,02-DEC-17,3,"N",39,5,26,"F",2,2,"N","","",26,0
2017,27740854,94738418,1,06-DEC-17,1,"N",51,5,49,"M",1,2,"R","","",49,0
2017,27740879,94738504,1,11-DEC-17,1,"N",16,5,19,"M",1,1,"R","","",19,0
2017,27740918,94738623,1,20-DEC-17,1,"N",51,5,16,"M",1,2,"N","R","",16,0
2017,27082601,92555116,1,06-OCT-17,1,"N",16,5,37,"M",1,2,"N","","",37,0
2017,27082623,92555184,1,15-OCT-17,1,"N",16,5,29,"F",2,2,"N","","",29,0
2017,27082628,92555202,1,18-OCT-17,1,"N",16,5,24,"M",2,2,"R","","",24,0
2017,27082659,92555281,1,29-OCT-17,1,"N",16,5,19,"M",2,2,"N","","",19,0
2017,27211275,92963419,1,18-NOV-17,1,"N",39,5,18,"M",2,2,"N","","",18,0
2017,27740932,94738696,2,28-DEC-17,1,"N",16,5,36,"M",1,2,"N","","",36,0
2017,27740931,94738696,1,28-DEC-17,1,"N",16,5,27,"M",1,2,"N","","",27,0
2017,26915701,92050630,1,05-SEP-17,1,"N",16,5,24,"M",1,2,"N","","",24,0
2017,26915710,92050665,1,05-SEP-17,1,"N",16,5,36,"M",1,2,"N","","",36,0
2017,26915752,92050783,1,17-SEP-17,1,"N",16,5,20,"M",1,2,"N","","",20,0
2017,26915798,92050918,1,30-SEP-17,3,"N",16,5,47,"M",4,2,"R","","",47,0
2017,27082630,92555209,2,19-OCT-17,1,"N",2,5,28,"F",1,2,"N","","",28,0
2017,27082629,92555209,1,19-OCT-17,1,"N",2,5,28,"M",1,2,"N","","",28,0
2017,27082657,92555279,1,28-OCT-17,1,"N",16,5,20,"M",2,3,"R","","",20,0
2017,26915694,92050596,1,06-SEP-17,3,"N",51,5,21,"M",2,2,"R","","",21,0
2017,26915706,92050650,1,05-SEP-17,1,"N",39,5,24,"M",2,2,"N","","",24,0
2017,26915736,92050742,1,14-SEP-17,1,"N",39,5,40,"M",2,2,"N","","",40,0
2017,26915744,92050758,1,15-SEP-17,1,"N",35,5,24,"M",1,2,"N","","",24,0
2017,26915766,92050814,1,25-SEP-17,3,"N",2,5,22,"F",2,2,"N","","",22,0
2017,26915704,92050635,1,05-SEP-17,1,"N",16,5,20,"M",2,2,"N","","",20,0
2017,26915727,92050714,1,10-SEP-17,1,"N",16,5,50,"M",1,2,"N","","",50,0
2017,26915734,92050738,1,14-SEP-17,2,"N",39,5,20,"M",2,2,"N","","",20,0
2017,26915769,92050823,1,21-SEP-17,1,"N",51,5,70,"M",1,2,"R","","",70,0
2017,27211251,92963294,1,07-NOV-17,3,"N",51,5,19,"M",2,2,"N","","",19,0
2017,27211262,92963344,1,07-NOV-17,1,"N",16,5,20,"M",2,2,"N","","",20,0
2017,27082590,92555084,1,02-OCT-17,3,"N",35,5,26,"F",2,2,"N","","",26,0
2017,27082613,92555155,1,20-OCT-17,3,"N",44,5,23,"M",1,2,"R","","",23,0
2017,27082609,92555143,1,11-OCT-17,3,"N",49,5,22,"M",1,2,"N","","",22,0
2017,27082617,92555169,1,14-OCT-17,3,"N",51,5,33,"M",1,2,"R","","",33,0
2017,27082654,92555272,1,27-OCT-17,1,"N",23,5,25,"F",1,3,"R","","",25,0
2017,27082660,92555288,1,29-OCT-17,3,"N",51,5,27,"F",1,2,"R","","",27,0
2017,27211282,92963436,1,20-NOV-17,1,"N",28,5,36,"M",1,3,"N","","",36,0
2017,27740841,94738392,1,04-DEC-17,1,"N",16,5,32,"M",1,2,"N","","",32,0
2017,27740869,94738475,1,07-DEC-17,1,"N",16,5,23,"M",2,2,"N","","",23,0
2017,27740875,94738492,1,09-DEC-17,1,"N",16,5,28,"M",1,2,"R","","",28,0
2017,27740898,94738581,1,16-DEC-17,1,"N",51,5,41,"M",1,2,"N","","",41,0
2017,27740914,94738618,1,18-DEC-17,1,"N",16,5,25,"M",1,2,"R","","",25,0
2017,27740934,94738705,2,28-DEC-17,1,"N",16,5,22,"M",1,2,"R","","",22,0
2017,27740933,94738705,1,28-DEC-17,1,"N",16,5,21,"M",1,2,"N","","",21,0
2017,27740819,94738397,1,02-DEC-17,1,"N",16,5,25,"M",2,2,"N","","",25,0
2017,27740828,94738397,2,02-DEC-17,1,"N",35,5,39,"M",2,2,"N","","",39,0
2017,27740890,94738570,1,15-DEC-17,1,"N",16,5,19,"M",2,2,"N","","",19,0
2017,27740940,94738723,1,29-DEC-17,1,"N",16,5,36,"M",2,2,"R","","",36,0
2017,27740859,94738443,1,07-DEC-17,1,"N",16,5,36,"M",1,2,"N","","",36,0
2017,27740897,94738582,1,16-DEC-17,1,"N",51,5,23,"M",2,2,"R","","",23,0
2017,27740938,94738716,1,29-DEC-17,1,"N",16,5,48,"M",1,3,"N","","",48,0
2017,27740820,94738353,1,06-DEC-17,3,"N",8,5,41,"M",2,2,"R","","",41,0
2017,27740834,94738381,1,08-DEC-17,1,"N",16,5,23,"M",2,2,"N","","",23,0
2017,27740872,94738481,3,09-DEC-17,1,"N",16,5,18,"M",2,2,"R","","",18,0
2017,27740871,94738481,2,09-DEC-17,1,"N",16,5,18,"M",2,2,"R","","",18,0
2017,27740868,94738481,1,09-DEC-17,1,"N",16,5,20,"M",2,2,"R","","",20,0
2017,27740880,94738500,1,11-DEC-17,1,"N",16,5,33,"M",2,2,"N","","",33,0
2017,27740906,94738600,2,17-DEC-17,1,"N",16,5,18,"F",1,3,"N","","",18,0
2017,27740905,94738600,1,17-DEC-17,1,"N",16,5,25,"M",1,2,"N","","",25,0
2017,27082598,92555111,1,05-OCT-17,3,"N",51,5,26,"M",2,3,"R","","",26,0
2017,27082599,92555111,2,05-OCT-17,3,"N",51,5,25,"F",2,2,"N","","",25,0
2017,27082603,92555121,1,06-OCT-17,1,"N",16,5,37,"M",1,2,"N","","",37,0
2017,27082655,92555274,1,27-OCT-17,1,"N",16,5,25,"F",1,3,"N","","",25,0
2017,26915647,92050542,1,01-SEP-17,1,"N",16,5,33,"F",1,2,"R","","",33,0
2017,26915692,92050606,1,03-SEP-17,1,"N",40,5,20,"M",2,2,"N","","",20,0
2017,26915693,92050606,2,03-SEP-17,3,"N",40,5,18,"M",2,2,"N","","",18,0
2017,26915713,92050691,1,08-SEP-17,1,"N",16,5,24,"M",2,2,"N","","",24,0
2017,26915733,92050737,1,14-SEP-17,1,"N",41,5,33,"M",1,2,"N","","",33,0
2017,26915737,92050743,1,14-SEP-17,1,"N",41,5,36,"M",2,2,"N","","",36,0
2017,26915770,92050830,1,21-SEP-17,1,"N",16,5,20,"F",2,2,"R","","",20,0
2017,27082587,92555074,1,10-OCT-17,3,"N",2,5,64,"F",1,2,"N","","",64,0
2017,27082588,92555079,1,16-OCT-17,3,"N",51,5,36,"M",1,2,"N","","",36,0
2017,27082600,92555109,1,06-OCT-17,1,"N",51,5,33,"F",1,2,"N","","",33,0
2017,27082618,92555179,1,15-OCT-17,1,"N",16,5,20,"F",2,2,"R","","",20,0
2017,27082619,92555179,2,15-OCT-17,1,"N",16,5,21,"M",2,2,"N","","",21,0
2017,27082631,92555210,1,20-OCT-17,1,"N",51,5,22,"M",2,2,"N","","",22,0
2017,27211256,92963319,1,13-NOV-17,3,"N",16,5,26,"M",1,2,"R","","",26,0
2017,27211295,92963505,1,28-NOV-17,1,"N",35,5,32,"F",1,2,"N","","",32,0
2017,27211299,92963529,1,30-NOV-17,1,"N",16,5,26,"M",2,2,"R","","",26,0
2017,26915656,92050554,1,15-APR-17,1,"N",16,5,22,"M",1,2,"N","","",22,0
2017,26915658,92050554,2,15-SEP-17,3,"N",16,5,19,"F",1,2,"N","","",19,0
2017,26915682,92050575,1,01-SEP-17,1,"N",16,5,23,"M",2,2,"N","","",23,0
2017,26915707,92050660,1,05-SEP-17,1,"N",28,5,24,"M",2,2,"N","","",24,0
2017,26915732,92050731,1,14-SEP-17,1,"N",28,5,18,"M",2,2,"N","","",18,0
2017,27082611,92555149,2,12-OCT-17,1,"N",16,5,18,"M",2,3,"R","","",18,0
2017,27082610,92555149,1,12-OCT-17,1,"N",16,5,24,"M",2,2,"N","","",24,0
2017,27082616,92555166,1,13-OCT-17,1,"N",51,5,48,"M",1,2,"R","","",48,0
2017,27082637,92555231,1,27-OCT-17,3,"N",44,5,55,"M",1,2,"R","","",55,0
2017,26915652,92050540,1,06-SEP-17,3,"N",2,5,27,"M",1,2,"N","","",27,0
2017,26915716,92050687,1,07-SEP-17,1,"N",16,5,46,"M",1,2,"N","","",46,0
2017,26915751,92050780,1,17-SEP-17,1,"N",28,5,18,"M",2,2,"N","","",18,0
2017,27082646,92555245,2,22-OCT-17,1,"N",16,5,39,"F",1,3,"N","","",39,0
2017,27082644,92555245,1,22-OCT-17,1,"N",16,5,42,"M",1,2,"N","","",42,0
2017,26915649,92050537,1,11-SEP-17,3,"N",44,5,49,"M",1,2,"R","","",49,0
2017,26915669,92050565,1,01-SEP-17,1,"N",51,5,48,"M",2,2,"N","","",48,0
2017,26915702,92050636,1,05-SEP-17,1,"N",16,5,26,"F",1,2,"N","","",26,0
2017,26915703,92050636,2,05-SEP-17,1,"N",16,5,19,"M",2,2,"N","","",19,0
2017,26915709,92050673,1,05-SEP-17,1,"N",16,5,24,"M",2,2,"N","","",24,0
2017,27740894,94738586,1,16-DEC-17,1,"N",39,5,27,"M",2,2,"N","","",27,0
2017,27740913,94738612,1,18-DEC-17,1,"N",16,5,44,"F",1,3,"N","","",44,0
2017,27740920,94738645,1,22-DEC-17,1,"N",51,5,43,"M",1,2,"N","","",43,0
2017,27740930,94738692,1,27-DEC-17,1,"N",16,5,19,"M",2,2,"N","","",19,0
2017,27740941,94738719,1,30-DEC-17,1,"N",16,5,18,"M",1,1,"N","","",18,0
2017,27082664,92555308,1,31-OCT-17,1,"N",51,5,51,"M",1,2,"R","","",51,0
2017,27211261,92963338,1,07-NOV-17,1,"N",16,5,23,"M",2,2,"N","","",23,0
2017,27211271,92963368,1,12-NOV-17,1,"N",16,5,26,"M",1,2,"R","","",26,0
2017,27740833,94738373,1,03-DEC-17,1,"N",16,5,24,"F",2,2,"N","","",24,0
2017,27740861,94738454,1,07-DEC-17,1,"N",39,5,30,"M",2,2,"N","","",30,0
2017,27740892,94738574,1,22-DEC-17,3,"N",11,5,25,"M",2,2,"N","","",25,0
2017,27082589,92555080,1,25-OCT-17,3,"N",49,5,22,"M",1,2,"R","","",22,0
2017,27082602,92555112,1,06-OCT-17,1,"N",16,5,22,"M",2,2,"R","","",22,0
2017,27082612,92555152,1,20-OCT-17,3,"N",44,5,52,"M",2,2,"R","","",52,0
2017,27082645,92555238,1,23-OCT-17,1,"N",16,5,34,"F",1,2,"R","","",34,0
2017,27082652,92555264,1,26-OCT-17,1,"N",16,5,21,"M",1,1,"R","","",21,0
2017,26915711,92050675,1,06-SEP-17,1,"N",16,5,34,"M",1,2,"N","","",34,0
2017,26915747,92050767,1,16-SEP-17,1,"N",51,5,23,"M",1,2,"R","","",23,0
2017,26915772,92050851,1,24-SEP-17,1,"N",16,5,36,"M",1,1,"R","","",36,0
2017,27082591,92555082,1,02-OCT-17,1,"N",39,5,32,"F",2,2,"N","","",32,0
2017,27082607,92555135,1,10-OCT-17,1,"N",51,5,70,"M",1,2,"R","","",70,0
2017,27082635,92555228,1,21-OCT-17,1,"N",2,5,58,"F",2,2,"N","","",58,0
2017,27082661,92555295,1,29-OCT-17,1,"N",16,5,24,"M",1,3,"N","","",24,0
2017,27740862,94738471,1,08-DEC-17,1,"N",16,5,23,"M",2,2,"N","","",23,0
2017,27740903,94738590,1,17-DEC-17,1,"N",16,5,18,"F",2,2,"N","","",18,0
2017,26263853,90114778,2,01-MAY-17,1,"N",23,5,21,"F",2,2,"N","","",21,0
2017,27999497,95483213,1,10-JAN-18,3,"N",35,5,30,"F",1,2,"N","","",30,0
2017,25840008,88884905,1,09-FEB-17,1,"N",11,5,38,"M",2,2,"N","","",38,0
2017,25840029,88884974,1,16-FEB-17,1,"N",16,5,20,"M",1,2,"N","","",20,0
2017,25840055,88885043,1,25-FEB-17,1,"N",16,5,21,"F",1,2,"N","","",21,0
2017,26178026,89854075,1,05-APR-17,1,"N",39,5,27,"M",2,2,"N","","",27,0
2017,26178061,89854175,1,15-APR-17,1,"N",16,5,22,"M",2,3,"N","","",22,0
2017,26178142,89854365,1,30-APR-17,1,"N",51,5,36,"M",2,2,"R","","",36,0
2017,26178011,89854028,1,01-APR-17,1,"N",16,5,44,"F",1,2,"R","","",44,0
2017,26178102,89854252,1,19-APR-17,1,"N",51,5,31,"M",2,2,"R","","",31,0
2017,26681624,91328376,1,07-AUG-17,1,"N",16,5,44,"M",1,2,"N","","",44,0
2017,26681720,91328630,1,27-AUG-17,1,"N",23,5,30,"F",1,2,"N","","",30,0
2017,26681723,91328642,1,29-AUG-17,1,"N",16,5,37,"F",1,2,"N","","",37,0
2017,26178005,89854004,1,01-APR-17,1,"N",16,5,20,"M",2,2,"N","","",20,0
2017,26178043,89854146,1,11-APR-17,1,"N",16,5,33,"M",1,2,"N","","",33,0
2017,26178046,89854146,2,11-APR-17,1,"N",16,5,30,"F",1,3,"N","","",30,0
2017,26178078,89854212,1,18-APR-17,3,"N",16,5,41,"F",2,2,"N","","",41,0
2017,26178096,89854243,1,18-APR-17,1,"N",16,5,36,"M",1,2,"R","","",36,0
2017,26178129,89854345,1,28-APR-17,1,"N",28,5,28,"M",2,2,"N","","",28,0
2017,26178016,89854040,1,03-APR-17,3,"N",23,5,37,"F",2,2,"N","","",37,0
2017,26178017,89854040,2,03-APR-17,3,"N",23,5,36,"M",2,2,"N","","",36,0
2017,26178022,89854071,1,05-APR-17,1,"N",16,5,28,"F",2,2,"N","","",28,0
2017,26178034,89854097,1,08-APR-17,1,"N",16,5,31,"F",2,2,"N","","",31,0
2017,26178037,89854123,1,09-APR-17,1,"N",16,5,24,"M",2,2,"N","","",24,0
2017,26178032,89854091,1,08-APR-17,1,"N",51,5,48,"M",2,2,"R","","",48,0
2017,26519407,90849289,1,11-JUL-17,3,"N",49,5,38,"M",1,2,"R","","",38,0
2017,26519478,90849509,1,30-JUL-17,1,"N",16,5,22,"M",2,2,"R","","",22,0
2017,26519392,90849241,2,03-JUL-17,1,"N",16,5,18,"M",1,2,"R","","",18,0
2017,26519394,90849241,3,03-JUL-17,1,"N",16,5,18,"M",1,2,"R","","",18,0
2017,26519391,90849241,1,03-JUL-17,1,"N",16,5,18,"F",1,2,"R","","",18,0
2017,26519431,90849352,1,12-JUL-17,1,"N",16,5,19,"M",1,2,"N","","",19,0
2017,26519462,90849438,1,21-JUL-17,1,"N",35,5,30,"M",1,2,"N","","",30,0
2017,26263847,90114770,1,01-MAY-17,1,"N",16,5,22,"F",1,2,"N","","",22,0
2017,26263850,90114770,2,01-MAY-17,1,"N",35,5,22,"M",1,2,"N","","",22,0
2017,26263848,90114765,1,02-MAY-17,1,"N",35,5,19,"M",2,2,"N","","",19,0
2017,26263965,90115094,1,28-MAY-17,1,"N",51,5,40,"M",1,2,"R","","",40,0
2017,26681639,91328399,1,08-AUG-17,1,"N",16,5,24,"M",2,2,"N","","",24,0
2017,26681686,91328528,1,17-AUG-17,1,"N",35,5,17,"M",1,2,"N","R","",17,0
2017,26681711,91328591,1,21-AUG-17,1,"N",28,5,22,"M",1,2,"N","","",22,0
2017,26681659,91328455,1,13-AUG-17,1,"N",16,5,33,"M",2,2,"R","","",33,0
2017,26681715,91328622,1,26-AUG-17,1,"N",16,5,19,"M",2,2,"N","","",19,0
2017,26681724,91328643,1,28-AUG-17,1,"N",16,5,48,"M",1,2,"N","","",48,0
2017,26681731,91328663,1,30-AUG-17,1,"N",16,5,19,"F",2,2,"R","","",19,0
2017,26681733,91328663,2,30-AUG-17,1,"N",16,5,19,"F",2,3,"R","","",19,0
2017,26263908,90114918,1,14-MAY-17,1,"N",51,5,20,"F",2,2,"R","","",20,0
2017,26263917,90114944,1,15-MAY-17,1,"N",16,5,18,"M",2,2,"R","","",18,0
2017,26263898,90114898,1,13-MAY-17,1,"N",16,5,18,"M",1,2,"R","","",18,0
2017,26263915,90114934,1,15-MAY-17,1,"N",16,5,18,"M",2,2,"R","","",18,0
2017,26027409,89448328,1,09-MAR-17,3,"N",44,5,60,"M",1,2,"N","","",60,0
2017,26027563,89448764,1,25-MAR-17,1,"N",16,5,27,"M",2,2,"R","","",27,0
2017,26027571,89448793,1,28-MAR-17,1,"N",16,5,44,"M",1,2,"N","","",44,0
2017,26369715,90415009,1,02-JUN-17,1,"N",35,5,23,"M",2,2,"N","","",23,0
2017,26369772,90415228,1,21-JUN-17,1,"N",16,5,20,"M",1,2,"N","","",20,0
2017,26369777,90415247,1,24-JUN-17,1,"N",35,5,47,"M",2,2,"N","","",47,0
2017,26681584,91328281,1,01-AUG-17,1,"N",16,5,16,"M",1,1,"N","R","",16,0
2017,26681631,91328384,1,09-AUG-17,3,"N",51,5,18,"M",1,2,"N","","",18,0
2017,26681666,91328490,1,15-AUG-17,1,"N",16,5,46,"M",1,2,"R","","",46,0
2017,26681712,91328597,1,22-AUG-17,1,"N",16,5,56,"M",1,2,"N","","",56,0
2017,26681706,91328570,1,20-AUG-17,1,"N",16,5,22,"M",2,2,"R","","",22,0
2017,25839984,88884867,1,03-FEB-17,1,"N",40,5,37,"M",1,2,"N","","",37,0
2017,25840046,88885015,1,20-FEB-17,1,"N",16,5,35,"M",2,2,"N","","",35,0
2017,26178006,89854013,1,01-APR-17,1,"N",16,5,23,"M",2,2,"R","","",23,0
2017,26178112,89854294,1,24-APR-17,1,"N",2,5,49,"M",1,2,"N","","",49,0
2017,25839986,88884868,1,04-FEB-17,1,"N",51,5,39,"F",2,2,"R","","",39,0
2017,25839993,88884879,1,04-FEB-17,1,"N",51,5,34,"M",2,2,"R","","",34,0
2017,25839998,88884893,1,06-FEB-17,1,"N",16,5,22,"M",2,2,"N","","",22,0
2017,25840045,88885012,2,20-FEB-17,1,"N",35,5,22,"F",1,3,"R","","",22,0
2017,25840044,88885012,1,20-FEB-17,1,"N",35,5,24,"M",2,2,"R","","",24,0
2017,25840056,88885039,1,26-FEB-17,1,"N",16,5,25,"M",2,2,"N","","",25,0
2017,25839999,88884891,1,06-FEB-17,1,"N",11,5,31,"M",2,2,"N","","",31,0
2017,25840035,88884986,1,17-FEB-17,1,"N",16,5,20,"M",2,2,"N","","",20,0
2017,26519388,90849231,1,10-JUL-17,3,"N",16,5,26,"M",2,2,"N","","",26,0
2017,26369693,90414960,1,01-JUN-17,1,"N",16,5,25,"F",2,2,"N","","",25,0
2017,26369723,90415024,1,04-JUN-17,1,"N",51,5,43,"F",1,2,"R","","",43,0
2017,26178030,89854088,1,07-APR-17,1,"N",51,5,44,"M",1,2,"N","","",44,0
2017,26178082,89854213,1,18-APR-17,1,"N",35,5,19,"M",2,2,"R","","",19,0
2017,26178113,89854297,1,24-APR-17,1,"N",51,5,49,"M",2,2,"R","","",49,0
2017,26178036,89854101,1,08-APR-17,1,"N",16,5,35,"F",1,3,"N","","",35,0
2017,26178143,89854367,1,30-APR-17,1,"N",51,5,31,"M",2,2,"N","","",31,0
2017,26178033,89854092,1,07-APR-17,1,"N",51,5,31,"F",1,2,"R","","",31,0
2017,26178066,89854186,1,18-APR-17,3,"N",51,5,31,"M",2,2,"R","","",31,0
2017,26263856,90114798,1,06-MAY-17,1,"N",51,5,18,"M",1,2,"R","","",18,0
2017,26263921,90114947,1,16-MAY-17,3,"N",39,5,21,"M",2,2,"R","","",21,0
2017,26027436,89448442,1,10-MAR-17,3,"N",51,5,33,"F",1,2,"R","","",33,0
2017,26027537,89448716,1,23-MAR-17,1,"N",2,5,31,"M",1,3,"N","","",31,0
2017,26027559,89448750,1,26-MAR-17,1,"N",16,5,29,"M",1,2,"R","","",29,0
2017,26027570,89448790,1,28-MAR-17,1,"N",16,5,38,"F",1,2,"N","","",38,0
2017,26027403,89448315,1,16-MAR-17,3,"N",44,5,61,"M",1,2,"R","","",61,0
2017,26027466,89448524,1,11-MAR-17,1,"N",51,5,39,"F",1,2,"R","","",39,0
2017,26027530,89448710,1,21-MAR-17,1,"N",16,5,30,"M",1,2,"N","","",30,0
2017,26027541,89448732,1,24-MAR-17,1,"N",16,5,21,"F",1,2,"N","","",21,0
2017,26027556,89448741,1,26-MAR-17,1,"N",28,5,21,"M",2,2,"N","","",21,0
2017,26519425,90849346,1,12-JUL-17,1,"N",27,5,19,"M",1,2,"R","","",19,0
2017,26519428,90849346,3,12-JUL-17,1,"N",27,5,18,"M",2,2,"R","","",18,0
2017,26519429,90849346,4,12-JUL-17,1,"N",27,5,16,"M",2,2,"R","R","",16,0
2017,26519427,90849346,2,12-JUL-17,1,"N",27,5,20,"M",1,2,"R","","",20,0
2017,26369697,90414986,1,01-JUN-17,1,"N",51,5,36,"M",1,2,"R","","",36,0
2017,26178144,89854366,1,30-APR-17,1,"N",44,5,27,"F",2,2,"R","","",27,0
2017,26369730,90415047,1,06-JUN-17,1,"N",32,5,21,"M",2,2,"N","","",21,0
2017,26369761,90415178,1,17-JUN-17,1,"N",35,5,21,"M",1,1,"R","","",21,0
2017,26369776,90415245,1,25-JUN-17,1,"N",51,5,31,"F",2,2,"R","","",31,0
2017,26519382,90849232,1,03-JUL-17,1,"N",16,5,21,"M",1,2,"N","","",21,0
2017,26519395,90849244,2,04-JUL-17,1,"N",16,5,22,"F",1,2,"R","","",22,0
2017,26519393,90849244,1,04-JUL-17,1,"N",16,5,28,"M",1,2,"N","","",28,0
2017,26519418,90849313,2,10-JUL-17,1,"N",35,5,38,"F",1,2,"N","","",38,0
2017,26519417,90849313,1,10-JUL-17,1,"N",35,5,38,"M",1,2,"N","","",38,0
2017,26519435,90849356,1,14-JUL-17,1,"N",16,5,18,"M",1,2,"N","","",18,0
2017,26519470,90849471,1,25-JUL-17,1,"N",16,5,30,"M",2,2,"N","","",30,0
2017,26681658,91328448,1,13-AUG-17,1,"N",44,5,19,"M",1,2,"R","","",19,0
2017,26681716,91328619,1,26-AUG-17,3,"N",16,5,25,"M",2,2,"N","","",25,0
2017,26681735,91328669,1,31-AUG-17,1,"N",51,5,30,"F",1,2,"R","","",30,0
2017,26519415,90849297,1,10-JUL-17,1,"N",16,5,21,"M",2,2,"N","","",21,0
2017,26519482,90849522,1,30-JUL-17,1,"N",16,5,35,"F",2,2,"N","","",35,0
2017,26263958,90115078,1,27-MAY-17,3,"N",23,5,43,"F",1,2,"R","","",43,0
2017,26263843,90114758,1,01-MAY-17,3,"N",16,5,24,"M",1,2,"N","","",24,0
2017,26263922,90114950,1,17-MAY-17,1,"N",16,5,28,"M",2,2,"N","","",28,0
2017,26263969,90115125,1,31-MAY-17,1,"N",16,5,20,"M",2,2,"R","","",20,0
2017,26681593,91328293,1,02-AUG-17,1,"N",35,5,39,"M",2,2,"R","","",39,0
2017,26681651,91328441,1,11-AUG-17,1,"N",16,5,16,"M",1,2,"R","R","",16,0
2017,26369708,90414996,1,27-JUN-17,3,"N",35,5,29,"F",1,2,"R","","",29,0
2017,26263895,90114895,1,13-MAY-17,1,"N",16,5,18,"M",1,2,"R","","",18,0
2017,26369789,90415296,1,30-JUN-17,1,"N",2,5,28,"F",2,2,"N","","",28,0
2017,26369793,90415296,2,30-JUN-17,1,"N",2,5,25,"F",2,2,"N","","",25,0
2017,26263845,90114774,2,02-MAY-17,1,"N",16,5,20,"M",2,2,"N","","",20,0
2017,26263842,90114774,1,02-MAY-17,1,"N",39,5,22,"M",2,2,"N","","",22,0
2017,26027501,89448622,1,15-MAR-17,1,"N",16,5,37,"M",1,2,"N","","",37,0
2017,26027524,89448707,1,21-MAR-17,1,"N",16,5,35,"M",2,2,"N","","",35,0
2017,26178127,89854339,2,27-APR-17,3,"N",23,5,21,"F",2,2,"N","","",21,0
2017,26178126,89854339,1,27-APR-17,3,"N",23,5,21,"F",2,2,"N","","",21,0
2017,26369734,90415074,1,07-JUN-17,1,"N",16,5,25,"M",2,2,"R","","",25,0
2017,26369717,90415003,1,02-JUN-17,1,"N",39,5,20,"M",2,2,"R","","",20,0
2017,26178039,89854120,1,09-APR-17,1,"N",16,5,22,"F",2,2,"N","","",22,0
2017,26178049,89854156,1,13-APR-17,1,"N",28,5,40,"M",1,2,"R","","",40,0
2017,26178130,89854352,1,28-APR-17,1,"N",16,5,21,"M",2,2,"R","","",21,0
2017,26369762,90415182,1,17-JUN-17,1,"N",16,5,30,"M",1,1,"R","","",30,0
2017,26027482,89448572,1,14-MAR-17,1,"N",16,5,23,"M",2,2,"R","","",23,0
2017,26263936,90114994,1,20-MAY-17,1,"N",16,5,23,"F",2,2,"N","","",23,0
2017,26263968,90115115,1,30-MAY-17,1,"N",16,5,28,"M",1,2,"R","","",28,0
2017,26178003,89853997,1,01-APR-17,1,"N",16,5,40,"F",2,2,"N","","",40,0
2017,26178031,89854089,1,07-APR-17,1,"N",35,5,31,"M",2,2,"N","","",31,0
2017,26178074,89854207,1,18-APR-17,1,"N",16,5,18,"M",2,2,"R","","",18,0
2017,26178108,89854277,1,21-APR-17,1,"N",39,5,60,"M",2,2,"N","","",60,0
2017,26369726,90415040,1,04-JUN-17,1,"N",16,5,25,"M",2,2,"R","","",25,0
2017,26369752,90415127,1,12-JUN-17,1,"N",16,5,55,"F",1,2,"N","","",55,0
2017,26369766,90415193,1,19-JUN-17,1,"N",16,5,29,"F",2,2,"N","","",29,0
2017,26178139,89854373,1,29-APR-17,1,"N",16,5,17,"F",1,2,"R","R","",17,0
2017,26519400,90849259,1,04-JUL-17,1,"N",16,5,42,"M",1,2,"N","","",42,0
2017,26519457,90849418,1,20-JUL-17,1,"N",5,5,22,"M",1,2,"N","","",22,0
2017,26178023,89854068,1,05-APR-17,1,"N",16,5,23,"F",1,2,"N","","",23,0
2017,26178101,89854250,1,19-APR-17,1,"N",16,5,26,"M",1,2,"N","","",26,0
2017,26369712,90414999,1,12-JUN-17,3,"N",51,5,19,"F",2,2,"N","","",19,0
2017,26369751,90415123,1,12-JUN-17,1,"N",35,5,34,"M",1,2,"N","","",34,0
2017,26369778,90415252,1,26-JUN-17,1,"N",28,5,21,"M",2,2,"N","","",21,0
2017,26369771,90415222,1,20-JUN-17,1,"N",16,5,29,"F",1,2,"N","","",29,0
2017,26369780,90415268,1,26-JUN-17,1,"N",16,5,30,"F",1,2,"N","","",30,0
2017,26519434,90849365,1,12-JUL-17,1,"N",16,5,17,"M",1,2,"R","R","",17,0
2017,26519438,90849365,2,12-JUL-17,1,"N",16,5,17,"M",1,2,"R","R","",17,0
2017,26519473,90849497,1,28-JUL-17,1,"N",51,5,24,"F",2,2,"R","","",24,0
2017,26519475,90849497,2,28-JUL-17,1,"N",51,5,22,"F",2,3,"R","","",22,0
2017,26369704,90414991,1,01-JUN-17,3,"N",41,5,20,"F",2,2,"N","","",20,0
2017,26369763,90415183,1,17-JUN-17,1,"N",35,5,21,"M",1,2,"N","","",21,0
2017,26369765,90415192,1,17-JUN-17,1,"N",16,5,19,"M",1,2,"N","","",19,0
2017,26681604,91328324,2,04-AUG-17,1,"N",23,5,31,"F",2,3,"N","","",31,0
2017,26681602,91328324,1,04-AUG-17,1,"N",23,5,29,"F",2,3,"N","","",29,0
2017,26681701,91328555,1,19-AUG-17,3,"N",20,5,20,"M",1,2,"N","","",20,0
2017,26681718,91328623,1,26-AUG-17,1,"N",16,5,29,"M",1,1,"N","","",29,0
2017,26681578,91328268,1,01-AUG-17,1,"N",16,5,20,"F",1,2,"N","","",20,0
2017,26681583,91328279,1,01-AUG-17,1,"N",16,5,25,"F",1,2,"R","","",25,0
2017,26681609,91328331,1,05-AUG-17,1,"N",39,5,21,"M",2,2,"N","","",21,0
2017,26681641,91328403,1,10-AUG-17,1,"N",44,5,36,"M",1,1,"N","","",36,0
2017,26263855,90114791,1,04-MAY-17,1,"N",16,5,25,"M",1,2,"R","","",25,0
2017,26915688,92050598,4,02-SEP-17,1,"N",16,5,41,"F",1,2,"N","","",41,0
2017,26915681,92050598,1,02-SEP-17,1,"N",16,5,33,"M",1,2,"N","","",33,0
2017,26263899,90114900,1,14-MAY-17,1,"N",51,5,31,"M",2,2,"R","","",31,0
2017,26263920,90114951,1,16-MAY-17,1,"N",16,5,22,"M",1,2,"N","","",22,0
2017,26263962,90115091,1,28-MAY-17,1,"N",35,5,20,"M",1,2,"N","","",20,0
2017,25839981,88884850,1,06-FEB-17,3,"N",44,5,80,"M",1,2,"N","","",80,0
2017,26369785,90415272,1,26-JUN-17,1,"N",16,5,27,"F",1,2,"N","","",27,0
2017,26369756,90415163,2,14-JUN-17,1,"N",23,5,28,"F",2,2,"N","","",28,0
2017,26369758,90415163,4,14-JUN-17,1,"N",23,5,29,"F",2,2,"N","","",29,0
2017,26369755,90415163,1,14-JUN-17,1,"N",23,5,22,"M",2,2,"N","","",22,0
2017,26369757,90415163,3,14-JUN-17,1,"N",23,5,29,"M",2,2,"N","","",29,0
2017,26681699,91328556,1,23-AUG-17,3,"N",28,5,35,"F",1,2,"N","","",35,0
2017,26681727,91328650,1,29-AUG-17,1,"N",16,5,20,"F",2,2,"N","","",20,0
2017,26178104,89854257,2,19-APR-17,1,"N",35,5,27,"M",2,2,"N","","",27,0
2017,26178118,89854322,1,26-APR-17,1,"N",16,5,18,"F",1,2,"N","","",18,0
2017,26369703,90414984,1,27-JUN-17,3,"N",35,5,29,"F",1,2,"N","","",29,0
2017,26369750,90415125,1,12-JUN-17,1,"N",5,5,63,"M",1,2,"R","","",63,0
2017,25840047,88885023,1,22-FEB-17,1,"N",23,5,19,"F",2,2,"N","","",19,0
2017,25840049,88885023,2,22-FEB-17,1,"N",23,5,34,"F",2,2,"N","","",34,0
2017,26519419,90849314,1,11-JUL-17,1,"N",39,5,36,"M",1,2,"N","","",36,0
2017,26519454,90849413,1,20-JUL-17,1,"N",51,5,22,"M",1,2,"N","","",22,0
2017,26178029,89854098,1,06-APR-17,1,"N",16,5,25,"M",4,2,"R","","",25,0
2017,26027459,89448515,1,08-MAR-17,1,"N",16,5,18,"M",2,3,"R","","",18,0
2017,26027442,89448491,1,08-MAR-17,1,"N",16,5,36,"M",1,2,"R","","",36,0
2017,26027472,89448541,1,11-MAR-17,1,"N",51,5,36,"F",2,2,"R","","",36,0
2017,26027467,89448543,2,10-MAR-17,1,"N",16,5,20,"M",1,2,"R","","",20,0
2017,26027464,89448543,1,10-MAR-17,1,"N",16,5,19,"M",1,2,"N","","",19,0
2017,26027492,89448586,1,14-MAR-17,1,"N",35,5,45,"F",1,2,"N","","",45,0
2017,26027502,89448608,1,15-MAR-17,1,"N",16,5,20,"M",2,2,"R","","",20,0
2017,26027538,89448726,1,30-MAR-17,3,"N",44,5,53,"F",1,2,"R","","",53,0
2017,26178024,89854072,1,05-APR-17,1,"N",35,5,19,"M",1,2,"N","","",19,0
2017,26178035,89854103,1,08-APR-17,1,"N",16,5,19,"F",1,2,"R","","",19,0
2017,26178105,89854254,1,19-APR-17,3,"N",16,5,24,"F",1,2,"N","","",24,0
2017,26369759,90415175,1,17-JUN-17,1,"N",16,5,21,"M",1,1,"R","","",21,0
2017,26027455,89448497,1,08-MAR-17,1,"N",16,5,43,"F",1,2,"N","","",43,0
2017,26027504,89448620,1,16-MAR-17,1,"N",35,5,61,"M",1,2,"N","","",61,0
2017,26369782,90415257,1,27-JUN-17,1,"N",16,5,31,"M",2,2,"N","","",31,0
2017,26519378,90849197,1,02-JUL-17,1,"N",16,5,36,"F",1,2,"R","","",36,0
2017,26681678,91328509,1,16-AUG-17,1,"N",35,5,43,"F",1,2,"N","","",43,0
2017,26681728,91328654,1,29-AUG-17,1,"N",39,5,24,"M",2,2,"N","","",24,0
2017,26369725,90415026,1,03-JUN-17,1,"N",16,5,45,"M",1,2,"N","","",45,0
2017,26263852,90114778,1,01-MAY-17,1,"N",23,5,21,"F",2,2,"N","","",21,0
2017,26263861,90114810,1,06-MAY-17,1,"N",35,5,38,"M",1,2,"R","","",38,0
2017,26263868,90114843,1,15-MAY-17,1,"N",51,5,19,"M",2,2,"N","","",19,0
2017,26263901,90114904,1,14-MAY-17,1,"N",16,5,20,"M",1,3,"R","","",20,0
2017,26519385,90849217,1,08-JUL-17,3,"N",40,5,24,"M",2,2,"R","","",24,0
2017,25839995,88884881,1,05-FEB-17,1,"N",16,5,22,"F",2,2,"R","","",22,0
2017,25840001,88884897,1,07-FEB-17,3,"N",16,5,35,"M",1,2,"N","","",35,0
2017,25840011,88884918,1,11-FEB-17,1,"N",51,5,29,"M",2,2,"R","","",29,0
2017,25840050,88885033,1,28-FEB-17,3,"N",35,5,33,"M",1,2,"N","","",33,0
2017,26519445,90849375,1,14-JUL-17,1,"N",16,5,20,"M",1,2,"N","","",20,0
2017,26369696,90414969,1,01-JUN-17,1,"N",16,5,20,"M",2,3,"N","","",20,0
2017,26027503,89448610,1,14-MAR-17,1,"N",16,5,24,"F",2,2,"N","","",24,0
2017,26027573,89448792,1,28-MAR-17,1,"N",35,5,44,"F",2,2,"N","","",44,0
2017,26519421,90849325,1,10-JUL-17,1,"N",16,5,35,"M",1,2,"N","","",35,0
2017,26519467,90849455,2,24-JUL-17,1,"N",23,5,21,"M",2,2,"N","","",21,0
2017,26519465,90849455,1,24-JUL-17,1,"N",23,5,22,"F",2,2,"N","","",22,0
2017,26519468,90849455,3,24-JUL-17,1,"N",23,5,19,"M",2,2,"N","","",19,0
2017,26519476,90849504,1,29-JUL-17,1,"N",51,5,24,"M",1,2,"R","","",24,0
2017,26027449,89448487,1,08-MAR-17,1,"N",35,5,25,"F",1,2,"R","","",25,0
2017,26027474,89448551,1,11-MAR-17,1,"N",16,5,23,"M",1,2,"R","","",23,0
2017,26027389,89448317,1,02-MAR-17,1,"N",51,5,58,"M",1,2,"R","","",58,0
2017,26027457,89448503,1,08-MAR-17,1,"N",51,5,34,"M",1,3,"R","","",34,0
2017,26027477,89448569,1,13-MAR-17,1,"N",16,5,20,"M",2,2,"R","","",20,0
2017,26027567,89448773,1,27-MAR-17,1,"N",16,5,26,"M",2,2,"R","","",26,0
2017,26263876,90114865,2,11-MAY-17,1,"N",35,5,20,"M",1,2,"N","","",20,0
2017,26263873,90114865,1,11-MAY-17,1,"N",35,5,32,"F",1,2,"N","","",32,0
2017,26263903,90114908,1,14-MAY-17,1,"N",16,5,23,"M",1,2,"R","","",23,0
2017,26369754,90415143,1,12-JUN-17,1,"N",16,5,21,"M",2,2,"N","","",21,0
2017,26178018,89854059,1,03-APR-17,1,"N",16,5,30,"M",1,2,"N","","",30,0
2017,26519379,90849203,1,02-JUL-17,1,"N",16,5,51,"F",1,3,"N","","",51,0
2017,26519389,90849224,1,03-JUL-17,1,"N",35,5,32,"F",1,2,"N","","",32,0
2017,26519409,90849288,1,09-JUL-17,1,"N",51,5,63,"M",1,2,"R","","",63,0
2017,26519432,90849364,2,12-JUL-17,1,"N",27,5,20,"M",1,2,"R","","",20,0
2017,26519430,90849364,1,12-JUL-17,1,"N",27,5,19,"M",1,2,"R","","",19,0
2017,26519437,90849364,4,12-JUL-17,1,"N",27,5,16,"M",2,2,"R","R","",16,0
2017,26519433,90849364,3,12-JUL-17,1,"N",27,5,18,"M",2,2,"R","","",18,0
2017,26519443,90849371,1,14-JUL-17,1,"N",28,5,15,"M",2,2,"N","R","",15,0
2017,26519453,90849410,1,19-JUL-17,1,"N",51,5,39,"F",1,1,"R","","",39,0
2017,26369735,90415085,1,06-JUN-17,1,"N",16,5,26,"M",2,2,"N","","",26,0
2017,26369753,90415138,1,12-JUN-17,1,"N",51,5,37,"M",2,2,"R","","",37,0
2017,26369781,90415259,1,27-JUN-17,1,"N",16,5,21,"M",2,3,"N","","",21,0
2017,26681619,91328360,1,05-AUG-17,1,"N",35,5,34,"F",1,2,"R","","",34,0
2017,26681626,91328380,1,09-AUG-17,1,"N",16,5,24,"M",2,2,"R","","",24,0
2017,26681695,91328559,1,19-AUG-17,1,"N",16,5,38,"M",1,2,"N","","",38,0
2017,26681700,91328559,2,19-AUG-17,1,"N",16,5,35,"M",1,2,"N","","",35,0
2017,26369783,90415267,1,27-JUN-17,1,"N",16,5,22,"F",1,2,"N","","",22,0
2017,26681725,91328641,1,29-AUG-17,1,"N",28,5,29,"M",2,2,"N","","",29,0
2017,26681729,91328659,1,30-AUG-17,1,"N",51,5,23,"F",2,2,"R","","",23,0
2017,26369736,90415095,1,07-JUN-17,1,"N",16,5,20,"M",1,2,"N","","",20,0
2017,26369737,90415095,2,07-JUN-17,1,"N",16,5,19,"F",1,2,"R","","",19,0
2017,26369745,90415105,1,10-JUN-17,1,"N",35,5,26,"M",1,2,"R","","",26,0
2017,26369768,90415202,1,18-JUN-17,1,"N",16,5,21,"M",1,2,"N","","",21,0
2017,26369773,90415225,1,22-JUN-17,1,"N",51,5,21,"M",2,2,"N","","",21,0
2017,26369784,90415263,1,27-JUN-17,1,"N",21,5,20,"M",1,3,"N","","",20,0
2017,26681599,91328316,1,04-AUG-17,1,"N",16,5,21,"M",2,2,"N","","",21,0
2017,26681628,91328386,1,09-AUG-17,1,"N",16,5,33,"F",1,2,"N","","",33,0
2017,26681681,91328520,1,16-AUG-17,1,"N",16,5,30,"M",2,2,"R","","",30,0
2017,26519413,90849310,1,09-JUL-17,1,"N",16,5,38,"M",1,2,"R","","",38,0
2017,26519458,90849420,1,20-JUL-17,1,"N",15,5,19,"F",2,2,"N","","",19,0
2017,25839969,88884821,1,01-FEB-17,1,"N",16,5,34,"M",1,2,"N","","",34,0
2017,25839982,88884851,1,03-FEB-17,1,"N",35,5,25,"M",1,2,"N","","",25,0
2017,25840037,88884999,1,19-FEB-17,1,"N",16,5,18,"M",1,3,"R","","",18,0
2017,25840051,88885035,1,25-FEB-17,1,"N",51,5,26,"F",4,2,"R","","",26,0
2017,26681617,91328355,1,06-AUG-17,1,"N",16,5,27,"F",1,2,"N","","",27,0
2017,26681625,91328378,1,08-AUG-17,1,"N",35,5,28,"F",1,2,"R","","",28,0
2017,26681645,91328420,1,11-AUG-17,1,"N",51,5,27,"F",2,2,"R","","",27,0
2017,26681676,91328506,1,16-AUG-17,1,"N",51,5,18,"M",1,2,"R","","",18,0
2017,26681693,91328542,1,18-AUG-17,1,"N",16,5,19,"M",1,2,"N","","",19,0
2017,26681717,91328621,1,26-AUG-17,1,"N",51,5,25,"F",2,2,"R","","",25,0
2017,26263914,90114931,1,16-MAY-17,1,"N",16,5,18,"F",1,2,"N","","",18,0
2017,26178045,89854136,1,11-APR-17,3,"N",16,5,24,"M",2,2,"N","","",24,0
2017,26178004,89854002,1,04-APR-17,3,"N",51,5,57,"M",1,3,"N","","",57,0
2017,26178027,89854086,1,06-APR-17,1,"N",35,5,23,"F",1,3,"N","","",23,0
2017,26178028,89854086,2,06-APR-17,1,"N",35,5,45,"F",1,3,"N","","",45,0
2017,26178052,89854162,1,14-APR-17,1,"N",16,5,48,"F",1,2,"N","","",48,0
2017,26178116,89854304,1,24-APR-17,1,"N",16,5,28,"F",1,2,"N","","",28,0
2017,26263874,90114875,2,12-MAY-17,1,"N",45,5,44,"M",1,3,"N","","",44,0
2017,26263872,90114875,1,12-MAY-17,1,"N",45,5,42,"F",1,2,"N","","",42,0
2017,25839989,88884877,1,04-FEB-17,1,"N",16,5,27,"F",2,2,"N","","",27,0
2017,25840043,88885008,1,20-FEB-17,3,"N",16,5,25,"M",2,2,"N","","",25,0
2017,25840063,88885067,1,28-FEB-17,1,"N",16,5,33,"M",1,2,"N","","",33,0
2017,26178025,89854074,1,06-APR-17,1,"N",28,5,58,"M",2,2,"N","","",58,0
2017,26178050,89854160,1,14-APR-17,1,"N",51,5,22,"F",1,2,"R","","",22,0
2017,26178073,89854205,1,17-APR-17,1,"N",16,5,28,"M",2,2,"N","","",28,0
2017,26263857,90114799,1,05-MAY-17,1,"N",44,5,45,"M",1,2,"R","","",45,0
2017,26263865,90114837,1,10-MAY-17,1,"N",16,5,32,"M",2,2,"N","","",32,0
2017,26263947,90115033,1,23-MAY-17,1,"N",16,5,24,"M",1,2,"N","","",24,0
2017,25840038,88885006,2,18-FEB-17,1,"N",16,5,20,"M",2,2,"N","","",20,0
2017,25840036,88885006,1,18-FEB-17,1,"N",28,5,19,"M",2,2,"N","","",19,0
2017,26263905,90114909,1,14-MAY-17,1,"N",51,5,41,"F",2,2,"N","","",41,0
2017,26263954,90115052,1,25-MAY-17,1,"N",16,5,24,"F",2,2,"N","","",24,0
2017,26519383,90849207,1,02-JUL-17,1,"N",16,5,18,"M",2,2,"N","","",18,0
2017,26519410,90849293,1,09-JUL-17,1,"N",16,5,23,"M",2,2,"N","","",23,0
2017,26519436,90849360,1,13-JUL-17,1,"N",23,5,21,"F",1,2,"N","","",21,0
2017,26519451,90849397,1,24-JUL-17,3,"N",44,5,38,"M",2,2,"R","","",38,0
2017,26519450,90849411,1,17-JUL-17,1,"N",16,5,21,"M",2,2,"N","","",21,0
2017,26519452,90849411,2,17-JUL-17,1,"N",35,5,21,"M",2,2,"N","","",21,0
2017,26519460,90849442,1,21-JUL-17,1,"N",16,5,22,"M",2,2,"N","","",22,0
2017,26178053,89854164,1,15-APR-17,1,"N",51,5,41,"M",2,2,"R","","",41,0
2017,26178069,89854198,1,15-APR-17,1,"N",16,5,20,"M",2,2,"N","","",20,0
2017,26178115,89854303,1,25-APR-17,1,"N",16,5,31,"F",1,2,"N","","",31,0
2017,26263844,90114759,1,02-MAY-17,1,"N",16,5,35,"F",2,2,"N","","",35,0
2017,26263913,90114930,1,15-MAY-17,1,"N",16,5,25,"M",2,2,"N","","",25,0
2017,26369706,90414992,1,05-JUN-17,3,"N",51,5,41,"M",1,2,"N","","",41,0
2017,26369718,90415007,1,03-JUN-17,1,"N",51,5,44,"M",2,2,"R","","",44,0
2017,26369728,90415049,1,05-JUN-17,1,"N",16,5,34,"F",1,2,"N","","",34,0
2017,26369786,90415269,1,28-JUN-17,1,"N",51,5,18,"M",2,2,"R","","",18,0
2017,26519481,90849523,2,30-JUL-17,1,"N",2,5,35,"F",2,2,"N","","",35,0
2017,26519480,90849523,1,30-JUL-17,1,"N",2,5,37,"F",2,2,"N","","",37,0
2017,26519485,90849530,1,30-JUL-17,1,"N",35,5,27,"F",2,2,"N","","",27,0
2017,26519486,90849530,2,30-JUL-17,1,"N",16,5,31,"F",1,2,"N","","",31,0
2017,26027402,89448302,1,08-MAR-17,3,"N",44,5,20,"M",1,2,"N","","",20,0
2017,26027519,89448684,1,20-MAR-17,1,"N",16,5,19,"M",2,2,"R","","",19,0
2017,26178071,89854196,1,16-APR-17,1,"N",39,5,23,"M",2,2,"N","","",23,0
2017,26178072,89854206,1,17-APR-17,1,"N",16,5,21,"M",1,2,"R","","",21,0
2017,26369770,90415212,1,20-JUN-17,1,"N",16,5,41,"M",1,2,"N","","",41,0
2017,27082577,92555064,1,02-OCT-17,1,"N",39,5,22,"M",1,2,"N","","",22,0
2017,27082592,92555083,1,15-OCT-17,3,"N",2,5,23,"M",1,2,"N","","",23,0
2017,27082638,92555243,1,20-OCT-17,1,"N",16,5,24,"M",2,2,"N","","",24,0
2017,27082640,92555243,3,20-OCT-17,1,"N",16,5,26,"M",1,2,"R","","",26,0
2017,27082639,92555243,2,20-OCT-17,1,"N",16,5,21,"M",2,2,"N","","",21,0
2017,27082642,92555243,5,20-OCT-17,1,"N",16,5,24,"F",1,2,"R","","",24,0
2017,26519397,90849248,1,04-JUL-17,1,"N",39,5,23,"M",2,2,"N","","",23,0
2017,26519402,90849264,1,10-JUL-17,3,"N",16,5,26,"M",2,2,"N","","",26,0
2017,26519414,90849308,1,09-JUL-17,1,"N",16,5,20,"M",2,2,"N","","",20,0
2017,26263893,90114897,2,12-MAY-17,1,"N",16,5,20,"M",1,2,"N","","",20,0
2017,26263959,90115080,1,27-MAY-17,1,"N",16,5,28,"M",1,1,"R","","",28,0
2017,26263891,90114897,1,12-MAY-17,1,"N",16,5,19,"F",1,2,"R","","",19,0
2017,26681635,91328394,1,09-AUG-17,1,"N",16,5,31,"F",1,2,"N","","",31,0
2017,25839997,88884884,1,25-FEB-17,2,"N",51,5,28,"M",2,2,"R","","",28,0
2017,25840025,88884955,1,14-FEB-17,1,"N",16,5,38,"F",1,2,"N","","",38,0
2017,25840041,88885007,1,20-FEB-17,1,"N",16,5,47,"M",1,2,"N","","",47,0
2017,25839974,88884841,1,02-FEB-17,1,"N",16,5,47,"M",1,2,"N","","",47,0
2017,26681620,91328369,1,06-AUG-17,1,"N",16,5,47,"F",1,2,"N","","",47,0
2017,26681621,91328369,2,06-AUG-17,1,"N",16,5,34,"F",1,2,"N","","",34,0
2017,26263860,90114809,2,06-MAY-17,1,"N",23,5,46,"M",1,2,"N","","",46,0
2017,26263927,90114972,1,19-MAY-17,1,"N",16,5,29,"M",1,3,"N","","",29,0
2017,26263859,90114809,1,06-MAY-17,1,"N",23,5,43,"F",1,2,"N","","",43,0
2017,26263956,90115060,1,25-MAY-17,1,"N",35,5,35,"M",1,2,"N","","",35,0
2017,25840042,88885011,1,20-FEB-17,1,"N",16,5,24,"M",1,2,"N","","",24,0
2017,26519401,90849265,1,07-JUL-17,1,"N",16,5,20,"F",2,3,"R","","",20,0
2017,26263846,90114773,1,02-MAY-17,1,"N",51,5,21,"M",1,2,"R","","",21,0
2017,26263880,90114864,1,11-MAY-17,1,"N",16,5,27,"F",1,2,"N","","",27,0
2017,26519440,90849362,1,14-JUL-17,1,"N",39,5,15,"M",2,2,"N","R","",15,0
2017,26519459,90849429,1,20-JUL-17,1,"N",15,5,41,"F",1,2,"N","","",41,0
2017,26681579,91328269,1,02-AUG-17,1,"N",51,5,20,"M",2,2,"R","","",20,0
2017,26681640,91328404,1,10-AUG-17,1,"N",28,5,31,"M",1,2,"N","","",31,0
2017,26681670,91328501,2,15-AUG-17,1,"N",16,5,33,"F",1,2,"N","","",33,0
2017,26681669,91328501,1,15-AUG-17,1,"N",16,5,49,"M",1,2,"R","","",49,0
2017,26681707,91328574,1,19-AUG-17,1,"N",16,5,40,"M",1,2,"N","","",40,0
2017,26027540,89448728,1,23-MAR-17,1,"N",16,5,32,"M",2,2,"N","","",32,0
2017,26027401,89448305,1,01-MAR-17,3,"N",2,5,36,"M",2,2,"N","","",36,0
2017,26027497,89448611,1,14-MAR-17,1,"N",16,5,31,"M",1,2,"N","","",31,0
2017,26027505,89448641,1,16-MAR-17,1,"N",16,5,28,"F",1,2,"N","","",28,0
2017,26027547,89448733,1,24-MAR-17,1,"N",51,5,26,"F",2,2,"R","","",26,0
2017,26178106,89854265,1,20-APR-17,1,"N",51,5,47,"M",4,2,"R","","",47,0
2017,26369705,90414994,1,29-JUN-17,3,"N",16,5,24,"F",2,2,"N","","",24,0
2017,26369788,90415284,1,28-JUN-17,3,"N",28,5,19,"F",2,2,"R","","",19,0
2017,26263918,90114945,1,16-MAY-17,1,"N",16,5,36,"F",1,2,"N","","",36,0
2017,26681684,91328522,1,16-AUG-17,1,"N",35,5,18,"M",2,2,"R","","",18,0
2017,26681726,91328644,1,29-AUG-17,1,"N",35,5,71,"M",1,2,"N","","",71,0
2017,26519456,90849424,1,20-JUL-17,1,"N",5,5,22,"M",1,2,"N","","",22,0
2017,26519471,90849477,1,26-JUL-17,1,"N",16,5,31,"M",4,2,"N","","",31,0
2017,26519472,90849486,1,28-JUL-17,3,"N",28,5,35,"F",1,2,"N","","",35,0
2017,26681730,91328660,1,30-AUG-17,1,"N",37,5,19,"M",2,2,"N","","",19,0
2017,26369749,90415122,1,11-JUN-17,1,"N",16,5,29,"M",2,3,"N","","",29,0
2017,26369767,90415195,1,19-JUN-17,1,"N",16,5,19,"M",2,2,"N","","",19,0
2017,26369792,90415295,1,30-JUN-17,1,"N",16,5,25,"F",2,2,"N","","",25,0
2017,25840059,88885051,1,27-FEB-17,1,"N",2,5,38,"M",1,2,"N","","",38,0
2017,25840062,88885064,1,27-FEB-17,1,"N",16,5,38,"M",1,2,"N","","",38,0
2017,25840016,88884941,1,12-FEB-17,3,"N",23,5,40,"F",1,2,"N","","",40,0
2017,25840020,88884941,2,12-FEB-17,3,"N",23,5,40,"F",1,2,"N","","",40,0
2017,25840058,88885045,1,26-FEB-17,1,"N",39,5,25,"M",2,2,"N","","",25,0
2017,25839976,88884838,1,02-FEB-17,1,"N",16,5,34,"M",1,2,"N","","",34,0
2017,26369716,90415004,1,03-JUN-17,1,"N",16,5,17,"F",1,2,"N","R","",17,0
2017,26369740,90415099,1,09-JUN-17,1,"N",28,5,26,"M",2,2,"N","","",26,0
2017,26369746,90415110,1,10-JUN-17,1,"N",16,5,23,"F",1,2,"R","","",23,0
2017,26369760,90415184,1,17-JUN-17,1,"N",16,5,21,"M",1,2,"R","","",21,0
2017,26369774,90415242,1,22-JUN-17,1,"N",16,5,46,"M",1,2,"N","","",46,0
2017,26369775,90415242,2,22-JUN-17,3,"N",16,5,41,"M",1,2,"N","","",41,0
2017,26519396,90849252,1,04-JUL-17,1,"N",28,5,28,"M",2,2,"N","","",28,0
2017,26681709,91328584,1,21-AUG-17,1,"N",40,5,22,"M",1,2,"N","","",22,0
2017,26519390,90849235,1,04-JUL-17,1,"N",51,5,26,"M",1,2,"R","","",26,0
2017,26519404,90849274,1,08-JUL-17,1,"N",16,5,18,"F",1,2,"N","","",18,0
2017,26519411,90849302,1,09-JUL-17,1,"N",16,5,44,"M",2,2,"N","","",44,0
2017,26519479,90849513,1,30-JUL-17,1,"N",44,5,32,"M",2,2,"R","","",32,0
2017,26519484,90849526,2,30-JUL-17,1,"N",16,5,19,"M",1,1,"N","","",19,0
2017,26519483,90849526,1,30-JUL-17,1,"N",16,5,18,"M",1,1,"N","","",18,0
2017,26519381,90849226,1,02-JUL-17,1,"N",40,5,51,"F",1,3,"N","","",51,0
2017,26519403,90849269,1,06-JUL-17,1,"N",16,5,19,"M",2,2,"N","","",19,0
2017,26519463,90849446,1,21-JUL-17,1,"C",16,5,22,"M",2,2,"N","","",22,0
2017,26519487,90849527,1,31-JUL-17,1,"N",35,5,22,"F",1,2,"N","","",22,0
2017,26369787,90415270,1,28-JUN-17,1,"N",44,5,19,"F",2,2,"R","","",19,0
2017,25840033,88884971,1,16-FEB-17,1,"N",16,5,23,"F",2,2,"R","","",23,0
2017,26263900,90114903,1,14-MAY-17,1,"N",16,5,25,"M",1,3,"N","","",25,0
2017,26263923,90114956,1,18-MAY-17,1,"N",39,5,21,"M",1,2,"R","","",21,0
2017,26681594,91328296,3,02-AUG-17,3,"N",23,5,17,"F",1,2,"N","R","",17,0
2017,26681589,91328296,1,02-AUG-17,3,"N",23,5,37,"F",1,2,"N","","",37,0
2017,26681591,91328296,2,02-AUG-17,3,"N",23,5,17,"F",1,2,"N","R","",17,0
2017,26681653,91328443,1,12-AUG-17,1,"N",16,5,28,"F",2,2,"N","","",28,0
2017,26681719,91328624,1,27-AUG-17,1,"N",51,5,41,"M",1,2,"R","","",41,0
2017,26681734,91328670,1,30-AUG-17,1,"N",16,5,39,"M",1,2,"R","","",39,0
2017,25840018,88884947,1,12-FEB-17,1,"N",40,5,24,"F",2,2,"N","","",24,0
2017,25840021,88884947,2,12-FEB-17,1,"N",40,5,24,"M",2,2,"N","","",24,0
2017,26263862,90114817,1,19-MAY-17,3,"N",51,5,28,"M",2,2,"R","","",28,0
2017,26263909,90114919,1,14-MAY-17,1,"N",51,5,48,"F",2,2,"R","","",48,0
2017,26681710,91328585,1,21-AUG-17,1,"N",28,5,42,"M",2,2,"N","","",42,0
2017,26178009,89854017,1,25-APR-17,3,"N",5,5,21,"M",1,1,"R","","",21,0
2017,26178100,89854256,1,19-APR-17,1,"N",51,5,24,"M",2,2,"R","","",24,0
2017,26178103,89854256,2,19-APR-17,1,"N",51,5,24,"F",1,2,"R","","",24,0
2017,25839970,88884823,1,01-FEB-17,1,"N",16,5,41,"M",1,2,"N","","",41,0
2017,25840040,88885000,1,20-FEB-17,1,"N",44,5,16,"M",2,3,"R","R","",16,0
2017,26027565,89448762,2,26-MAR-17,1,"N",49,5,28,"M",2,2,"N","","",28,0
2017,26027564,89448762,1,26-MAR-17,1,"N",49,5,50,"M",2,2,"N","","",50,0
2017,26519416,90849306,1,10-JUL-17,1,"N",16,5,31,"F",2,2,"N","","",31,0
2017,26519422,90849318,1,11-JUL-17,1,"N",44,5,40,"M",1,2,"N","","",40,0
2017,26519424,90849349,1,12-JUL-17,3,"N",16,5,29,"M",1,2,"N","","",29,0
2017,26519441,90849368,1,14-JUL-17,1,"N",51,5,24,"M",2,2,"N","","",24,0
2017,26519449,90849394,1,16-JUL-17,1,"N",16,5,24,"F",2,2,"N","","",24,0
2017,26027476,89448557,1,12-MAR-17,1,"N",39,5,18,"M",2,2,"R","","",18,0
2017,26027506,89448639,1,17-MAR-17,1,"N",16,5,22,"M",2,2,"N","","",22,0
2017,26027544,89448731,1,24-MAR-17,1,"N",16,5,31,"F",1,2,"N","","",31,0
2017,26178008,89854012,1,23-APR-17,3,"N",44,5,43,"M",2,2,"R","","",43,0
2017,26178075,89854203,1,18-APR-17,1,"N",35,5,32,"M",1,2,"N","","",32,0
2017,26263858,90114803,1,05-MAY-17,1,"N",16,5,23,"M",1,2,"R","","",23,0
2017,26369694,90414954,1,01-JUN-17,1,"N",16,5,25,"M",2,2,"N","","",25,0
2017,26369700,90414975,1,01-JUN-17,1,"N",16,5,20,"F",1,2,"R","","",20,0
2017,26519380,90849213,1,02-JUL-17,1,"N",16,5,21,"F",2,2,"N","","",21,0
2017,26519387,90849227,1,10-JUL-17,3,"N",16,5,26,"M",2,2,"N","","",26,0
2017,26519455,90849416,1,20-JUL-17,1,"N",49,5,22,"M",1,2,"N","","",22,0
2017,26519477,90849505,1,29-JUL-17,1,"N",16,5,22,"M",2,2,"R","","",22,0
2017,26681592,91328297,1,02-AUG-17,1,"N",16,5,26,"F",1,2,"N","","",26,0
2017,26681673,91328505,1,16-AUG-17,1,"N",16,5,26,"F",2,2,"R","","",26,0
2017,26178020,89854056,1,04-APR-17,1,"N",51,5,18,"F",2,2,"N","","",18,0
2017,26178040,89854122,1,10-APR-17,1,"N",51,5,46,"M",1,3,"R","","",46,0
2017,26519399,90849247,1,04-JUL-17,1,"N",35,5,44,"F",1,2,"N","","",44,0
2017,26519420,90849315,1,24-JUL-17,3,"N",51,5,21,"F",1,2,"R","","",21,0
2017,26369695,90414974,1,01-JUN-17,1,"N",16,5,35,"M",2,2,"R","","",35,0
2017,26369748,90415117,4,09-JUN-17,1,"N",16,5,19,"M",2,2,"N","","",19,0
2017,26369743,90415117,1,09-JUN-17,1,"N",16,5,26,"M",2,2,"N","","",26,0
2017,26369744,90415117,2,09-JUN-17,1,"N",16,5,18,"M",2,2,"N","","",18,0
2017,26369747,90415117,3,09-JUN-17,1,"N",16,5,24,"M",2,2,"N","","",24,0
2017,26369764,90415189,1,17-JUN-17,1,"N",16,5,20,"M",2,2,"N","","",20,0
2017,26369732,90415059,1,06-JUN-17,1,"N",39,5,24,"M",2,2,"N","","",24,0
2017,26369742,90415106,1,10-JUN-17,1,"N",16,5,19,"M",1,2,"N","","",19,0
2017,26369769,90415201,1,19-JUN-17,1,"N",16,5,34,"F",1,2,"N","","",34,0
2017,26369779,90415254,1,26-JUN-17,1,"N",16,5,24,"F",1,2,"N","","",24,0
2017,26681595,91328298,1,02-AUG-17,3,"N",35,5,26,"M",1,2,"R","","",26,0
2017,26681623,91328371,1,07-AUG-17,1,"N",51,5,26,"M",2,2,"R","","",26,0
2017,26681671,91328503,1,16-AUG-17,1,"N",40,5,43,"F",1,2,"N","","",43,0
2017,26681618,91328359,1,06-AUG-17,1,"N",16,5,18,"F",1,2,"N","","",18,0
2017,26681627,91328377,1,08-AUG-17,1,"N",16,5,24,"M",2,2,"N","","",24,0
2017,26681637,91328396,1,09-AUG-17,1,"N",16,5,31,"F",1,2,"N","","",31,0
2017,26681655,91328446,1,12-AUG-17,1,"N",16,5,28,"M",1,2,"R","","",28,0
2017,26681708,91328576,1,20-AUG-17,1,"N",40,5,38,"M",2,2,"N","","",38,0
2017,26519384,90849209,1,02-JUL-17,1,"N",16,5,19,"M",1,2,"R","","",19,0
2017,26519444,90849369,1,14-JUL-17,1,"N",39,5,15,"M",2,2,"N","R","",15,0
2017,26519461,90849432,1,21-JUL-17,1,"N",51,5,22,"M",1,3,"R","","",22,0
2017,26681649,91328431,1,11-AUG-17,1,"N",16,5,28,"F",2,2,"N","","",28,0
2017,26681713,91328599,1,22-AUG-17,1,"N",16,5,19,"M",1,2,"N","","",19,0
2017,29958171,100963770,1,02-FEB-18,3,"N",51,5,20,"M",2,2,"N","","",20,0
2017,25839971,88884820,1,02-FEB-17,1,"N",35,5,19,"F",1,2,"N","","",19,0
2017,25840010,88884923,1,10-FEB-17,1,"N",16,5,20,"F",1,2,"R","","",20,0
2017,25840034,88884979,1,16-FEB-17,1,"N",16,5,18,"M",1,2,"R","","",18,0
2017,25676988,88430763,1,14-JAN-17,1,"N",39,5,18,"M",1,2,"R","","",18,0
2017,25677017,88430868,1,26-JAN-17,1,"N",16,5,23,"M",2,3,"R","","",23,0
2017,25676978,88430732,1,09-JAN-17,1,"N",16,5,27,"F",2,2,"R","","",27,0
2017,25676984,88430758,1,14-JAN-17,1,"N",11,5,18,"M",1,2,"R","","",18,0
2017,25676995,88430802,1,17-JAN-17,1,"N",16,5,22,"F",2,2,"N","","",22,0
2017,25677004,88430818,1,19-JAN-17,1,"N",16,5,20,"F",2,2,"R","","",20,0
2017,25677005,88430832,1,19-JAN-17,1,"N",16,5,18,"F",1,1,"N","","",18,0
2017,25677006,88430832,2,19-JAN-17,1,"N",16,5,18,"M",1,2,"R","","",18,0
2017,25677000,88430808,1,19-JAN-17,1,"N",35,5,24,"M",1,2,"R","","",24,0
2017,25676981,88430742,1,10-JAN-17,1,"N",2,5,31,"F",2,2,"N","","",31,0
2017,25677012,88430854,1,24-JAN-17,1,"N",16,5,24,"F",2,3,"N","","",24,0
2017,25676991,88430771,1,15-JAN-17,1,"N",51,5,21,"M",2,2,"R","","",21,0
2017,25676987,88430762,1,14-JAN-17,1,"N",16,5,18,"M",1,2,"R","","",18,0
2017,25677014,88430862,1,24-JAN-17,1,"N",35,5,53,"M",2,2,"N","","",53,0
2017,25676980,88430743,1,11-JAN-17,1,"N",16,5,46,"F",1,2,"R","","",46,0
2017,25676985,88430760,1,14-JAN-17,1,"N",16,5,18,"M",2,2,"N","","",18,0
2017,25677010,88430838,1,22-JAN-17,1,"N",40,5,31,"M",2,2,"N","","",31,0
2017,25676999,88430811,1,19-JAN-17,1,"N",16,5,30,"M",1,2,"N","","",30,0
2017,25676965,88430684,1,01-JAN-17,1,"N",16,5,25,"M",2,2,"N","","",25,0
2017,25676994,88430792,1,18-JAN-17,1,"N",51,5,30,"F",2,3,"R","","",30,0
2017,25676962,88430666,1,01-JAN-17,1,"N",51,5,59,"F",1,2,"R","","",59,0
2017,25676970,88430694,1,02-JAN-17,1,"N",16,5,31,"F",2,3,"N","","",31,0
2017,25676976,88430725,1,08-JAN-17,1,"N",16,5,36,"M",2,3,"N","","",36,0
2017,25677022,88430899,1,31-JAN-17,1,"N",16,5,39,"F",1,3,"N","","",39,0
2017,26178099,89854257,1,19-APR-17,1,"N",35,5,30,"M",2,2,"N","","",30,0
2017,26027398,89448308,1,03-MAR-17,1,"N",16,5,14,"M",2,2,"R","H","",14,0
2017,26027456,89448493,1,08-MAR-17,1,"N",39,5,30,"M",2,3,"N","","",30,0
2017,26027475,89448554,1,12-MAR-17,1,"N",44,5,15,"M",2,2,"R","H","",15,0
2017,26027499,89448607,1,15-MAR-17,1,"N",51,5,21,"M",2,2,"N","","",21,0
2017,25840024,88884954,1,14-FEB-17,1,"N",2,5,62,"F",1,2,"N","","",62,0
2017,25840030,88884970,1,16-FEB-17,1,"N",51,5,18,"M",2,2,"R","","",18,0
2017,25840048,88885022,1,22-FEB-17,1,"N",16,5,19,"M",2,2,"N","","",19,0
2017,25840052,88885042,1,25-FEB-17,1,"N",16,5,25,"M",2,2,"N","","",25,0
2017,26915680,92050574,1,01-SEP-17,1,"N",16,5,61,"M",2,2,"R","","",61,0
2017,26915699,92050622,1,02-SEP-17,1,"N",16,5,35,"F",1,2,"N","","",35,0
2017,26915726,92050715,1,10-SEP-17,1,"N",16,5,22,"M",2,2,"N","","",22,0
2017,26915738,92050749,1,14-SEP-17,1,"N",16,5,21,"F",2,2,"N","","",21,0
2017,26915750,92050776,1,17-SEP-17,1,"N",23,5,16,"M",2,2,"N","R","",16,0
2017,26915761,92050798,1,18-SEP-17,1,"N",16,5,19,"F",2,2,"R","","",19,0
2017,26915787,92050907,1,29-SEP-17,1,"N",51,5,29,"M",2,2,"N","","",29,0
2017,26915790,92050907,2,29-SEP-17,1,"N",51,5,27,"F",2,2,"R","","",27,0
2017,26681721,91328646,1,27-AUG-17,1,"N",16,5,41,"F",1,2,"N","","",41,0
2017,26681722,91328646,2,27-AUG-17,1,"N",16,5,29,"M",1,2,"N","","",29,0
2017,26027433,89448408,1,05-MAR-17,1,"N",35,5,35,"M",1,2,"R","","",35,0
2017,26027495,89448614,1,14-MAR-17,1,"N",16,5,22,"M",2,3,"N","","",22,0
2017,26027509,89448651,1,18-MAR-17,1,"N",16,5,17,"M",1,2,"R","H","",17,0
2017,26027536,89448717,1,22-MAR-17,1,"N",16,5,20,"M",2,2,"N","","",20,0
2017,27082595,92555089,1,04-OCT-17,1,"N",51,5,45,"M",2,2,"R","","",45,0
2017,27082626,92555196,1,16-OCT-17,1,"N",16,5,28,"F",1,2,"R","","",28,0
2017,27082627,92555197,1,18-OCT-17,1,"N",49,5,24,"M",2,2,"R","","",24,0
2017,27082663,92555300,1,30-OCT-17,1,"N",51,5,45,"F",1,2,"R","","",45,0
2017,26915678,92050571,1,01-SEP-17,1,"N",51,5,29,"F",2,2,"R","","",29,0
2017,26915686,92050598,3,02-SEP-17,1,"N",16,5,46,"F",1,2,"N","","",46,0
2017,26915685,92050598,2,02-SEP-17,1,"N",16,5,48,"F",1,2,"N","","",48,0
2017,26915728,92050712,1,12-SEP-17,1,"N",35,5,20,"M",2,2,"R","","",20,0
2017,26915731,92050733,1,14-SEP-17,1,"N",11,5,33,"M",1,2,"N","","",33,0
2017,26915743,92050763,1,16-SEP-17,1,"N",16,5,40,"F",1,2,"R","","",40,0
2017,26915773,92050852,1,24-SEP-17,3,"N",51,5,42,"F",2,2,"R","","",42,0
2017,26915795,92050912,2,29-SEP-17,1,"N",16,5,19,"M",2,2,"R","","",19,0
2017,26915792,92050912,1,29-SEP-17,1,"N",16,5,24,"M",2,2,"N","","",24,0
2017,26027395,89448303,2,02-MAR-17,1,"N",23,5,35,"M",1,2,"N","","",35,0
2017,26027387,89448303,1,02-MAR-17,1,"N",23,5,38,"F",1,2,"N","","",38,0
2017,26027458,89448509,1,09-MAR-17,1,"N",39,5,32,"M",2,2,"N","","",32,0
2017,26027496,89448604,1,14-MAR-17,1,"N",39,5,30,"M",2,2,"N","","",30,0
2017,26027408,89448324,1,14-MAR-17,3,"N",44,5,20,"M",1,2,"R","","",20,0
2017,26027471,89448544,1,11-MAR-17,1,"N",16,5,27,"F",2,2,"N","","",27,0
2017,25839972,88884824,1,01-FEB-17,1,"N",11,5,27,"M",2,2,"N","","",27,0
2017,25839996,88884878,1,05-FEB-17,1,"N",51,5,34,"M",4,2,"R","","",34,0
2017,25840003,88884899,1,07-FEB-17,3,"N",16,5,29,"M",1,2,"N","","",29,0
2017,25840017,88884935,1,12-FEB-17,1,"N",51,5,30,"F",1,2,"R","","",30,0
2017,25840032,88884976,1,16-FEB-17,1,"N",51,5,26,"M",2,2,"N","","",26,0
2017,27999513,95483231,1,23-JAN-18,3,"N",28,5,42,"F",2,2,"R","","",42,0
2017,27999506,95483237,1,25-JAN-18,3,"N",16,5,30,"F",1,2,"N","","",30,0
2017,27999512,95483237,2,25-JAN-18,3,"N",16,5,34,"M",1,2,"N","","",34,0
2017,27999516,95483240,1,04-JAN-18,3,"N",40,5,19,"M",2,2,"R","","",19,0
2017,27740818,94738352,1,01-DEC-17,1,"N",16,5,23,"M",1,2,"N","","",23,0
2017,27740936,94738707,1,29-DEC-17,1,"N",39,5,30,"M",2,3,"N","","",30,0
2017,27740937,94738715,1,29-DEC-17,1,"N",16,5,19,"M",2,2,"R","","",19,0
2017,26915758,92050792,2,17-SEP-17,1,"N",16,5,26,"F",1,2,"N","","",26,0
2017,26915756,92050792,1,17-SEP-17,1,"N",16,5,27,"M",1,2,"N","","",27,0
2017,26915775,92050861,1,26-SEP-17,1,"N",16,5,17,"M",1,2,"R","R","",17,0
2017,26915793,92050909,1,29-SEP-17,1,"N",16,5,23,"M",2,2,"R","","",23,0
2017,26915748,92050769,1,16-SEP-17,1,"N",35,5,19,"M",1,2,"N","","",19,0
2017,26915757,92050786,1,18-SEP-17,1,"N",16,5,34,"M",2,2,"N","","",34,0
2017,26915765,92050817,1,19-SEP-17,1,"N",39,5,34,"M",2,2,"N","","",34,0
2017,26915794,92050911,1,29-SEP-17,1,"N",28,5,21,"M",1,1,"N","","",21,0
2017,27211283,92963443,1,21-NOV-17,1,"N",46,5,37,"F",2,2,"N","","",37,0
2017,27211293,92963499,1,27-NOV-17,1,"N",16,5,23,"M",2,2,"N","","",23,0
2017,27082581,92555077,1,06-OCT-17,3,"N",16,5,22,"M",2,2,"R","","",22,0
2017,27082662,92555298,1,30-OCT-17,1,"N",39,5,23,"F",2,2,"N","","",23,0
2017,26915715,92050688,1,09-SEP-17,1,"N",16,5,27,"M",4,2,"R","","",27,0
2017,26915739,92050757,1,15-SEP-17,1,"N",16,5,18,"F",2,2,"R","","",18,0
2017,26915776,92050865,1,26-SEP-17,1,"N",16,5,22,"F",2,2,"N","","",22,0
2017,27082605,92555136,1,08-OCT-17,1,"N",51,5,24,"F",2,2,"R","","",24,0
2017,27082606,92555136,2,08-OCT-17,1,"N",51,5,20,"F",2,2,"R","","",20,0
2017,27082649,92555258,1,24-OCT-17,1,"N",16,5,19,"M",2,2,"N","","",19,0
2017,27740939,94738718,1,30-DEC-17,1,"N",16,5,35,"M",2,2,"N","","",35,0
2017,27740813,94738341,1,01-DEC-17,1,"N",35,5,27,"F",2,2,"N","","",27,0
2017,27740845,94738406,1,04-DEC-17,1,"N",28,5,35,"F",2,2,"N","","",35,0
2017,27211280,92963430,1,19-NOV-17,1,"N",16,5,31,"M",1,1,"N","","",31,0
2017,27211294,92963501,1,28-NOV-17,1,"N",16,5,32,"M",1,2,"N","","",32,0
2017,27211298,92963515,1,29-NOV-17,1,"N",39,5,31,"F",2,2,"N","","",31,0
2017,26915696,92050614,1,03-SEP-17,1,"N",16,5,16,"F",2,2,"R","R","",16,0
2017,26915722,92050699,1,10-SEP-17,1,"N",51,5,20,"F",1,2,"N","","",20,0
2017,26915759,92050791,1,18-SEP-17,1,"N",16,5,21,"M",2,2,"N","","",21,0
2017,26915767,92050812,1,21-SEP-17,1,"N",51,5,28,"F",1,2,"R","","",28,0
2017,27740823,94738358,1,14-DEC-17,3,"N",46,5,29,"F",2,2,"N","","",29,0
2017,27740855,94738420,1,06-DEC-17,1,"N",16,5,28,"M",2,2,"N","","",28,0
2017,27740876,94738493,1,10-DEC-17,1,"N",35,5,20,"M",2,2,"R","","",20,0
2017,27740895,94738577,1,15-DEC-17,1,"N",16,5,28,"F",2,2,"R","","",28,0
2017,27740922,94738649,1,29-DEC-17,3,"N",44,5,27,"F",2,3,"N","","",27,0
2017,27740900,94738584,1,16-DEC-17,1,"N",16,5,28,"F",1,2,"N","","",28,0
2017,27740924,94738662,1,23-DEC-17,1,"N",16,5,32,"F",2,2,"N","","",32,0
2017,27740891,94738568,1,15-DEC-17,1,"N",16,5,17,"F",1,2,"R","H","",17,0
2017,27740907,94738597,1,18-DEC-17,1,"N",16,5,38,"M",2,2,"N","","",38,0
2017,27740911,94738613,1,18-DEC-17,1,"N",16,5,32,"M",1,2,"N","","",32,0
2017,27740928,94738684,1,27-DEC-17,1,"N",51,5,26,"M",2,2,"R","","",26,0
2017,27211278,92963427,1,18-NOV-17,1,"N",16,5,20,"F",2,2,"N","","",20,0
2017,27211286,92963455,1,22-NOV-17,1,"N",16,5,36,"M",1,2,"N","","",36,0
2017,27082653,92555263,1,25-OCT-17,1,"N",35,5,29,"M",1,2,"N","","",29,0
2017,26915648,92050538,1,22-SEP-17,3,"N",16,5,31,"M",2,2,"R","","",31,0
2017,26915659,92050561,1,06-SEP-17,3,"N",28,5,26,"M",2,2,"N","","",26,0
2017,26915689,92050597,1,02-SEP-17,1,"N",16,5,22,"M",2,2,"N","","",22,0
2017,26915762,92050801,1,18-SEP-17,1,"N",16,5,24,"M",1,2,"N","","",24,0
2017,26915777,92050877,1,27-SEP-17,1,"N",16,5,58,"M",2,2,"N","","",58,0
2017,26915779,92050891,1,27-SEP-17,1,"N",16,5,32,"F",1,2,"N","","",32,0
2017,27211266,92963356,1,10-NOV-17,1,"N",16,5,42,"M",1,2,"N","","",42,0
2017,27082579,92555062,1,24-OCT-17,3,"N",44,5,23,"M",1,2,"R","","",23,0
2017,27082594,92555090,1,04-OCT-17,1,"N",16,5,31,"F",1,2,"N","","",31,0
2017,27082647,92555242,1,23-OCT-17,1,"N",16,5,23,"F",2,2,"N","","",23,0
2017,26915657,92050548,1,18-SEP-17,3,"N",51,5,38,"M",1,2,"R","","",38,0
2017,26915788,92050904,1,29-SEP-17,1,"N",51,5,32,"F",1,2,"R","","",32,0
2017,26915764,92050811,1,19-SEP-17,3,"N",16,5,28,"F",1,2,"N","","",28,0
2017,26915783,92050895,2,28-SEP-17,3,"N",23,5,17,"F",4,2,"N","R","",17,0
2017,26915782,92050895,1,28-SEP-17,3,"N",23,5,45,"F",4,2,"N","","",45,0
2017,27740904,94738595,1,17-DEC-17,1,"N",16,5,30,"F",1,3,"N","","",30,0
2017,27740909,94738607,1,18-DEC-17,1,"N",27,5,31,"F",1,2,"R","","",31,0
2017,27740919,94738647,1,21-DEC-17,1,"N",14,5,17,"M",2,2,"R","R","",17,0
2017,27740921,94738647,2,21-DEC-17,1,"N",14,5,16,"M",2,2,"U","R","",16,0
2017,27740853,94738411,1,06-DEC-17,1,"N",35,5,22,"M",1,2,"R","","",22,0
2017,27740860,94738452,1,07-DEC-17,1,"N",16,5,23,"M",2,2,"N","","",23,0
2017,27740870,94738474,1,09-DEC-17,1,"N",28,5,28,"M",1,2,"R","","",28,0
2017,27740896,94738583,1,15-DEC-17,1,"N",16,5,24,"M",1,2,"R","","",24,0
2017,27740926,94738667,1,23-DEC-17,1,"N",16,5,17,"M",1,1,"N","R","",17,0
2017,27211268,92963354,1,10-NOV-17,1,"N",16,5,28,"M",4,2,"R","","",28,0
2017,27211279,92963428,1,18-NOV-17,1,"N",28,5,38,"F",2,2,"N","","",38,0
2017,27211284,92963451,1,21-NOV-17,1,"N",35,5,27,"M",1,2,"N","","",27,0
2017,27211285,92963451,2,21-NOV-17,1,"N",35,5,42,"F",1,2,"R","","",42,0
2017,27740887,94738557,1,13-DEC-17,1,"N",39,5,51,"M",1,2,"N","","",51,0
2017,27740888,94738557,2,13-DEC-17,1,"N",39,5,43,"M",1,2,"N","","",43,0
2017,27740899,94738579,1,16-DEC-17,1,"N",39,5,27,"M",1,2,"R","","",27,0
2017,27740916,94738622,1,19-DEC-17,1,"N",51,5,25,"M",1,2,"R","","",25,0
2017,27740925,94738664,1,23-DEC-17,1,"N",16,5,28,"M",1,1,"N","","",28,0
2017,27740929,94738685,1,27-DEC-17,1,"N",51,5,54,"F",1,2,"R","","",54,0
2017,27740840,94738382,1,08-DEC-17,1,"N",16,5,23,"M",2,2,"N","","",23,0
2017,27740848,94738417,1,05-DEC-17,1,"N",16,5,27,"M",2,2,"N","","",27,0
2017,27740893,94738573,1,15-DEC-17,1,"N",16,5,22,"M",2,2,"N","","",22,0
2017,27740901,94738585,1,16-DEC-17,1,"N",16,5,21,"M",1,1,"N","","",21,0
2017,27211289,92963470,1,25-NOV-17,1,"N",51,5,24,"M",2,2,"R","","",24,0
2017,26915655,92050545,1,22-SEP-17,3,"N",16,5,31,"M",2,2,"R","","",31,0
2017,26915718,92050694,2,08-SEP-17,1,"N",14,5,18,"M",2,2,"R","","",18,0
2017,26915714,92050694,1,08-SEP-17,1,"N",14,5,20,"M",1,2,"R","","",20,0
2017,26915735,92050744,1,14-SEP-17,1,"N",16,5,28,"M",2,2,"N","","",28,0
2017,26915768,92050821,1,22-SEP-17,3,"N",16,5,31,"M",2,2,"R","","",31,0
2017,26915745,92050756,1,15-SEP-17,1,"N",35,5,19,"F",1,2,"R","","",19,0
2017,26915791,92050905,1,29-SEP-17,1,"N",28,5,20,"M",2,2,"R","","",20,0
2017,27211250,92963298,1,03-NOV-17,1,"N",16,5,19,"M",2,2,"R","","",19,0
2017,27211269,92963359,1,10-NOV-17,1,"N",39,5,27,"M",1,2,"N","","",27,0
2017,26915684,92050592,1,21-SEP-17,3,"N",45,5,23,"F",2,2,"N","","",23,0
2017,26915717,92050690,1,07-SEP-17,1,"N",16,5,26,"M",1,2,"N","","",26,0
2017,26915786,92050900,1,28-SEP-17,1,"N",16,5,18,"M",1,2,"N","","",18,0
2017,27082586,92555076,1,06-OCT-17,3,"N",16,5,22,"M",2,2,"R","","",22,0
2017,27082596,92555098,1,04-OCT-17,1,"N",11,5,41,"M",2,2,"R","","",41,0
2017,27082621,92555186,2,15-OCT-17,1,"N",23,5,16,"F",2,2,"N","R","",16,0
2017,27082620,92555186,1,15-OCT-17,1,"N",23,5,16,"F",2,2,"N","R","",16,0
2017,27082622,92555186,3,15-OCT-17,1,"N",23,5,16,"F",2,2,"N","R","",16,0
2017,27082634,92555224,1,21-OCT-17,1,"N",16,5,19,"F",2,2,"N","","",19,0
2017,27082651,92555260,1,25-OCT-17,1,"N",28,5,29,"M",1,2,"N","","",29,0
2017,27211253,92963307,1,03-NOV-17,3,"N",51,5,40,"M",1,2,"R","","",40,0
2017,27211281,92963431,1,19-NOV-17,1,"N",16,5,27,"F",1,2,"R","","",27,0
2017,27211288,92963468,1,25-NOV-17,1,"N",16,5,26,"F",2,2,"N","","",26,0
2017,27211273,92963413,1,17-NOV-17,1,"N",51,5,26,"M",2,2,"R","","",26,0
2017,27211274,92963413,2,17-NOV-17,1,"N",51,5,21,"F",1,2,"R","","",21,0
2017,27740815,94738343,1,02-DEC-17,1,"N",28,5,39,"M",2,2,"N","","",39,0
2017,27740829,94738367,1,04-DEC-17,3,"N",51,5,48,"M",1,2,"R","","",48,0
2017,27740886,94738544,1,12-DEC-17,1,"N",16,5,26,"M",2,2,"N","","",26,0
2017,27740889,94738558,1,13-DEC-17,1,"N",16,5,45,"M",1,2,"N","","",45,0
2017,27740935,94738702,1,28-DEC-17,3,"N",40,5,23,"M",2,2,"R","","",23,0
2017,26178010,89854022,1,03-APR-17,1,"N",16,5,17,"F",1,2,"R","R","",17,0
2017,26178019,89854053,1,03-APR-17,1,"N",16,5,22,"M",1,2,"N","","",22,0
2017,26519474,90849498,1,28-JUL-17,3,"N",2,5,35,"F",1,2,"N","","",35,0
2017,26681598,91328312,1,03-AUG-17,1,"N",16,5,51,"M",1,2,"N","","",51,0
2017,26681703,91328558,1,19-AUG-17,1,"N",2,5,37,"F",2,2,"N","","",37,0
2017,26681732,91328662,1,29-AUG-17,1,"N",16,5,26,"M",2,2,"N","","",26,0
2017,26263925,90114964,1,18-MAY-17,1,"N",44,5,39,"M",1,2,"N","","",39,0
2017,26263933,90114992,1,20-MAY-17,1,"N",16,5,19,"M",1,2,"R","","",19,0
2017,26263945,90115013,1,22-MAY-17,1,"N",16,5,28,"M",2,2,"R","","",28,0
2017,26369733,90415069,1,07-JUN-17,1,"N",16,5,21,"M",2,2,"N","","",21,0
2017,26681586,91328280,1,28-AUG-17,3,"N",51,5,39,"M",1,2,"N","","",39,0
2017,26681643,91328412,1,10-AUG-17,3,"N",49,5,46,"M",1,2,"N","","",46,0
2017,26681668,91328489,1,16-AUG-17,1,"N",16,5,36,"M",2,2,"N","","",36,0
2017,26681714,91328612,1,24-AUG-17,1,"N",51,5,17,"M",2,2,"R","R","",17,0
2017,29958170,100969140,1,01-FEB-18,3,"N",44,5,39,"F",2,2,"N","","",39,0
2017,29953156,100963772,1,13-FEB-18,3,"N",16,5,20,"M",1,2,"R","","",20,0
2017,27082615,92555164,1,13-OCT-17,1,"N",51,5,44,"M",1,2,"R","","",44,0
2017,27082585,92555081,1,01-OCT-17,3,"N",51,5,33,"F",1,2,"R","","",33,0
2017,27082614,92555163,1,12-OCT-17,1,"N",16,5,18,"M",2,2,"N","","",18,0
2017,26915742,92050760,2,14-SEP-17,1,"N",16,5,22,"M",1,2,"R","","",22,0
2017,26915740,92050760,1,14-SEP-17,1,"N",16,5,21,"F",1,2,"R","","",21,0
2017,26915778,92050878,1,28-SEP-17,1,"N",41,5,37,"M",1,2,"R","","",37,0
2017,27082583,92555078,1,06-OCT-17,3,"N",16,5,22,"M",2,2,"R","","",22,0
2017,27082625,92555193,1,15-OCT-17,1,"N",16,5,25,"M",1,2,"N","","",25,0
2017,27082650,92555257,1,25-OCT-17,1,"N",35,5,45,"M",2,2,"N","","",45,0
2017,27082582,92555071,1,02-OCT-17,1,"N",51,5,28,"F",2,2,"N","","",28,0
2017,27082633,92555222,1,21-OCT-17,1,"N",16,5,15,"M",2,2,"R","H","",15,0
2017,27211270,92963367,1,10-NOV-17,1,"N",16,5,22,"M",1,2,"R","","",22,0
2017,27211287,92963465,1,23-NOV-17,1,"N",16,5,21,"M",1,3,"N","","",21,0
2017,27740908,94738602,1,18-DEC-17,1,"N",28,5,32,"M",1,2,"N","","",32,0
2017,27740915,94738617,1,19-DEC-17,1,"N",16,5,20,"M",1,2,"N","","",20,0
2017,27740923,94738652,1,21-DEC-17,1,"N",51,5,18,"M",2,2,"N","","",18,0
2017,27740927,94738682,1,26-DEC-17,1,"N",39,5,18,"M",2,2,"N","","",18,0
2017,27211252,92963308,1,04-NOV-17,1,"N",16,5,30,"M",1,2,"N","","",30,0
2017,27211264,92963349,2,08-NOV-17,1,"N",16,5,22,"M",1,2,"N","","",22,0
2017,27211263,92963349,1,08-NOV-17,1,"N",16,5,22,"M",1,2,"N","","",22,0
2017,27082578,92555067,1,01-OCT-17,1,"N",51,5,30,"M",1,2,"R","","",30,0
2017,27082597,92555108,1,05-OCT-17,1,"N",16,5,42,"M",1,2,"N","","",42,0
2017,27082604,92555120,1,07-OCT-17,3,"N",16,5,33,"M",2,2,"N","","",33,0
2017,27082584,92555072,1,12-OCT-17,3,"N",44,5,50,"F",2,2,"N","","",50,0
2017,27082636,92555229,1,21-OCT-17,1,"N",51,5,28,"M",2,2,"R","","",28,0
2017,27082648,92555253,1,23-OCT-17,1,"N",16,5,27,"M",2,2,"N","","",27,0
2017,27082658,92555278,1,28-OCT-17,1,"N",35,5,31,"M",2,2,"N","","",31,0
2017,27211258,92963327,1,06-NOV-17,1,"N",39,5,28,"M",1,1,"R","","",28,0
2017,27211267,92963353,1,09-NOV-17,1,"N",28,5,26,"M",1,2,"N","","",26,0
2017,27082632,92555221,1,21-OCT-17,1,"N",51,5,16,"M",1,2,"R","R","",16,0
2017,27082643,92555240,1,22-OCT-17,1,"N",16,5,48,"F",1,2,"N","","",48,0
2017,26915771,92050824,1,21-SEP-17,1,"N",16,5,17,"M",2,2,"N","R","",17,0
2017,27082593,92555087,1,03-OCT-17,1,"N",16,5,42,"M",1,2,"N","","",42,0
2017,27082624,92555185,1,16-OCT-17,1,"N",16,5,19,"M",2,2,"N","","",19,0
2017,27211259,92963334,1,05-NOV-17,1,"N",51,5,19,"F",2,2,"N","","",19,0
2017,27211265,92963351,1,09-NOV-17,1,"N",51,5,55,"M",1,2,"R","","",55,0
2017,27211272,92963380,1,13-NOV-17,1,"N",16,5,48,"F",1,2,"N","","",48,0
2017,27211277,92963425,1,18-NOV-17,1,"N",16,5,19,"M",2,2,"N","","",19,0
2017,27211292,92963496,1,27-NOV-17,3,"N",16,5,17,"M",2,2,"R","R","",17,0
2017,27740847,94738408,1,05-DEC-17,1,"N",16,5,23,"M",2,2,"R","","",23,0
2017,27740857,94738430,1,05-DEC-17,1,"N",16,5,26,"M",2,2,"N","","",26,0
2017,27740917,94738626,1,22-DEC-17,3,"N",11,5,25,"M",2,2,"N","","",25,0
2017,27740943,94738724,1,31-DEC-17,1,"N",39,5,27,"F",2,2,"N","","",27,0
2017,26027434,89448418,1,06-MAR-17,1,"N",51,5,40,"M",1,2,"R","","",40,0
2017,26027514,89448674,1,19-MAR-17,1,"N",16,5,39,"M",2,2,"R","","",39,0
2017,25839983,88884854,1,03-FEB-17,1,"N",16,5,27,"M",2,2,"N","","",27,0
2017,25840019,88884940,1,12-FEB-17,3,"N",16,5,40,"F",1,2,"N","","",40,0
2017,25840057,88885044,1,26-FEB-17,1,"N",28,5,25,"M",2,2,"N","","",25,0
2017,25840060,88885055,1,27-FEB-17,1,"N",16,5,19,"F",2,2,"N","","",19,0
2017,26369790,90415297,1,30-JUN-17,1,"N",51,5,35,"M",2,2,"R","","",35,0
2017,26369791,90415297,2,30-JUN-17,1,"N",51,5,27,"F",2,2,"N","","",27,0
2017,25840014,88884929,2,11-FEB-17,1,"N",16,5,18,"M",2,2,"U","","",18,0
2017,25840013,88884929,1,11-FEB-17,1,"N",16,5,20,"M",2,2,"N","","",20,0
2017,25840026,88884959,1,14-FEB-17,1,"N",16,5,40,"M",2,2,"N","","",40,0
2017,25840028,88884965,1,16-FEB-17,1,"N",51,5,31,"M",1,2,"R","","",31,0
2017,25840054,88885038,1,26-FEB-17,1,"N",16,5,16,"M",1,2,"N","R","",16,0
2017,26681600,91328323,1,03-AUG-17,1,"N",16,5,47,"F",1,2,"N","","",47,0
2017,26681614,91328346,1,04-AUG-17,1,"N",16,5,29,"F",2,3,"N","","",29,0
2017,26681622,91328367,1,07-AUG-17,1,"N",51,5,35,"F",1,2,"R","","",35,0
2017,26681680,91328519,1,16-AUG-17,1,"N",16,5,23,"M",2,2,"N","","",23,0
2017,25839978,88884848,1,03-FEB-17,1,"N",28,5,14,"M",2,2,"R","R","",14,0
2017,25839991,88884889,1,05-FEB-17,1,"N",39,5,23,"M",2,2,"N","","",23,0
2017,25840023,88884950,1,14-FEB-17,1,"N",39,5,16,"M",2,2,"R","R","",16,0
2017,25840031,88884975,1,16-FEB-17,1,"N",16,5,26,"M",2,2,"N","","",26,0
2017,25840061,88885057,1,27-FEB-17,1,"N",35,5,33,"F",1,2,"N","","",33,0
2017,26027460,89448522,1,10-MAR-17,1,"N",16,5,17,"F",1,2,"N","R","",17,0
2017,26027508,89448640,1,17-MAR-17,1,"N",11,5,20,"M",1,2,"N","","",20,0
2017,26027511,89448664,1,18-MAR-17,1,"N",16,5,26,"F",1,3,"N","","",26,0
2017,26027586,89448825,2,31-MAR-17,3,"N",16,5,18,"F",1,2,"R","","",18,0
2017,26027584,89448825,1,31-MAR-17,1,"N",16,5,19,"M",2,2,"R","","",19,0
2017,26027588,89448839,1,31-MAR-17,1,"N",16,5,18,"M",1,2,"N","","",18,0
2017,25840009,88884910,1,09-FEB-17,1,"N",44,5,29,"M",2,2,"N","","",29,0
2017,27082641,92555243,4,20-OCT-17,1,"N",16,5,28,"F",2,2,"N","","",28,0
2017,26178021,89854061,1,03-APR-17,1,"N",51,5,20,"F",1,2,"R","","",20,0
2017,26027569,89448787,1,27-MAR-17,1,"N",51,5,51,"F",2,2,"R","","",51,0
2017,26027512,89448665,1,31-MAR-17,3,"N",44,5,37,"M",1,2,"R","","",37,0
2017,26263866,90114839,1,10-MAY-17,1,"N",11,5,18,"F",1,2,"N","","",18,0
