"DATA_YEAR","VICTIM_ID","OFFENSE_ID"
2017,98463772,112118997
2017,98463822,112119049
2017,98463848,112119074
2017,98463859,112119083
2017,98463885,112119113
2017,98463927,112119160
2017,98464185,112119418
2017,97704437,111346367
2017,97704581,111346502
2017,97704623,111346558
2017,97704703,111346635
2017,97704722,111346656
2017,97704757,111346704
2017,97704822,111346776
2017,97704839,111346794
2017,97704954,111346913
2017,97704963,111346920
2017,97705002,111346964
2017,99304722,112968782
2017,99304746,112968815
2017,99304817,112968891
2017,99304864,112968930
2017,99304869,112968942
2017,99304892,112968965
2017,99304900,112968972
2017,99304922,112968998
2017,99305092,112969100
2017,99304696,112968765
2017,99304719,112968789
2017,99304732,112968797
2017,99304732,112968800
2017,99304801,112968871
2017,99304850,112968924
2017,99304895,112968967
2017,99304908,112968976
2017,99304921,112968997
2017,99304943,112969022
2017,99305057,112969070
2017,99305110,112969118
2017,98809725,112470546
2017,98809774,112470596
2017,98809819,112470642
2017,98809887,112470719
2017,98809897,112470726
2017,98809926,112470761
2017,98809937,112470770
2017,98809935,112470769
2017,98809935,112470767
2017,99851452,113521279
2017,99851468,113521288
2017,99851468,113521287
2017,99851520,113521364
2017,99851598,113521451
2017,99851637,113521482
2017,99851690,113521536
2017,99851822,113521669
2017,98809678,112470498
2017,98809747,112470573
2017,98809801,112470627
2017,98809841,112470667
2017,98809862,112470688
2017,98809885,112470715
2017,98809885,112470714
2017,98809906,112470739
2017,98809923,112470759
2017,98809983,112470824
2017,98810016,112470856
2017,98810016,112470855
2017,98810039,112470886
2017,97063054,110702188
2017,97063085,110702224
2017,97063195,110702333
2017,97063226,110702371
2017,97063242,110702387
2017,97063242,110702384
2017,97063280,110702432
2017,97063306,110702459
2017,98463771,112118992
2017,98463792,112119015
2017,98463799,112119021
2017,98463799,112119020
2017,98463891,112119118
2017,98463909,112119137
2017,98463936,112119166
2017,98463971,112119209
2017,98463989,112119222
2017,98464088,112119323
2017,98464145,112119381
2017,96543547,110183051
2017,96543547,110183050
2017,96543658,110183182
2017,96543762,110183290
2017,97704907,111346862
2017,97704949,111346907
2017,98809673,112470491
2017,98809716,112470541
2017,98809732,112470555
2017,98809767,112470593
2017,98809795,112470620
2017,98809868,112470697
2017,98809875,112470708
2017,98809930,112470766
2017,98809959,112470799
2017,98810037,112470883
2017,97704440,111346369
2017,97704648,111346581
2017,97704734,111346669
2017,97704774,111346711
2017,97704814,111346770
2017,97704866,111346801
2017,97704866,111346805
2017,98809690,112470493
2017,98809718,112470544
2017,98809757,112470581
2017,98809762,112470581
2017,98809797,112470628
2017,98809830,112470656
2017,98809872,112470703
2017,98809886,112470717
2017,98809988,112470829
2017,98810002,112470847
2017,98809708,112470536
2017,98809753,112470575
2017,98809783,112470609
2017,98809861,112470690
2017,98809902,112470734
2017,98809939,112470777
2017,98809993,112470834
2017,98810006,112470848
2017,98810018,112470864
2017,98810025,112470870
2017,98810038,112470884
2017,98463761,112118979
2017,98463785,112119001
2017,98463786,112119004
2017,98463785,112118998
2017,98464030,112119261
2017,98464048,112119279
2017,98464076,112119300
2017,98464116,112119357
2017,98464125,112119363
2017,98464156,112119391
2017,98464178,112119414
2017,98463766,112118985
2017,98463782,112119008
2017,98463829,112119055
2017,98463917,112119145
2017,98463917,112119142
2017,98464021,112119253
2017,98464045,112119278
2017,98464096,112119331
2017,98464112,112119352
2017,98464128,112119364
2017,98809808,112470633
2017,98809941,112470775
2017,98809724,112470549
2017,98809738,112470568
2017,98809788,112470606
2017,98809788,112470602
2017,98809846,112470673
2017,97063057,110702196
2017,97063072,110702203
2017,97063072,110702200
2017,98166916,111815021
2017,98166950,111815066
2017,98167299,111815436
2017,99304726,112968794
2017,99304799,112968875
2017,99304822,112968889
2017,99304822,112968888
2017,99304841,112968916
2017,98809719,112470542
2017,98809807,112470630
2017,98809849,112470678
2017,98809920,112470753
2017,98809964,112470805
2017,98809979,112470822
2017,98809997,112470836
2017,98810024,112470865
2017,98810024,112470867
2017,99304688,112968752
2017,99304720,112968787
2017,99304734,112968804
2017,99304784,112968850
2017,99304842,112968922
2017,99304882,112968953
2017,99304958,112969038
2017,99305048,112969060
2017,99305086,112969097
2017,99305102,112969113
2017,98167010,111815121
2017,98167045,111815167
2017,98167106,111815223
2017,98167214,111815336
2017,98167214,111815334
2017,98463780,112119005
2017,98463820,112119046
2017,98463899,112119126
2017,98463976,112119215
2017,98464013,112119249
2017,98464082,112119309
2017,98464099,112119339
2017,99304703,112968772
2017,99304711,112968781
2017,99304728,112968795
2017,99304776,112968837
2017,99304802,112968869
2017,99304849,112968905
2017,99304849,112968910
2017,99304871,112968944
2017,99304916,112968990
2017,99304962,112969042
2017,98463760,112118978
2017,98463779,112119003
2017,98463793,112119016
2017,98463836,112119061
2017,98463877,112119101
2017,98463877,112119108
2017,98463955,112119183
2017,98464123,112119360
2017,98464162,112119396
2017,99304756,112968822
2017,99304881,112968957
2017,99304929,112969002
2017,99304950,112969030
2017,99305041,112969054
2017,99305049,112969065
2017,99305052,112969065
2017,99305073,112969086
2017,99305096,112969105
2017,98809728,112470553
2017,98809839,112470664
2017,98809858,112470683
2017,98809858,112470681
2017,98809904,112470738
2017,98809911,112470738
2017,98809975,112470818
2017,99851451,113521277
2017,99851558,113521397
2017,99851588,113521434
2017,99851651,113521500
2017,99851691,113521538
2017,99851721,113521567
2017,99851823,113521665
2017,99851849,113521696
2017,98463839,112119068
2017,98463996,112119225
2017,98464006,112119241
2017,98464031,112119258
2017,98464055,112119283
2017,98464055,112119285
2017,98464102,112119341
2017,98463796,112119019
2017,98463809,112119035
2017,98463843,112119071
2017,98463872,112119097
2017,98463910,112119134
2017,98463950,112119188
2017,98463964,112119199
2017,98463990,112119223
2017,98464024,112119256
2017,98464042,112119277
2017,98464069,112119299
2017,98464086,112119321
2017,98464152,112119384
2017,98464150,112119384
2017,99851734,113521576
2017,99851804,113521647
2017,99851825,113521672
2017,99851861,113521712
2017,99851900,113521753
2017,98463794,112119018
2017,98463807,112119032
2017,98463830,112119056
2017,98463846,112119072
2017,98463931,112119161
2017,98464007,112119243
2017,98464075,112119301
2017,98464075,112119305
2017,98464109,112119353
2017,98463762,112118980
2017,98463769,112118989
2017,98463791,112119012
2017,98463816,112119041
2017,98463881,112119114
2017,98463918,112119148
2017,98463942,112119177
2017,98463954,112119189
2017,98464051,112119284
2017,98464148,112119385
2017,98464196,112119425
2017,97704422,111346353
2017,97704467,111346398
2017,97704518,111346447
2017,97704522,111346447
2017,97704520,111346447
2017,97704651,111346584
2017,97704700,111346634
2017,97704763,111346699
2017,97704763,111346702
2017,97704791,111346735
2017,97704791,111346733
2017,97704895,111346851
2017,97063063,110702208
2017,97063102,110702236
2017,97063098,110702236
2017,97063180,110702324
2017,97063221,110702366
2017,97063259,110702406
2017,97063259,110702407
2017,99304761,112968829
2017,99304759,112968827
2017,99304758,112968829
2017,99304761,112968827
2017,99304759,112968829
2017,99304758,112968827
2017,99304823,112968899
2017,99304878,112968949
2017,99304878,112968947
2017,99304907,112968982
2017,99304969,112969048
2017,98463777,112119002
2017,98463861,112119086
2017,98463896,112119123
2017,98463924,112119152
2017,98463924,112119149
2017,98463981,112119220
2017,98464154,112119389
2017,96543601,110183119
2017,96543637,110183158
2017,96543647,110183168
2017,96543654,110183177
2017,96543687,110183214
2017,96543734,110183263
2017,96543605,110183124
2017,96543643,110183163
2017,96543643,110183161
2017,96543665,110183190
2017,96543685,110183213
2017,96543709,110183238
2017,96543731,110183260
2017,96543562,110183081
2017,96543593,110183113
2017,96543634,110183156
2017,96543649,110183169
2017,96543650,110183171
2017,96543675,110183198
2017,96543675,110183195
2017,96543705,110183235
2017,96543720,110183252
2017,96543728,110183258
2017,96543741,110183272
2017,96543754,110183280
2017,99304745,112968817
2017,99304777,112968846
2017,99304840,112968920
2017,99304854,112968925
2017,99304946,112969019
2017,99304954,112969036
2017,99305051,112969062
2017,99305059,112969072
2017,99305076,112969085
2017,98463773,112118991
2017,98463773,112118993
2017,98463795,112119017
2017,98463862,112119087
2017,98463933,112119163
2017,98464060,112119293
2017,98464144,112119379
2017,98464177,112119409
2017,99851484,113521311
2017,99851496,113521321
2017,99851595,113521441
2017,99851609,113521456
2017,99851629,113521471
2017,99851630,113521471
2017,99851644,113521489
2017,99851723,113521569
2017,99851841,113521692
2017,99851870,113521718
2017,99851884,113521734
2017,97063059,110702194
2017,97063116,110702255
2017,97063109,110702251
2017,97063142,110702281
2017,97063149,110702289
2017,97063189,110702330
2017,97063201,110702343
2017,97063201,110702342
2017,97063224,110702370
2017,97063240,110702389
2017,97063282,110702433
2017,100670106,114339297
2017,100670173,114339364
2017,100670234,114339421
2017,100670247,114339437
2017,100670258,114339447
2017,100670269,114339460
2017,100670298,114339492
2017,100670305,114339501
2017,100670326,114339521
2017,100670350,114339551
2017,100670361,114339569
2017,100670357,114339560
2017,100670398,114339606
2017,100670405,114339611
2017,100670417,114339620
2017,100670439,114339643
2017,100670478,114339688
2017,99304750,112968821
2017,99304797,112968873
2017,99304874,112968946
2017,99304914,112968988
2017,97063060,110702185
2017,97063089,110702230
2017,97063158,110702298
2017,97063170,110702311
2017,97063183,110702322
2017,97063244,110702392
2017,97063290,110702442
2017,98463783,112119007
2017,98463803,112119028
2017,98463801,112119026
2017,98463814,112119039
2017,98463845,112119067
2017,98463855,112119080
2017,98463869,112119092
2017,98463897,112119119
2017,98463897,112119120
2017,98463915,112119143
2017,98463941,112119172
2017,98464026,112119257
2017,98464033,112119264
2017,98464050,112119280
2017,98464087,112119324
2017,98464093,112119322
2017,98464107,112119349
2017,98464133,112119370
2017,98464169,112119400
2017,98464188,112119419
2017,98166904,111815010
2017,98166965,111815078
2017,98167046,111815164
2017,98167153,111815287
2017,98167291,111815411
2017,98167291,111815412
2017,97063117,110702249
2017,97063123,110702249
2017,97063151,110702292
2017,97063200,110702338
2017,97063238,110702382
2017,97063255,110702403
2017,97063286,110702434
2017,97063298,110702451
2017,97063310,110702457
2017,97063310,110702460
2017,97063070,110702193
2017,97063068,110702193
2017,97063130,110702273
2017,97063209,110702351
2017,97063283,110702435
2017,99851477,113521304
2017,99851495,113521323
2017,99851572,113521410
2017,99851572,113521411
2017,99851572,113521408
2017,99851594,113521447
2017,99851667,113521511
2017,99851792,113521635
2017,99851844,113521691
2017,99851856,113521703
2017,99851872,113521721
2017,99851905,113521757
2017,97704606,111346545
2017,97704702,111346636
2017,97704781,111346725
2017,97704880,111346835
2017,99851480,113521307
2017,99851516,113521345
2017,99851556,113521393
2017,99851553,113521390
2017,99851739,113521584
2017,99851764,113521608
2017,99851783,113521628
2017,99851806,113521648
2017,99851816,113521662
2017,99851836,113521684
2017,99851836,113521685
2017,99851890,113521741
2017,99851924,113521786
2017,99851461,113521286
2017,99851569,113521415
2017,99851590,113521439
2017,99851639,113521480
2017,99851796,113521642
2017,99851851,113521699
2017,99851873,113521723
2017,99851917,113521774
2017,98166910,111815014
2017,98166947,111815054
2017,98166994,111815108
2017,98167041,111815162
2017,98167139,111815268
2017,99304698,112968763
2017,99304698,112968762
2017,99304791,112968856
2017,99304863,112968934
2017,99304912,112968984
2017,99851469,113521289
2017,99851476,113521302
2017,99851563,113521403
2017,99851579,113521427
2017,99851692,113521534
2017,99851810,113521653
2017,99851810,113521655
2017,99851833,113521681
2017,99851845,113521694
2017,99851846,113521694
2017,99851852,113521700
2017,99851878,113521728
2017,99851888,113521739
2017,99851913,113521756
2017,97704445,111346375
2017,97704539,111346469
2017,97704597,111346534
2017,97704643,111346582
2017,97704708,111346639
2017,97704827,111346789
2017,97704929,111346877
2017,97704929,111346874
2017,97704961,111346915
2017,97704983,111346937
2017,97704997,111346958
2017,98166955,111815061
2017,98166989,111815103
2017,98167037,111815154
2017,98167123,111815243
2017,98167213,111815341
2017,98167231,111815354
2017,99851449,113521276
2017,99851517,113521347
2017,99851555,113521395
2017,99851576,113521418
2017,99851576,113521421
2017,99851600,113521448
2017,99851702,113521546
2017,99851747,113521587
2017,99851767,113521611
2017,99851767,113521610
2017,99851829,113521673
2017,99851853,113521702
2017,98166913,111815020
2017,98166958,111815058
2017,98167019,111815137
2017,98167063,111815182
2017,98167107,111815228
2017,98167117,111815231
2017,98167117,111815234
2017,98167167,111815298
2017,99304687,112968750
2017,99304729,112968796
2017,99304805,112968878
2017,99304821,112968897
2017,99304857,112968927
2017,99304910,112968980
2017,99304923,112968994
2017,99304959,112969033
2017,99304968,112969049
2017,99305078,112969088
2017,99305078,112969087
2017,98809759,112470580
2017,98809836,112470658
2017,98809871,112470701
2017,98809891,112470722
2017,98809951,112470788
2017,98809960,112470795
2017,98809995,112470838
2017,98463798,112119022
2017,98463858,112119082
2017,98463871,112119094
2017,98463913,112119138
2017,98463992,112119221
2017,98464028,112119260
2017,98464183,112119405
2017,98464179,112119405
2017,96543621,110183139
2017,96543642,110183164
2017,96543671,110183197
2017,96543689,110183219
2017,96543710,110183237
2017,96543723,110183250
2017,96543747,110183277
2017,96543564,110183082
2017,96543607,110183127
2017,96543633,110183152
2017,96543678,110183200
2017,96543678,110183205
2017,96543692,110183220
2017,96543692,110183221
2017,99304721,112968774
2017,99304721,112968777
2017,99304730,112968798
2017,99304752,112968823
2017,99304762,112968830
2017,99304846,112968918
2017,99304866,112968937
2017,99304911,112968985
2017,99305054,112969064
2017,99305066,112969077
2017,96543598,110183118
2017,96543667,110183192
2017,96543761,110183294
2017,97063134,110702272
2017,97063134,110702268
2017,97063152,110702295
2017,97063191,110702329
2017,97063268,110702416
2017,96543575,110183093
2017,96543596,110183116
2017,96543611,110183130
2017,96543612,110183130
2017,96543619,110183138
2017,96543653,110183175
2017,96543698,110183224
2017,96543724,110183253
2017,96543743,110183274
2017,98167002,111815115
2017,98167054,111815172
2017,98167147,111815277
2017,98167177,111815301
2017,98167193,111815319
2017,98167263,111815396
2017,99304816,112968887
2017,99304829,112968903
2017,99304899,112968971
2017,99304940,112969017
2017,99304940,112969012
2017,99305047,112969061
2017,99305060,112969073
2017,99305090,112969101
2017,97063110,110702247
2017,97063129,110702269
2017,97063144,110702284
2017,97063157,110702296
2017,97063205,110702347
2017,97063228,110702369
2017,97063228,110702367
2017,97063294,110702446
2017,99304706,112968778
2017,99304738,112968809
2017,99304757,112968825
2017,99304806,112968859
2017,99304806,112968861
2017,99304939,112969015
2017,99304949,112969029
2017,99305045,112969059
2017,99305065,112969078
2017,99305093,112969103
2017,98166898,111814997
2017,98166898,111814996
2017,98167001,111815113
2017,98167006,111815119
2017,98167050,111815159
2017,98167050,111815161
2017,98167050,111815163
2017,98167092,111815208
2017,98167124,111815240
2017,98167154,111815271
2017,98167154,111815280
2017,98167261,111815393
2017,99304708,112968775
2017,99304760,112968831
2017,99304852,112968929
2017,99304867,112968938
2017,99304867,112968935
2017,99305043,112969053
2017,99305053,112969068
2017,99305074,112969084
2017,99305071,112969084
2017,98463759,112118977
2017,98463804,112119029
2017,98463815,112119042
2017,98463826,112119053
2017,98463833,112119060
2017,98463884,112119115
2017,98463884,112119117
2017,98463929,112119159
2017,98463978,112119217
2017,98463999,112119231
2017,98464032,112119263
2017,98464134,112119371
2017,98464158,112119394
2017,98464175,112119408
2017,98464194,112119426
2017,97063086,110702225
2017,97063126,110702266
2017,97063141,110702282
2017,97063164,110702306
2017,97063185,110702325
2017,97063211,110702352
2017,97063303,110702456
2017,98463806,112119030
2017,98463943,112119176
2017,98463972,112119214
2017,98464101,112119338
2017,98464147,112119380
2017,98464160,112119395
2017,98464186,112119416
2017,97704424,111346341
2017,97704523,111346463
2017,97704554,111346486
2017,97704656,111346592
2017,97704698,111346632
2017,97704705,111346638
2017,97704716,111346652
2017,97704779,111346729
2017,97704825,111346778
2017,97704890,111346845
2017,99851460,113521284
2017,99851551,113521392
2017,99851714,113521556
2017,99851839,113521688
2017,99851868,113521719
2017,97704659,111346590
2017,97704659,111346588
2017,97704696,111346627
2017,97704776,111346722
2017,97704816,111346767
2017,97704977,111346942
2017,97705005,111346965
2017,99851462,113521291
2017,99851493,113521327
2017,99851552,113521389
2017,99851565,113521404
2017,99851565,113521400
2017,99851664,113521508
2017,99851811,113521652
2017,98463765,112118984
2017,98463776,112119006
2017,98463808,112119031
2017,98463824,112119050
2017,98463973,112119211
2017,98464126,112119362
2017,98464168,112119401
2017,98464181,112119411
2017,98809711,112470529
2017,98809730,112470552
2017,98809739,112470560
2017,98809739,112470559
2017,98809822,112470648
2017,98809860,112470691
2017,98809865,112470695
2017,98809877,112470702
2017,98809921,112470754
2017,98809944,112470782
2017,98809950,112470786
2017,98809966,112470797
2017,98809966,112470798
2017,98809971,112470806
2017,98809971,112470808
2017,98809974,112470814
2017,98809991,112470833
2017,98809999,112470840
2017,98810013,112470845
2017,98810013,112470843
2017,98810022,112470868
2017,97704894,111346847
2017,97704894,111346846
2017,97704905,111346863
2017,97704982,111346941
2017,99851483,113521306
2017,99851561,113521401
2017,99851653,113521496
2017,99851748,113521592
2017,99851781,113521621
2017,99851798,113521644
2017,99851813,113521658
2017,99851820,113521667
2017,99851847,113521695
2017,99851855,113521707
2017,99851869,113521716
2017,99851874,113521725
2017,97704503,111346438
2017,97704571,111346507
2017,97704649,111346585
2017,97704860,111346820
2017,97704879,111346836
2017,97704916,111346867
2017,97704960,111346917
2017,97704960,111346914
2017,97704973,111346927
2017,98809692,112470510
2017,98809729,112470550
2017,98809840,112470666
2017,98809855,112470684
2017,98809876,112470709
2017,98809942,112470779
2017,98809987,112470828
2017,98810031,112470873
2017,99851550,113521386
2017,99851612,113521459
2017,99851658,113521501
2017,104542486,118240755
2017,103695435,117382170
2017,103695550,117382304
2017,103695553,117382304
2017,103695571,117382318
2017,103695636,117382386
2017,103695691,117382445
2017,103695734,117382490
2017,103695741,117382500
2017,103695787,117382549
2017,100670078,114339268
2017,100670153,114339341
2017,100670181,114339373
2017,100670246,114339436
2017,100670329,114339527
2017,100670342,114339539
2017,100670363,114339570
2017,100670423,114339627
2017,100670431,114339633
2017,100670452,114339659
2017,100670101,114339290
2017,100670128,114339308
2017,100670236,114339423
2017,100670236,114339425
2017,100670283,114339480
2017,100670289,114339484
2017,100670300,114339496
2017,100670318,114339513
2017,100670358,114339563
2017,100670393,114339597
2017,100670395,114339599
2017,100670446,114339651
2017,100670453,114339660
2017,100670277,114339464
2017,100670277,114339470
2017,100670319,114339516
2017,100670319,114339515
2017,100670337,114339536
2017,100670337,114339534
2017,100670366,114339564
2017,100670368,114339567
2017,100670465,114339671
2017,101242986,114912665
2017,101243012,114912692
2017,101243012,114912689
2017,101243018,114912702
2017,101243033,114912712
2017,101243028,114912712
2017,101243134,114912828
2017,101243154,114912851
2017,101243154,114912848
2017,101243189,114912895
2017,101242948,114912623
2017,101242978,114912656
2017,101242993,114912674
2017,101243046,114912730
2017,101243061,114912748
2017,101243121,114912814
2017,101707659,115378580
2017,101707659,115378578
2017,101707686,115378618
2017,101707702,115378633
2017,101707702,115378635
2017,101707724,115378663
2017,101707748,115378687
2017,101707808,115378747
2017,101707844,115378777
2017,101707645,115378576
2017,101707672,115378600
2017,101707695,115378627
2017,101707695,115378625
2017,101707695,115378626
2017,101707710,115378647
2017,101707720,115378659
2017,101707777,115378715
2017,101707840,115378781
2017,101707661,115378591
2017,101707699,115378631
2017,101707712,115378648
2017,101707734,115378670
2017,101707732,115378670
2017,101707743,115378683
2017,101707792,115378730
2017,101707861,115378802
2017,101707666,115378595
2017,101707666,115378592
2017,101707766,115378705
2017,101707826,115378765
2017,101707865,115378806
2017,101242965,114912635
2017,101242987,114912664
2017,101243009,114912691
2017,101243024,114912708
2017,101243058,114912744
2017,101243079,114912768
2017,101243119,114912810
2017,101243136,114912827
2017,101243136,114912830
2017,101243155,114912852
2017,101243165,114912863
2017,100670206,114339398
2017,100670221,114339412
2017,100670297,114339494
2017,100670349,114339544
2017,100670362,114339558
2017,100670362,114339559
2017,100670471,114339681
2017,100670074,114339263
2017,100670207,114339402
2017,100670232,114339427
2017,100670315,114339510
2017,100670322,114339518
2017,100670388,114339594
2017,100670414,114339617
2017,100670442,114339638
2017,100670442,114339645
2017,101707718,115378650
2017,101707718,115378653
2017,101707737,115378674
2017,101707746,115378684
2017,101707819,115378754
2017,101707854,115378793
2017,101707866,115378805
2017,101242962,114912638
2017,101242981,114912658
2017,101242996,114912678
2017,101243037,114912716
2017,101243037,114912718
2017,101243091,114912778
2017,101243147,114912845
2017,100670273,114339463
2017,100670301,114339498
2017,100670323,114339519
2017,100670324,114339519
2017,100670341,114339543
2017,100670387,114339591
2017,100670447,114339654
2017,100670467,114339676
2017,101707675,115378605
2017,101707681,115378609
2017,101707681,115378612
2017,101707736,115378673
2017,101707752,115378693
2017,101707782,115378720
2017,101707810,115378748
2017,101707883,115378824
2017,101707644,115378567
2017,101707662,115378589
2017,101707725,115378664
2017,101707787,115378727
2017,101707822,115378752
2017,101707834,115378775
2017,101707846,115378785
2017,101707875,115378813
2017,101242966,114912640
2017,101242992,114912669
2017,101243056,114912742
2017,101243072,114912759
2017,101243082,114912770
2017,101243122,114912813
2017,101243139,114912837
2017,101243157,114912855
2017,101242957,114912628
2017,101242980,114912657
2017,101243078,114912764
2017,101243083,114912772
2017,101243097,114912788
2017,101243102,114912795
2017,101243162,114912860
2017,101243181,114912884
2017,101243193,114912896
2017,100670328,114339523
2017,100670343,114339540
2017,100670343,114339541
2017,100670386,114339590
2017,100670392,114339596
2017,100670406,114339612
2017,100670413,114339618
2017,100670463,114339669
2017,101707657,115378586
2017,101707723,115378657
2017,101707723,115378660
2017,101707756,115378694
2017,101707786,115378724
2017,101707823,115378763
2017,101707864,115378804
2017,103695390,117382120
2017,103695466,117382213
2017,103695470,117382216
2017,103695474,117382216
2017,103695565,117382311
2017,103695618,117382360
2017,103695662,117382414
2017,103695692,117382447
2017,103695708,117382465
2017,103695714,117382467
2017,103695715,117382469
2017,103695815,117382579
2017,103695403,117382135
2017,103695403,117382134
2017,103695475,117382220
2017,103695578,117382325
2017,103695624,117382373
2017,103695632,117382382
2017,103695743,117382501
2017,103695760,117382517
2017,103695768,117382522
2017,103695781,117382543
2017,103695789,117382546
2017,103695789,117382544
2017,103695810,117382570
2017,103695810,117382572
2017,103695814,117382578
2017,101242950,114912627
2017,101242968,114912644
2017,101243019,114912700
2017,101243041,114912723
2017,101243051,114912736
2017,101243066,114912753
2017,101243169,114912867
2017,101243185,114912887
2017,101242955,114912631
2017,101242976,114912653
2017,101242991,114912673
2017,101243022,114912706
2017,101243096,114912786
2017,101242959,114912632
2017,101243005,114912685
2017,101243025,114912707
2017,101243075,114912765
2017,101243100,114912791
2017,101243117,114912807
2017,101243170,114912869
2017,101243187,114912888
2017,100670072,114339262
2017,100670180,114339371
2017,100670191,114339386
2017,100670224,114339418
2017,100670260,114339449
2017,100670279,114339473
2017,100670333,114339530
2017,100670427,114339635
2017,100670476,114339683
2017,101243043,114912725
2017,101243054,114912733
2017,101243080,114912767
2017,101243103,114912796
2017,101243128,114912818
2017,101243152,114912849
2017,101243163,114912861
2017,101243197,114912902
2017,101243206,114912910
2017,100670182,114339372
2017,100670295,114339490
2017,100670306,114339506
2017,100670381,114339586
2017,100670459,114339666
2017,103695430,117382153
2017,103695532,117382282
2017,103695609,117382357
2017,103695701,117382457
2017,103695707,117382463
2017,103695721,117382477
2017,103695740,117382495
2017,103695740,117382498
2017,103695767,117382525
2017,103695774,117382533
2017,103695798,117382562
2017,103695426,117382158
2017,103695462,117382188
2017,103695507,117382257
2017,103695549,117382284
2017,103695594,117382338
2017,103695617,117382366
2017,103695631,117382381
2017,103695639,117382387
2017,103695641,117382388
2017,103695669,117382421
2017,103695725,117382481
2017,103695762,117382521
2017,103695801,117382564
2017,101242973,114912648
2017,101242994,114912675
2017,101243007,114912687
2017,101243049,114912732
2017,101243094,114912785
2017,101243135,114912833
2017,101243160,114912856
2017,104542482,118240746
2017,101707735,115378672
2017,101707740,115378682
2017,101707755,115378691
2017,101707774,115378711
2017,101707828,115378768
2017,101242952,114912629
2017,101243004,114912684
2017,101243006,114912684
2017,101243016,114912697
2017,101243016,114912694
2017,101243016,114912698
2017,101243057,114912740
2017,101243098,114912789
2017,101243146,114912841
2017,101243146,114912842
2017,101243171,114912868
2017,101243186,114912890
2017,101242960,114912634
2017,101243002,114912679
2017,101243002,114912680
2017,101243014,114912695
2017,101243065,114912752
2017,101243092,114912784
2017,101243110,114912802
2017,101243123,114912817
2017,101243148,114912843
2017,101243148,114912844
2017,101243190,114912891
2017,101243190,114912889
2017,103695382,117382101
2017,103695429,117382164
2017,103695447,117382165
2017,103695447,117382180
2017,103695498,117382238
2017,103695498,117382235
2017,103695515,117382262
2017,103695556,117382303
2017,103695637,117382384
2017,103695665,117382415
2017,103695729,117382484
2017,103695759,117382513
2017,103695784,117382548
2017,103695796,117382557
2017,103695796,117382554
2017,103695385,117382114
2017,103695386,117382110
2017,103695405,117382138
2017,103695432,117382169
2017,103695460,117382197
2017,103695460,117382193
2017,103695487,117382222
2017,103695487,117382223
2017,103695494,117382233
2017,103695518,117382270
2017,103695534,117382280
2017,103695526,117382275
2017,103695539,117382286
2017,103695560,117382310
2017,103695592,117382344
2017,103695614,117382364
2017,103695634,117382385
2017,103695658,117382408
2017,103695666,117382420
2017,103695667,117382419
2017,103695667,117382417
2017,103695674,117382430
2017,103695681,117382434
2017,103695681,117382429
2017,103695682,117382427
2017,103695682,117382433
2017,103695694,117382448
2017,103695695,117382449
2017,103695722,117382475
2017,103695733,117382488
2017,103695736,117382492
2017,103695739,117382493
2017,103695757,117382515
2017,103695761,117382519
2017,103695799,117382563
2017,103695803,117382567
2017,103695806,117382568
2017,103695816,117382580
2017,100670085,114339277
2017,100670171,114339365
2017,100670176,114339365
2017,100670238,114339433
2017,100670383,114339587
2017,100670457,114339664
2017,100670475,114339685
2017,101707646,115378571
2017,101707685,115378617
2017,101707703,115378637
2017,101707733,115378669
2017,101707744,115378678
2017,101707744,115378677
2017,101707780,115378716
2017,101707848,115378787
2017,101707872,115378811
2017,101707881,115378822
2017,100670167,114339363
2017,100670227,114339416
2017,100670267,114339457
2017,100670309,114339504
2017,100670354,114339554
2017,100670468,114339675
2017,100670468,114339674
2017,100670479,114339686
2017,110770687,124516180
2017,110775566,124520851
2017,110775566,124520852
2017,110770690,124516186
2017,110770690,124516185
2017,110775567,124520853
2017,110775568,124520853
2017,110775570,124516183
2017,110775570,124516184
2017,111057167,124805763
2017,111061530,124797819
2017,111057182,124801258
2017,111061499,124801264
2017,111061487,124797775
2017,98166908,111815013
2017,98166914,111815018
2017,98166974,111815090
2017,98167058,111815174
2017,98167087,111815201
2017,98167102,111815219
2017,98167181,111815308
2017,98167203,111815328
2017,98167242,111815377
2017,98167280,111815417
2017,98463778,112118995
2017,98463778,112118996
2017,98463810,112119037
2017,98463921,112119151
2017,98463975,112119210
2017,98463975,112119207
2017,98464000,112119227
2017,98464067,112119298
2017,98464080,112119313
2017,98464078,112119313
2017,98464141,112119377
2017,98166888,111814991
2017,98166905,111815011
2017,98166971,111815081
2017,98167004,111815114
2017,98167090,111815207
2017,98167129,111815250
2017,98167168,111815294
2017,98167255,111815388
2017,98167302,111815439
2017,98166897,111814995
2017,98166900,111815004
2017,98166938,111815048
2017,98166969,111815075
2017,98167000,111815109
2017,98167027,111815133
2017,98167027,111815127
2017,98167027,111815138
2017,98167120,111815238
2017,98167157,111815288
2017,98167320,111815445
2017,98809857,112470687
2017,98809883,112470710
2017,98809894,112470725
2017,98809918,112470748
2017,98810017,112470862
2017,98810033,112470879
2017,98463774,112118999
2017,98463811,112119034
2017,98463811,112119033
2017,98463842,112119073
2017,98463953,112119181
2017,98464017,112119250
2017,98464015,112119250
2017,98464040,112119265
2017,98464040,112119269
2017,98464061,112119292
2017,98464071,112119304
2017,98464122,112119355
2017,98464137,112119372
2017,98809687,112470508
2017,98809735,112470558
2017,98809790,112470615
2017,98809825,112470638
2017,98809825,112470644
2017,98809825,112470637
2017,98809845,112470669
2017,98809854,112470682
2017,98809878,112470706
2017,98809882,112470713
2017,98809896,112470731
2017,98809900,112470727
2017,98809910,112470744
2017,98809919,112470752
2017,98809940,112470778
2017,98809954,112470792
2017,98809969,112470809
2017,98810003,112470842
2017,98810014,112470860
2017,98810041,112470885
2017,98810042,112470885
2017,96543571,110183092
2017,96543591,110183109
2017,96543625,110183145
2017,96543755,110183286
2017,96543764,110183288
2017,96543764,110183291
2017,96543764,110183297
2017,99304744,112968814
2017,99304808,112968872
2017,99304808,112968870
2017,99304818,112968896
2017,99304870,112968941
2017,99304926,112969003
2017,99304955,112969039
2017,99304966,112969041
2017,99304966,112969040
2017,99305111,112969123
2017,96543569,110183090
2017,96543587,110183107
2017,96543615,110183135
2017,96543661,110183180
2017,96543693,110183223
2017,96543718,110183244
2017,96543718,110183242
2017,96543738,110183271
2017,96543746,110183275
2017,99304755,112968826
2017,99304813,112968882
2017,99304886,112968962
2017,99305087,112969098
2017,99305112,112969122
2017,96543560,110183079
2017,96543573,110183091
2017,96543604,110183125
2017,96543676,110183202
2017,96543721,110183247
2017,96543750,110183279
2017,96543757,110183285
2017,99304710,112968779
2017,99304742,112968808
2017,99304904,112968978
2017,99304932,112969007
2017,99305042,112969056
2017,99305103,112969111
2017,99305113,112969124
2017,96543530,110183047
2017,96543579,110183096
2017,96543646,110183167
2017,96543704,110183229
2017,96543726,110183255
2017,96543736,110183266
2017,96543736,110183265
2017,99304928,112969000
2017,99304947,112969025
2017,99305077,112969082
2017,98166911,111815016
2017,98167099,111815216
2017,98167170,111815292
2017,98167165,111815292
2017,99851697,113521539
2017,99851780,113521626
2017,99851818,113521661
2017,97704957,111346909
2017,97063051,110702189
2017,97063088,110702226
2017,97063215,110702353
2017,97063236,110702381
2017,97063252,110702395
2017,97063252,110702399
2017,97063287,110702441
2017,97063301,110702453
2017,97063312,110702466
2017,99851453,113521281
2017,99851457,113521281
2017,99851481,113521310
2017,99851505,113521339
2017,99851602,113521450
2017,99851625,113521469
2017,99851642,113521483
2017,99851642,113521486
2017,99851689,113521526
2017,99851741,113521590
2017,99851801,113521645
2017,99851809,113521657
2017,99851840,113521689
2017,99851865,113521714
2017,97063069,110702199
2017,97063091,110702229
2017,97063121,110702263
2017,97063156,110702291
2017,97063171,110702314
2017,97063198,110702337
2017,97063251,110702397
2017,97063276,110702425
2017,97704360,111346290
2017,97704519,111346455
2017,97704552,111346488
2017,97704595,111346525
2017,97704707,111346642
2017,97704792,111346731
2017,97704808,111346761
2017,97704821,111346772
2017,97704893,111346849
2017,97704953,111346906
2017,98166909,111815015
2017,98166962,111815071
2017,98166962,111815068
2017,98166991,111815100
2017,98166991,111815101
2017,98167097,111815211
2017,98167196,111815320
2017,98167221,111815349
2017,98167262,111815397
2017,98167278,111815407
2017,98167295,111815427
2017,99851474,113521300
2017,99851485,113521308
2017,99851485,113521309
2017,99851492,113521324
2017,99851521,113521362
2017,99851547,113521384
2017,99851596,113521446
2017,99851607,113521453
2017,99851628,113521472
2017,99851710,113521553
2017,99851778,113521623
2017,99851803,113521646
2017,99851805,113521649
2017,99851817,113521663
2017,99851838,113521687
2017,99851850,113521698
2017,99851854,113521701
2017,99851871,113521720
2017,99851887,113521742
2017,99851889,113521736
2017,97063058,110702198
2017,97063119,110702260
2017,97063176,110702319
2017,97063216,110702360
2017,97063235,110702380
2017,97063309,110702463
2017,98166907,111815002
2017,98166907,111815006
2017,98166907,111815003
2017,98166964,111815077
2017,98166998,111815112
2017,98167096,111815214
2017,98167211,111815338
2017,98167265,111815398
2017,97704455,111346381
2017,97704653,111346587
2017,97704692,111346624
2017,97704735,111346671
2017,97704838,111346797
2017,97063056,110702190
2017,97063204,110702348
2017,97063243,110702394
2017,97063274,110702418
2017,99304707,112968761
2017,99304713,112968761
2017,99304740,112968806
2017,99304765,112968824
2017,99304765,112968828
2017,99304879,112968950
2017,99304945,112969028
2017,99304951,112969024
2017,99304951,112969023
2017,99304951,112969027
2017,99305099,112969109
2017,99305105,112969115
2017,101707642,115378568
2017,101707655,115378582
2017,101707664,115378593
2017,101707674,115378604
2017,101707700,115378634
2017,101707753,115378689
2017,101707768,115378706
2017,101707794,115378732
2017,101707831,115378771
2017,101707853,115378795
2017,101707874,115378815
2017,98463763,112118981
2017,98463812,112119036
2017,98463825,112119052
2017,98463902,112119130
2017,98463939,112119171
2017,98464002,112119233
2017,98464041,112119276
2017,98464056,112119286
2017,98464110,112119347
2017,97704654,111346578
2017,97704668,111346596
2017,97704668,111346594
2017,97704796,111346745
2017,97704819,111346765
2017,97704864,111346819
2017,97704885,111346837
2017,97704994,111346953
2017,97704994,111346954
2017,97705008,111346970
2017,97705008,111346969
2017,98166915,111815019
2017,98166948,111815067
2017,98166976,111815088
2017,98166999,111815111
2017,98167008,111815118
2017,98167025,111815141
2017,98167104,111815221
2017,98167171,111815293
2017,98167171,111815295
2017,98167238,111815366
2017,97704398,111346289
2017,97704443,111346374
2017,97704551,111346482
2017,97704730,111346667
2017,97704730,111346662
2017,97704761,111346708
2017,97704810,111346763
2017,97704951,111346908
2017,97704980,111346940
2017,97704996,111346956
2017,98166983,111815095
2017,98167005,111815116
2017,98167053,111815168
2017,98167089,111815205
2017,98167283,111815416
2017,98167284,111815420
2017,99304880,112968956
2017,99304938,112969014
2017,99304961,112969043
2017,99305068,112969074
2017,99305064,112969074
2017,99305067,112969074
2017,99305082,112969094
2017,98463764,112118982
2017,98463787,112119010
2017,98463797,112119023
2017,98463818,112119043
2017,98463834,112119058
2017,98463853,112119081
2017,98463925,112119153
2017,98463925,112119150
2017,98463956,112119184
2017,98463970,112119208
2017,98464153,112119390
2017,99304699,112968768
2017,99304739,112968810
2017,99304764,112968835
2017,99304778,112968843
2017,99304814,112968886
2017,99304883,112968955
2017,99304905,112968974
2017,99304905,112968973
2017,99304936,112969013
2017,99305056,112969067
2017,99305062,112969075
2017,99305089,112969099
2017,99305097,112969102
2017,99305109,112969121
2017,98809685,112470507
2017,98809787,112470611
2017,98809800,112470632
2017,98809847,112470672
2017,98809873,112470705
2017,98809888,112470718
2017,98809905,112470733
2017,98809924,112470760
2017,98809945,112470784
2017,98809961,112470801
2017,98809981,112470823
2017,98810020,112470863
2017,98809864,112470693
2017,98809928,112470763
2017,98810012,112470857
2017,98810023,112470871
2017,97063084,110702222
2017,97063174,110702315
2017,97063208,110702346
2017,97063247,110702383
2017,97063249,110702388
2017,97063247,110702385
2017,96543557,110183076
2017,96543567,110183086
2017,96543590,110183110
2017,96543597,110183112
2017,96543629,110183149
2017,96543664,110183188
2017,96543664,110183186
2017,96543681,110183208
2017,96543697,110183225
2017,96543753,110183281
2017,104542542,118240813
2017,107054242,120785210
2017,104542471,118240735
2017,104542498,118240766
2017,106622284,120342117
2017,106622195,120342028
2017,106622195,120342030
2017,107054364,120785335
2017,106622247,120342081
2017,107054607,120785592
2017,107054607,120785591
2017,101242982,114912663
2017,101243042,114912724
2017,101243064,114912745
2017,101243064,114912747
2017,101243093,114912783
2017,101243093,114912776
2017,101243124,114912815
2017,101243130,114912822
2017,101243138,114912831
2017,101243149,114912850
2017,101243173,114912871
2017,101243199,114912903
2017,101707663,115378588
2017,101707663,115378590
2017,101707678,115378614
2017,101707693,115378628
2017,101707705,115378640
2017,101707716,115378655
2017,101707763,115378702
2017,101707775,115378712
2017,101707857,115378797
2017,101707651,115378577
2017,101707668,115378597
2017,101707713,115378645
2017,101707713,115378646
2017,101707728,115378666
2017,101707745,115378686
2017,101707791,115378729
2017,101707800,115378738
2017,101707827,115378767
2017,101707876,115378816
2017,100670105,114339295
2017,100670161,114339357
2017,100670190,114339384
2017,100670278,114339466
2017,100670359,114339561
2017,100670376,114339580
2017,101707648,115378574
2017,101707673,115378603
2017,101707673,115378601
2017,101707679,115378608
2017,101707679,115378607
2017,101707760,115378699
2017,101707825,115378764
2017,100670129,114339305
2017,100670219,114339408
2017,100670249,114339439
2017,100670275,114339469
2017,100670290,114339485
2017,100670317,114339514
2017,100670364,114339562
2017,100670397,114339603
2017,100670397,114339601
2017,100670403,114339600
2017,100670473,114339677
2017,101243030,114912711
2017,101243048,114912731
2017,101243050,114912734
2017,101243095,114912787
2017,101243115,114912804
2017,101243133,114912826
2017,101243172,114912870
2017,101243184,114912885
2017,101242956,114912633
2017,101243013,114912696
2017,101243052,114912735
2017,101243161,114912859
2017,101243201,114912904
2017,100670165,114339355
2017,100670222,114339414
2017,100670245,114339435
2017,100670339,114339535
2017,100670394,114339598
2017,100670408,114339614
2017,100670448,114339655
2017,101242972,114912647
2017,101243003,114912683
2017,101243015,114912699
2017,101243038,114912720
2017,101243055,114912738
2017,101243076,114912762
2017,101243107,114912801
2017,101243145,114912839
2017,100670073,114339261
2017,100670095,114339280
2017,100670097,114339283
2017,100670095,114339276
2017,100670095,114339281
2017,100670138,114339321
2017,100670138,114339327
2017,100670157,114339352
2017,100670280,114339475
2017,100670280,114339474
2017,100670352,114339548
2017,100670352,114339549
2017,100670396,114339605
2017,100670411,114339616
2017,100670429,114339630
2017,100670455,114339661
2017,101707707,115378643
2017,101707785,115378723
2017,101707816,115378759
2017,101707856,115378796
2017,101707871,115378814
2017,103695384,117382112
2017,103695380,117382112
2017,103695414,117382149
2017,103695404,117382136
2017,103695410,117382148
2017,103695440,117382176
2017,103695471,117382207
2017,103695471,117382206
2017,103695495,117382240
2017,103695497,117382246
2017,103695499,117382244
2017,103695499,117382241
2017,103695538,117382287
2017,103695533,117382277
2017,103695545,117382295
2017,103695545,117382293
2017,103695573,117382329
2017,103695585,117382315
2017,103695610,117382354
2017,103695622,117382370
2017,103695625,117382368
2017,103695625,117382371
2017,103695630,117382376
2017,103695635,117382379
2017,103695635,117382380
2017,103695642,117382391
2017,103695648,117382401
2017,103695650,117382401
2017,103695652,117382404
2017,103695652,117382402
2017,103695660,117382412
2017,103695671,117382423
2017,103695672,117382425
2017,103695677,117382431
2017,103695685,117382440
2017,103695686,117382442
2017,103695700,117382456
2017,103695706,117382462
2017,103695713,117382472
2017,103695724,117382480
2017,103695735,117382489
2017,103695744,117382499
2017,103695744,117382497
2017,103695754,117382516
2017,103695756,117382514
2017,103695773,117382532
2017,103695779,117382541
2017,103695782,117382541
2017,103695790,117382552
2017,103695793,117382558
2017,103695802,117382565
2017,103695811,117382575
2017,103695817,117382581
2017,111054354,124801302
2017,98809737,112470561
2017,98809799,112470625
2017,98809843,112470670
2017,98809852,112470679
2017,98809852,112470676
2017,98809867,112470699
2017,98809913,112470745
2017,98809927,112470751
2017,98809927,112470756
2017,98809953,112470794
2017,98809986,112470819
2017,98809986,112470815
2017,97063080,110702220
2017,97063131,110702271
2017,97063150,110702290
2017,97063165,110702307
2017,97063190,110702327
2017,97063187,110702327
2017,97063261,110702409
2017,97063270,110702419
2017,97063308,110702461
2017,97704591,111346527
2017,97704624,111346563
2017,97704663,111346597
2017,97704663,111346595
2017,97704766,111346710
2017,97704820,111346774
2017,97704818,111346774
2017,97704861,111346822
2017,97704904,111346858
2017,97704955,111346911
2017,97704986,111346948
2017,97705003,111346963
2017,98166896,111814994
2017,98166901,111815008
2017,98166970,111815084
2017,98166984,111815098
2017,98166993,111815104
2017,98167033,111815148
2017,98167039,111815152
2017,98167048,111815165
2017,98167051,111815170
2017,98167095,111815209
2017,98167101,111815212
2017,98167131,111815255
2017,98167173,111815299
2017,98167179,111815306
2017,98167190,111815315
2017,98167194,111815321
2017,98167200,111815326
2017,98167218,111815342
2017,98167243,111815374
2017,98167269,111815402
2017,98167270,111815399
2017,98167282,111815418
2017,98167303,111815438
2017,97704948,111346904
2017,97704962,111346919
2017,97704830,111346773
2017,97704830,111346777
2017,97704516,111346452
2017,97704644,111346577
2017,97704731,111346668
2017,97704835,111346783
2017,97704958,111346916
2017,97704974,111346938
2017,97704995,111346955
2017,99851512,113521340
2017,99851540,113521377
2017,99851540,113521378
2017,99851562,113521407
2017,99851582,113521423
2017,99851646,113521492
2017,99851700,113521544
2017,99851726,113521563
2017,99851726,113521565
2017,99851791,113521633
2017,99851808,113521651
2017,99851830,113521675
2017,99851843,113521690
2017,99851863,113521710
2017,97704435,111346351
2017,97704435,111346347
2017,97704505,111346430
2017,97704500,111346430
2017,97704815,111346771
2017,97704874,111346830
2017,97704887,111346839
2017,97704892,111346850
2017,97704991,111346950
2017,97704999,111346961
2017,101707847,115378788
2017,101707855,115378792
2017,101707860,115378801
2017,101707869,115378809
2017,101707870,115378810
2017,101707884,115378825
2017,96543526,110183044
2017,96543568,110183085
2017,96543582,110183103
2017,96543592,110183111
2017,96543640,110183160
2017,96543669,110183194
2017,96543735,110183264
2017,97704436,111346363
2017,97704538,111346467
2017,97704755,111346692
2017,97704755,111346696
2017,97704952,111346910
2017,97704972,111346931
2017,96543528,110183045
2017,96543556,110183075
2017,96543572,110183088
2017,96543580,110183099
2017,96543584,110183099
2017,96543586,110183105
2017,96543586,110183100
2017,96543599,110183117
2017,96543628,110183147
2017,96543670,110183193
2017,96543706,110183233
2017,96543719,110183249
2017,96543729,110183257
2017,97704356,111346283
2017,97704506,111346432
2017,97704627,111346518
2017,97704691,111346612
2017,97704713,111346649
2017,97704737,111346683
2017,97704760,111346705
2017,97704865,111346814
2017,97704886,111346842
2017,97704898,111346853
2017,97704897,111346853
2017,97704950,111346905
2017,99851479,113521305
2017,99851566,113521406
2017,99851611,113521458
2017,99851727,113521571
2017,99851750,113521597
2017,99851753,113521602
2017,99851828,113521674
2017,99851832,113521679
2017,99851858,113521708
2017,99851866,113521715
2017,99851879,113521729
2017,99851883,113521732
2017,101707643,115378570
2017,101707660,115378587
2017,101707670,115378599
2017,101707680,115378610
2017,101707698,115378636
2017,101707722,115378662
2017,101707749,115378688
2017,101707757,115378697
2017,101707790,115378728
2017,101707789,115378725
2017,101707798,115378736
2017,101707798,115378737
2017,101707813,115378757
2017,101707811,115378750
2017,101707824,115378766
2017,101707833,115378773
2017,101707835,115378776
2017,101707842,115378783
2017,99851471,113521292
2017,99851486,113521312
2017,99851494,113521317
2017,99851529,113521373
2017,99851528,113521360
2017,99851525,113521357
2017,99851546,113521383
2017,99851548,113521388
2017,99851560,113521394
2017,99851560,113521396
2017,99851567,113521409
2017,99851592,113521442
2017,99851597,113521444
2017,99851615,113521461
2017,99851650,113521498
2017,99851681,113521523
2017,99851685,113521532
2017,99851699,113521548
2017,99851708,113521548
2017,99851734,113521574
2017,99851467,113521295
2017,99851557,113521398
2017,99851589,113521436
2017,99851608,113521454
2017,99851663,113521507
2017,99851693,113521535
2017,99851800,113521641
2017,99851826,113521671
2017,99851842,113521693
2017,99851886,113521738
2017,97704417,111346342
2017,97704441,111346370
2017,97704564,111346496
2017,97704536,111346466
2017,97704605,111346536
2017,97704655,111346589
2017,97704694,111346617
2017,97704706,111346641
2017,97704756,111346698
2017,97704809,111346762
2017,97704826,111346780
2017,97704844,111346803
2017,97704902,111346856
2017,97704933,111346890
2017,97704993,111346952
2017,101707650,115378573
2017,101707687,115378621
2017,101707688,115378622
2017,101707704,115378638
2017,101707704,115378639
2017,101707715,115378654
2017,101707719,115378656
2017,101707729,115378667
2017,101707731,115378671
2017,101707747,115378681
2017,101707747,115378679
2017,101707772,115378707
2017,101707770,115378707
2017,101707778,115378718
2017,101707795,115378734
2017,101707803,115378743
2017,101707809,115378749
2017,101707815,115378760
2017,101707817,115378755
2017,101707829,115378769
2017,101707836,115378772
2017,101707838,115378779
2017,101707843,115378784
2017,101707850,115378791
2017,101707873,115378812
2017,101707878,115378819
2017,101707878,115378818
2017,97063055,110702187
2017,97063097,110702235
2017,97063138,110702279
2017,97063181,110702321
2017,97063263,110702410
2017,97063262,110702410
2017,97063271,110702420
2017,97063304,110702454
2017,97704408,111346348
2017,97704524,111346450
2017,97704527,111346456
2017,97704546,111346487
2017,97704650,111346580
2017,97704673,111346607
2017,97063113,110702245
2017,97063113,110702248
2017,97063188,110702328
2017,97063212,110702355
2017,97063225,110702368
2017,97063237,110702386
2017,97063253,110702401
2017,97063313,110702465
2017,97063071,110702204
2017,97063071,110702201
2017,97063169,110702310
2017,97063202,110702341
2017,97063202,110702340
2017,97063229,110702373
2017,97063300,110702452
2017,104542491,118240758
2017,107054423,120785399
2017,106622344,120342178
2017,104542479,118240745
2017,107054264,120785230
2017,106622324,120342157
2017,106622240,120342074
2017,104542477,118240737
2017,111057178,124797776
2017,97063049,110702184
2017,97063112,110702258
2017,97063128,110702270
2017,97063177,110702318
2017,97063197,110702335
2017,97063213,110702358
2017,97063234,110702377
2017,97063267,110702413
2017,97063267,110702415
2017,97063288,110702436
2017,97063288,110702431
2017,97063299,110702450
2017,97704824,111346775
2017,97704877,111346834
2017,97705000,111346962
2017,97063064,110702206
2017,97063073,110702212
2017,97063078,110702219
2017,97063114,110702250
2017,97063114,110702246
2017,97063122,110702264
2017,97063139,110702280
2017,97063167,110702305
2017,97063167,110702304
2017,97063173,110702313
2017,97063184,110702323
2017,97063214,110702359
2017,97063219,110702363
2017,97063258,110702402
2017,97063279,110702421
2017,97063279,110702424
2017,97063292,110702444
2017,99851515,113521333
2017,99851515,113521337
2017,99851619,113521465
2017,99851652,113521499
2017,99851656,113521499
2017,99851713,113521554
2017,99851814,113521660
2017,99851834,113521683
2017,99851859,113521709
2017,99851880,113521730
2017,97704426,111346340
2017,97704531,111346460
2017,97704567,111346497
2017,97704637,111346574
2017,97704652,111346586
2017,97704704,111346637
2017,97704758,111346709
2017,97704421,111346354
2017,97704558,111346468
2017,97704767,111346701
2017,97704767,111346695
2017,97704811,111346766
2017,97704878,111346832
2017,97705001,111346957
2017,97704414,111346323
2017,97704447,111346378
2017,97704535,111346465
2017,97704618,111346556
2017,97704642,111346575
2017,97704670,111346605
2017,97704736,111346670
2017,97704793,111346737
2017,97704805,111346756
2017,97704817,111346768
2017,97704829,111346784
2017,97704882,111346838
2017,97704971,111346925
2017,97704992,111346951
2017,96543759,110183293
2017,101707647,115378575
2017,101707676,115378606
2017,101707682,115378613
2017,101707691,115378619
2017,101707706,115378642
2017,101707759,115378698
2017,101707783,115378722
2017,101707797,115378735
2017,101707807,115378746
2017,101707806,115378745
2017,101707832,115378774
2017,101707845,115378786
2017,96543558,110183077
2017,96543578,110183098
2017,96543617,110183136
2017,96543630,110183148
2017,96543690,110183222
2017,96543715,110183241
2017,96543732,110183261
2017,96543739,110183270
2017,104542473,118240736
2017,104542473,118240734
2017,96543570,110183087
2017,96543602,110183120
2017,96543632,110183150
2017,96543699,110183228
2017,96543717,110183248
2017,96543745,110183276
2017,96543760,110183292
2017,98166912,111815017
2017,98166995,111815107
2017,98167043,111815158
2017,98167098,111815218
2017,98167292,111815425
2017,98167323,111815454
2017,98809702,112470523
2017,98809850,112470680
2017,98809912,112470746
2017,98809952,112470789
2017,98809962,112470802
2017,98809973,112470811
2017,98810004,112470846
2017,98810032,112470874
2017,96543529,110183046
2017,96543566,110183089
2017,96543623,110183144
2017,96543638,110183154
2017,96543656,110183176
2017,96543679,110183199
2017,96543679,110183204
2017,96543694,110183226
2017,96543725,110183254
2017,98166946,111815063
2017,98166996,111815106
2017,98167009,111815120
2017,98167070,111815191
2017,98167109,111815224
2017,98167109,111815222
2017,98167156,111815285
2017,98167219,111815346
2017,98167219,111815344
2017,98167272,111815404
2017,98463775,112119000
2017,98463823,112119047
2017,98463823,112119048
2017,98463879,112119107
2017,98463900,112119128
2017,98463930,112119157
2017,98463930,112119155
2017,98463963,112119200
2017,98464068,112119306
2017,98464184,112119417
2017,97063107,110702244
2017,97063168,110702309
2017,97063194,110702331
2017,97063232,110702378
2017,97063254,110702400
2017,99851633,113521473
2017,99851633,113521476
2017,99851682,113521530
2017,99851740,113521589
2017,99851802,113521640
2017,99851802,113521643
2017,99851812,113521654
2017,99851812,113521656
2017,99851875,113521722
2017,98809704,112470520
2017,98809733,112470556
2017,98809859,112470685
2017,98809859,112470686
2017,98809879,112470711
2017,98809895,112470728
2017,98809903,112470737
2017,98809932,112470768
2017,98809932,112470764
2017,98809948,112470783
2017,98810027,112470876
2017,98463828,112119051
2017,98463835,112119064
2017,98463866,112119090
2017,98463968,112119202
2017,98463968,112119205
2017,98464081,112119318
2017,99304723,112968785
2017,99304735,112968803
2017,99304735,112968802
2017,99304858,112968932
2017,99304884,112968954
2017,99304927,112969001
2017,99305040,112969055
2017,99305044,112969057
2017,99305069,112969079
2017,99305088,112969096
2017,98463789,112119014
2017,98463813,112119038
2017,98463832,112119059
2017,98464057,112119288
2017,98464090,112119330
2017,97704465,111346393
2017,97704633,111346567
2017,97704641,111346573
2017,97704699,111346631
2017,97704745,111346690
2017,97704773,111346718
2017,97704896,111346852
2017,97704919,111346876
2017,97704989,111346947
2017,97705004,111346960
2017,99851744,113521586
2017,99304767,112968832
2017,99304763,112968832
2017,99304860,112968923
2017,99304862,112968923
2017,99304855,112968923
2017,99304902,112968981
2017,99304917,112968987
2017,99304917,112968989
2017,99304930,112969004
2017,99304948,112969018
2017,99304948,112969011
2017,99304971,112969050
2017,99305063,112969076
2017,99305085,112969095
2017,97704433,111346366
2017,97704540,111346464
2017,97704647,111346583
2017,97704718,111346648
2017,97704751,111346691
2017,97704787,111346743
2017,97704888,111346844
2017,97704939,111346893
2017,99304694,112968754
2017,99304694,112968753
2017,99304716,112968788
2017,99304781,112968853
2017,99304843,112968919
2017,99304868,112968939
2017,99304889,112968959
2017,99304889,112968958
2017,99304915,112968991
2017,99305094,112969104
2017,97704510,111346444
2017,97704632,111346557
2017,97704632,111346562
2017,97704701,111346633
2017,97704738,111346675
2017,97704780,111346730
2017,97704889,111346841
2017,97704928,111346883
2017,99851456,113521282
2017,99851466,113521293
2017,99851478,113521303
2017,99851489,113521316
2017,99851487,113521313
2017,99851501,113521335
2017,99851506,113521325
2017,99851549,113521385
2017,99851549,113521387
2017,99851559,113521399
2017,99851564,113521405
2017,99851564,113521402
2017,99851573,113521420
2017,99851601,113521452
2017,99851599,113521449
2017,99851627,113521474
2017,99851640,113521485
2017,99851643,113521487
2017,99851648,113521490
2017,99851648,113521491
2017,99851662,113521503
2017,99851678,113521522
2017,99851683,113521527
2017,99851686,113521533
2017,99851707,113521543
2017,99851707,113521547
2017,99851711,113521555
2017,99851717,113521561
2017,99851749,113521593
2017,99851787,113521631
2017,99851785,113521629
2017,99851785,113521627
2017,99851788,113521630
2017,99851786,113521630
2017,99851797,113521638
2017,99851795,113521638
2017,99851807,113521650
2017,99851831,113521677
2017,99851831,113521676
2017,99851837,113521682
2017,99851837,113521686
2017,99851862,113521711
2017,99851860,113521705
2017,99851891,113521740
2017,99851915,113521771
2017,98463770,112118988
2017,98463827,112119054
2017,98463901,112119133
2017,98464035,112119270
2017,98464089,112119325
2017,98464146,112119383
2017,98464176,112119407
2017,98464193,112119424
2017,96543576,110183097
2017,96543610,110183129
2017,96543662,110183184
2017,96543684,110183212
2017,96543707,110183234
2017,96543716,110183246
2017,96543730,110183259
2017,96543756,110183287
2017,99851500,113521329
2017,99851684,113521528
2017,99851720,113521562
2017,99851766,113521609
2017,99851779,113521624
2017,99851824,113521668
2017,99851876,113521724
2017,99851876,113521726
2017,96543603,110183122
2017,96543613,110183132
2017,96543660,110183178
2017,96543711,110183239
2017,96543527,110183043
2017,96543565,110183084
2017,96543585,110183106
2017,96543668,110183191
2017,96543691,110183217
2017,96543744,110183267
2017,96543752,110183283
2017,96543763,110183296
2017,96543763,110183295
2017,99851507,113521331
2017,99851581,113521426
2017,99851581,113521422
2017,99851614,113521460
2017,99851613,113521460
2017,99851725,113521566
2017,99851815,113521659
2017,99851881,113521731
2017,99851910,113521767
2017,99851931,113521779
2017,96543651,110183174
2017,96543663,110183185
2017,96543672,110183196
2017,96543695,110183227
2017,96543563,110183083
2017,96543589,110183102
2017,96543595,110183115
2017,96543677,110183206
2017,99304685,112968751
2017,99304702,112968770
2017,99304727,112968791
2017,99304727,112968790
2017,99304782,112968851
2017,99304812,112968883
2017,99304834,112968906
2017,99304918,112968992
2017,99304933,112969006
2017,99305061,112969071
2017,99305079,112969092
2017,96543561,110183080
2017,96543688,110183215
2017,96543751,110183282
2017,98809778,112470597
2017,98809778,112470599
2017,98809832,112470662
2017,98809869,112470696
2017,98809869,112470698
2017,98809936,112470773
2017,98809955,112470793
2017,98810009,112470853
2017,97063082,110702216
2017,97063082,110702215
2017,97063125,110702257
2017,97063125,110702253
2017,97063127,110702259
2017,97063162,110702303
2017,97063192,110702334
2017,97063230,110702374
2017,97063256,110702405
2017,97063281,110702430
2017,97063281,110702428
2017,98809684,112470502
2017,98809706,112470525
2017,98809706,112470527
2017,98809890,112470721
2017,98809901,112470735
2017,98809946,112470785
2017,98809965,112470804
2017,98809994,112470835
2017,98810008,112470854
2017,98810035,112470881
2017,98166885,111814985
2017,98166967,111815079
2017,98166967,111815074
2017,98166997,111815110
2017,98167128,111815246
2017,98167163,111815290
2017,98167180,111815303
2017,98167241,111815364
2017,98167257,111815389
2017,97704423,111346355
2017,97704566,111346498
2017,97704762,111346706
2017,97704762,111346707
2017,97704803,111346752
2017,97704849,111346808
2017,97704959,111346918
2017,97704975,111346935
2017,97704998,111346959
2017,97705006,111346967
2017,97705006,111346966
2017,98809740,112470570
2017,98809838,112470665
2017,98809874,112470704
2017,98809884,112470716
2017,98809889,112470720
2017,98809898,112470732
2017,98809916,112470747
2017,98809933,112470771
2017,98809992,112470831
2017,98810001,112470844
2017,98809722,112470540
2017,98809775,112470589
2017,98809805,112470623
2017,98809837,112470659
2017,98809837,112470663
2017,98809848,112470677
2017,98809870,112470700
2017,98809934,112470772
2017,98809947,112470781
2017,98809947,112470780
2017,98809968,112470810
2017,98810007,112470850
2017,99304718,112968783
2017,99304856,112968931
2017,99304898,112968970
2017,99304909,112968983
2017,99304931,112969005
2017,99305075,112969080
2017,99305095,112969107
2017,99305101,112969112
2017,99305108,112969116
2017,99305108,112969117
2017,98463767,112118986
2017,98463788,112119011
2017,98463805,112119025
2017,98463951,112119186
2017,98463977,112119218
2017,98464038,112119271
2017,98464038,112119266
2017,98464091,112119326
2017,97063155,110702294
2017,97063172,110702312
2017,97063246,110702398
2017,97063311,110702464
2017,98166891,111814988
2017,98166973,111815086
2017,98167016,111815122
2017,98167030,111815143
2017,98167064,111815184
2017,98167115,111815233
2017,98167178,111815305
2017,98167202,111815333
2017,98167225,111815353
2017,98167251,111815380
2017,98167266,111815400
2017,98167286,111815415
2017,98167312,111815448
2017,98809771,112470586
2017,98809835,112470661
2017,98809853,112470674
2017,98809908,112470743
2017,98809929,112470762
2017,98809963,112470803
2017,98810011,112470849
2017,98810011,112470851
2017,98463784,112119009
2017,98463903,112119132
2017,98463952,112119187
2017,98464098,112119333
2017,98464173,112119406
2017,98166890,111814992
2017,98166982,111815094
2017,98166992,111815105
2017,98167108,111815227
2017,98167118,111815236
2017,98167162,111815276
2017,98167191,111815317
2017,98167246,111815378
2017,98167246,111815376
2017,98167259,111815391
2017,97704420,111346356
2017,97704556,111346478
2017,97704709,111346640
2017,97704784,111346736
2017,97704837,111346781
2017,97704884,111346840
2017,97704979,111346943
2017,99851450,113521278
2017,99851472,113521298
2017,99851497,113521326
2017,99851502,113521332
2017,99851539,113521376
2017,99851554,113521391
2017,99851574,113521419
2017,99851591,113521440
2017,99851763,113521607
2017,99851789,113521634
2017,99851794,113521636
2017,99851848,113521697
2017,99851864,113521713
2017,99851885,113521735
2017,98809745,112470566
2017,98809751,112470566
2017,98809863,112470692
2017,98809881,112470712
2017,98809893,112470723
2017,98809931,112470765
2017,98809956,112470790
2017,98809956,112470791
2017,98809978,112470817
2017,98463768,112118987
2017,98463768,112118983
2017,98463819,112119044
2017,98463851,112119076
2017,98463892,112119122
2017,98463906,112119136
2017,98463914,112119141
2017,98463914,112119144
2017,98463932,112119164
2017,98463949,112119182
2017,98463994,112119224
2017,98464016,112119251
2017,98464054,112119287
2017,98464063,112119295
2017,98464094,112119332
2017,98464142,112119376
2017,98464149,112119382
2017,98464180,112119412
2017,99304683,112968749
2017,99304700,112968767
2017,99304749,112968819
2017,99304780,112968848
2017,99304827,112968901
2017,99304847,112968908
2017,99304872,112968945
2017,99304903,112968977
2017,99304937,112969016
2017,99304957,112969034
2017,98809674,112470497
2017,98809731,112470554
2017,98809789,112470600
2017,98809844,112470671
2017,98809866,112470694
2017,98809914,112470742
2017,98809938,112470776
2017,98809984,112470816
2017,98809996,112470837
2017,98810005,112470852
2017,98810036,112470882
2017,98809709,112470535
2017,98809727,112470548
2017,98809727,112470547
2017,98809793,112470618
2017,98809851,112470675
2017,98809899,112470730
2017,98809899,112470729
2017,98809949,112470787
2017,98809985,112470827
2017,98810028,112470877
2017,96543600,110183121
2017,96543618,110183137
2017,96543635,110183157
2017,96543740,110183269
2017,96543748,110183278
2017,97063092,110702232
2017,97063103,110702240
2017,97063111,110702254
2017,97063132,110702267
2017,97063179,110702317
2017,97063175,110702316
2017,97063182,110702317
2017,97063227,110702372
2017,97063257,110702404
2017,97063265,110702412
2017,97063284,110702439
2017,97063295,110702448
2017,97063315,110702467
2017,96543555,110183074
2017,96543574,110183095
2017,96543609,110183128
2017,96543631,110183153
2017,96543683,110183210
2017,96543749,110183284
2017,96543758,110183289
2017,97063047,110702182
2017,97063106,110702243
2017,97063120,110702262
2017,97063143,110702283
2017,97063161,110702297
2017,97063217,110702354
2017,97063217,110702357
2017,97063241,110702391
2017,97063289,110702437
2017,97063289,110702438
2017,97063297,110702447
2017,97063296,110702447
2017,96543583,110183104
2017,96543614,110183131
2017,96543644,110183166
2017,96543655,110183181
2017,96543708,110183236
2017,96543722,110183251
2017,99851719,113521564
2017,99851799,113521639
2017,99851835,113521678
2017,99851835,113521680
2017,99851857,113521704
2017,99851857,113521706
2017,99851877,113521727
2017,99304686,112968747
2017,99304725,112968793
2017,99304769,112968836
2017,99304800,112968854
2017,99304800,112968855
2017,99304952,112969035
2017,99305046,112969058
2017,99305091,112969106
2017,99305104,112969114
2017,99304724,112968792
2017,99304733,112968801
2017,99304795,112968865
2017,99304820,112968895
2017,99304913,112968986
2017,99305055,112969063
2017,99305080,112969090
2017,99305100,112969110
2017,98463781,112118990
2017,98463781,112118994
2017,98463831,112119057
2017,98463867,112119088
2017,98463905,112119135
2017,98463938,112119170
2017,98463967,112119201
2017,98463967,112119197
2017,98463984,112119216
2017,98463982,112119213
2017,96543559,110183078
2017,96543577,110183094
2017,96543620,110183140
2017,96543626,110183146
2017,96543626,110183142
2017,96543645,110183165
2017,96543657,110183183
2017,96543680,110183207
2017,96543727,110183256
2017,96543594,110183114
2017,96543622,110183141
2017,96543639,110183155
2017,96543659,110183179
2017,96543666,110183187
2017,96543666,110183189
2017,96543682,110183209
2017,96543696,110183218
2017,96543696,110183216
2017,98809717,112470543
2017,98809786,112470613
2017,98809828,112470655
2017,98809880,112470707
2017,98809922,112470755
2017,98809943,112470774
2017,98809982,112470826
2017,98809989,112470832
2017,96543525,110183042
2017,96543588,110183108
2017,96543606,110183123
2017,96543624,110183143
2017,96543686,110183211
2017,96543702,110183231
2017,96543703,110183231
2017,96543712,110183240
2017,99304684,112968748
2017,99304705,112968773
2017,99304731,112968799
2017,99304753,112968820
2017,99304811,112968877
2017,99304826,112968902
2017,99304956,112969032
2017,99305058,112969069
2017,99305072,112969083
2017,99305107,112969120
2017,98463802,112119027
2017,98463838,112119069
2017,98463890,112119106
2017,98463886,112119098
2017,98463928,112119162
2017,98463974,112119212
2017,98464036,112119268
2017,98464095,112119328
2017,98464095,112119329
2017,98464187,112119420
2017,98809736,112470564
2017,98809785,112470610
2017,98809856,112470689
2017,98809909,112470740
2017,98809980,112470825
2017,98810000,112470841
2017,96543608,110183126
2017,96543616,110183133
2017,96543616,110183134
2017,96543627,110183151
2017,96543641,110183162
2017,96543648,110183170
2017,96543673,110183203
2017,96543714,110183245
2017,96543733,110183262
2017,98167024,111815130
2017,98167024,111815135
2017,98167042,111815160
2017,98167059,111815176
2017,98167142,111815275
2017,98167268,111815394
2017,98463817,112119040
2017,98463916,112119140
2017,98463948,112119180
2017,98463960,112119198
2017,98464005,112119234
2017,98464005,112119236
2017,98464034,112119267
2017,98464105,112119343
2017,98464129,112119367
2017,98166906,111815012
2017,98166966,111815082
2017,98166975,111815087
2017,98167114,111815235
2017,98167188,111815314
2017,98167199,111815324
2017,98167288,111815422
2017,98810040,112470887
2017,97704429,111346360
2017,97704669,111346606
2017,97704723,111346645
2017,97704872,111346816
2017,97704872,111346817
2017,98809714,112470539
2017,98809791,112470616
2017,98809814,112470636
2017,98809907,112470741
2017,98809915,112470736
2017,98809925,112470758
2017,98809925,112470757
2017,98809957,112470796
2017,98809976,112470820
2017,98810026,112470869
2017,98810026,112470872
2017,98166889,111814993
2017,98166930,111815040
2017,98166957,111815065
2017,98166957,111815057
2017,98167044,111815155
2017,98167072,111815198
2017,98167112,111815230
2017,98167121,111815241
2017,98167148,111815282
2017,98167195,111815322
2017,98167204,111815332
2017,98167237,111815369
2017,98167279,111815413
2017,99304751,112968818
2017,99304772,112968842
2017,99304803,112968876
2017,99304833,112968907
2017,99304885,112968960
2017,99304901,112968975
2017,99304924,112968996
2017,99304953,112969031
2017,99305070,112969081
2017,99305106,112969119
2017,98809686,112470490
2017,98809707,112470531
2017,98809766,112470587
2017,98809818,112470640
2017,98809958,112470800
2017,98809977,112470821
2017,98809998,112470839
2017,98810021,112470866
2017,99304701,112968769
2017,99304736,112968805
2017,99304747,112968816
2017,99304807,112968880
2017,99304819,112968894
2017,99304819,112968893
2017,99304865,112968940
2017,99304934,112969008
2017,99304934,112969009
2017,99304989,112969052
2017,99304704,112968764
2017,99304717,112968780
2017,99304810,112968879
2017,99304897,112968969
2017,99304920,112968993
2017,99305084,112969091
2017,99305098,112969108
2017,101707656,115378585
2017,101707665,115378594
2017,101707677,115378611
2017,101707694,115378630
2017,101707714,115378651
2017,101707727,115378665
2017,101707741,115378680
2017,101707754,115378695
2017,101707784,115378721
2017,101707859,115378800
2017,101707879,115378821
2017,97063124,110702265
2017,97063160,110702299
2017,97063218,110702356
2017,97063248,110702396
2017,97063264,110702411
2017,97063272,110702423
2017,97063291,110702443
2017,97063302,110702455
2017,100670150,114339345
2017,100670196,114339390
2017,100670261,114339454
2017,100670282,114339478
2017,100670313,114339505
2017,100670330,114339529
2017,100670373,114339575
2017,100670399,114339602
2017,100670425,114339632
2017,100670441,114339649
2017,100670456,114339662
2017,100670466,114339673
2017,100670466,114339672
2017,100670090,114339274
2017,100670090,114339282
2017,100670114,114339303
2017,100670312,114339511
2017,100670344,114339545
2017,100670371,114339573
2017,100670112,114339302
2017,100670112,114339304
2017,100670149,114339346
2017,100670163,114339354
2017,100670163,114339356
2017,100670200,114339394
2017,100670256,114339446
2017,100670264,114339451
2017,100670264,114339453
2017,100670303,114339499
2017,100670310,114339507
2017,100670310,114339508
2017,100670346,114339542
2017,100670347,114339547
2017,100670369,114339571
2017,100670370,114339572
2017,100670382,114339588
2017,100670380,114339584
2017,100670380,114339585
2017,100670390,114339592
2017,100670400,114339608
2017,100670419,114339624
2017,100670432,114339636
2017,100670458,114339665
2017,100670461,114339665
2017,100670474,114339682
2017,97063053,110702192
2017,97063081,110702218
2017,97063146,110702286
2017,97063163,110702301
2017,97063163,110702300
2017,97063196,110702336
2017,97063203,110702344
2017,97063223,110702361
2017,97063223,110702365
2017,97063239,110702379
2017,97063285,110702440
2017,100670229,114339417
2017,100670259,114339448
2017,100670263,114339455
2017,100670265,114339456
2017,100670340,114339538
2017,100670351,114339552
2017,100670374,114339576
2017,100670377,114339583
2017,100670407,114339613
2017,100670445,114339653
2017,100670469,114339679
2017,100670470,114339678
2017,97063050,110702186
2017,97063062,110702205
2017,97063147,110702288
2017,97063178,110702320
2017,97063193,110702332
2017,97063199,110702339
2017,97063245,110702390
2017,97063269,110702417
2017,97063293,110702445
2017,97063076,110702213
2017,97063099,110702239
2017,97063118,110702256
2017,97063135,110702274
2017,97063159,110702302
2017,97063186,110702326
2017,97063206,110702345
2017,97063250,110702393
2017,97063278,110702429
2017,97063299,110702449
2017,97063314,110702468
2017,97704416,111346305
2017,97704428,111346359
2017,97704469,111346403
2017,97704521,111346461
2017,100670117,114339307
2017,100670137,114339326
2017,100670137,114339328
2017,100670216,114339411
2017,101707689,115378620
2017,101707709,115378644
2017,101707726,115378661
2017,101707738,115378675
2017,101707751,115378690
2017,101707799,115378740
2017,101707841,115378780
2017,101707863,115378799
2017,101707882,115378823
2017,100670075,114339265
2017,100670166,114339342
2017,100670233,114339424
2017,100670250,114339442
2017,100670276,114339468
2017,100670294,114339489
2017,100670331,114339525
2017,100670360,114339566
2017,100670401,114339607
2017,100670412,114339622
2017,100670438,114339646
2017,101242947,114912622
2017,101242961,114912637
2017,101242974,114912646
2017,101242971,114912646
2017,101243008,114912690
2017,101243017,114912701
2017,101243029,114912714
2017,101243060,114912739
2017,101243060,114912741
2017,101243132,114912823
2017,101243144,114912840
2017,101243177,114912878
2017,101243188,114912877
2017,101243188,114912881
2017,101243196,114912900
2017,101243198,114912900
2017,103695389,117382118
2017,103695395,117382122
2017,103695395,117382125
2017,103695395,117382126
2017,103695461,117382208
2017,103695479,117382224
2017,103695535,117382281
2017,103695551,117382288
2017,103695567,117382314
2017,103695591,117382339
2017,103695602,117382336
2017,103695593,117382336
2017,103695629,117382377
2017,103695654,117382394
2017,103695654,117382392
2017,103695655,117382397
2017,103695680,117382435
2017,103695688,117382443
2017,103695687,117382441
2017,103695687,117382438
2017,103695697,117382453
2017,103695698,117382454
2017,103695705,117382461
2017,103695716,117382473
2017,103695727,117382483
2017,103695765,117382523
2017,103695776,117382542
2017,103695778,117382535
2017,103695778,117382537
2017,103695792,117382553
2017,103695794,117382556
2017,101707639,115378566
2017,101707654,115378583
2017,101707671,115378602
2017,101707730,115378668
2017,101707742,115378685
2017,101707781,115378714
2017,101707781,115378717
2017,101707804,115378742
2017,101707812,115378753
2017,101707839,115378782
2017,101242958,114912636
2017,101242984,114912662
2017,101243001,114912682
2017,101243011,114912688
2017,101243011,114912686
2017,101243035,114912719
2017,101243040,114912722
2017,101243081,114912769
2017,101243099,114912790
2017,101243158,114912857
2017,101243178,114912879
2017,103695408,117382143
2017,103695476,117382214
2017,103695476,117382217
2017,103695516,117382266
2017,103695552,117382302
2017,103695576,117382331
2017,103695580,117382327
2017,103695580,117382333
2017,103695619,117382367
2017,103695623,117382372
2017,103695627,117382378
2017,103695643,117382395
2017,103695645,117382393
2017,103695657,117382409
2017,103695675,117382424
2017,103695690,117382444
2017,103695689,117382446
2017,103695704,117382460
2017,103695720,117382478
2017,103695737,117382491
2017,103695745,117382502
2017,103695777,117382536
2017,103695777,117382539
2017,103695791,117382555
2017,101242953,114912626
2017,101242977,114912651
2017,101242977,114912649
2017,101242977,114912652
2017,101242999,114912672
2017,101243027,114912713
2017,101243053,114912737
2017,101243074,114912760
2017,101243112,114912805
2017,101243141,114912829
2017,101243141,114912832
2017,101243207,114912909
2017,101242989,114912668
2017,101243106,114912798
2017,101243113,114912806
2017,101243151,114912853
2017,101243167,114912865
2017,101243176,114912872
2017,101243176,114912873
2017,101242967,114912645
2017,101242988,114912666
2017,101243010,114912693
2017,101243036,114912717
2017,101243070,114912756
2017,101243089,114912777
2017,101243089,114912780
2017,101243129,114912821
2017,100670098,114339289
2017,100670152,114339343
2017,100670179,114339370
2017,100670223,114339415
2017,100670251,114339440
2017,100670262,114339452
2017,100670262,114339450
2017,100670287,114339483
2017,100670338,114339537
2017,100670375,114339578
2017,100670391,114339595
2017,100670477,114339684
2017,101242970,114912642
2017,101242998,114912677
2017,101243023,114912709
2017,101243045,114912727
2017,101243045,114912728
2017,101243069,114912755
2017,101243077,114912763
2017,101243077,114912761
2017,101243085,114912773
2017,101243085,114912771
2017,101243116,114912811
2017,101243137,114912825
2017,101243156,114912846
2017,101243179,114912880
2017,101243195,114912897
2017,101243195,114912898
2017,101707638,115378564
2017,101707717,115378652
2017,101707739,115378676
2017,101707761,115378700
2017,101707773,115378710
2017,101707849,115378789
2017,101707858,115378798
2017,100670079,114339267
2017,100670126,114339324
2017,100670226,114339413
2017,100670242,114339432
2017,100670240,114339432
2017,100670266,114339459
2017,100670293,114339486
2017,100670356,114339557
2017,100670356,114339556
2017,100670372,114339574
2017,100670402,114339604
2017,100670416,114339623
2017,100670426,114339631
2017,100670449,114339657
2017,101707641,115378565
2017,101707690,115378623
2017,101707701,115378632
2017,101707697,115378632
2017,101707721,115378658
2017,101707771,115378708
2017,101707814,115378751
2017,101707867,115378808
2017,101242951,114912625
2017,101242951,114912624
2017,101242979,114912655
2017,101242997,114912676
2017,101243047,114912729
2017,101243063,114912749
2017,101243105,114912797
2017,101243126,114912819
2017,101243191,114912893
2017,103695646,117382399
2017,103695664,117382411
2017,103695711,117382470
2017,103695732,117382487
2017,103695764,117382520
2017,103695780,117382540
2017,103695780,117382538
2017,103695809,117382571
2017,103695396,117382127
2017,103695477,117382215
2017,103695509,117382258
2017,103695588,117382343
2017,103695638,117382389
2017,103695676,117382426
2017,103695699,117382455
2017,103695718,117382474
2017,103695719,117382476
2017,103695752,117382509
2017,103695770,117382530
2017,103695807,117382573
2017,101707851,115378790
2017,101707868,115378807
2017,100670102,114339293
2017,100670199,114339387
2017,100670220,114339396
2017,100670220,114339406
2017,100670271,114339462
2017,100670367,114339565
2017,100670378,114339577
2017,100670420,114339626
2017,100670437,114339644
2017,100670460,114339667
2017,103695411,117382139
2017,103695411,117382141
2017,103695489,117382234
2017,103695503,117382250
2017,103695613,117382363
2017,103695679,117382436
2017,103695702,117382459
2017,103695753,117382511
2017,103695771,117382526
2017,103695785,117382545
2017,101242954,114912630
2017,101242983,114912659
2017,101242985,114912661
2017,101242983,114912660
2017,101243021,114912704
2017,101243071,114912757
2017,101243111,114912803
2017,101243140,114912836
2017,101243166,114912864
2017,101242975,114912654
2017,101242975,114912650
2017,101242990,114912670
2017,101243032,114912715
2017,101243067,114912750
2017,101243067,114912751
2017,101243088,114912782
2017,101243125,114912816
2017,101243164,114912862
2017,101243192,114912892
2017,101243192,114912894
2017,101243202,114912905
2017,103695379,117382109
2017,103695457,117382199
2017,103695486,117382232
2017,103695572,117382321
2017,103695621,117382369
2017,103695663,117382416
2017,103695696,117382452
2017,103695696,117382450
2017,103695749,117382505
2017,103695763,117382518
2017,103695804,117382569
2017,101243020,114912703
2017,101243084,114912766
2017,101243159,114912858
2017,101243182,114912883
2017,100670113,114339299
2017,100670110,114339299
2017,100670169,114339362
2017,100670204,114339391
2017,100670281,114339477
2017,100670299,114339497
2017,100670384,114339589
2017,101242969,114912643
2017,101243062,114912746
2017,101243068,114912754
2017,101243090,114912775
2017,101243090,114912774
2017,101243120,114912812
2017,101243143,114912838
2017,101243153,114912854
2017,101243168,114912866
2017,101243183,114912886
2017,101243200,114912901
2017,101707640,115378569
2017,101707658,115378584
2017,101707820,115378762
2017,101707837,115378778
2017,101707852,115378794
2017,101707877,115378817
2017,101707683,115378615
2017,101707708,115378641
2017,101707762,115378701
2017,101707769,115378709
2017,101707779,115378719
2017,101707805,115378744
2017,101707880,115378820
2017,100670076,114339260
2017,100670076,114339259
2017,100670140,114339331
2017,100670237,114339422
2017,100670286,114339481
2017,100670292,114339488
2017,100670379,114339581
2017,100670424,114339629
2017,101242949,114912620
2017,101242964,114912641
2017,101243039,114912721
2017,101243101,114912792
2017,101243109,114912800
2017,101243127,114912820
2017,101243150,114912847
2017,101243175,114912874
2017,101243175,114912876
2017,103695392,117382124
2017,103695417,117382156
2017,103695448,117382191
2017,103695480,117382228
2017,103695626,117382374
2017,101242946,114912621
2017,101243059,114912743
2017,101243142,114912835
2017,101243142,114912834
2017,103695387,117382117
2017,103695391,117382119
2017,103695415,117382152
2017,103695425,117382155
2017,103695455,117382201
2017,103695442,117382183
2017,103695442,117382181
2017,103695453,117382190
2017,103695465,117382209
2017,103695506,117382255
2017,103695529,117382259
2017,103695529,117382264
2017,103695529,117382260
2017,103695544,117382296
2017,103695554,117382299
2017,103695563,117382319
2017,103695587,117382330
2017,103695607,117382355
2017,103695615,117382365
2017,103695633,117382383
2017,103695647,117382398
2017,103695649,117382403
2017,103695651,117382396
2017,103695661,117382413
2017,103695659,117382410
2017,103695668,117382418
2017,103695673,117382428
2017,103695703,117382458
2017,103695742,117382496
2017,103695746,117382504
2017,103695747,117382503
2017,103695748,117382506
2017,103695755,117382510
2017,103695772,117382531
2017,103695772,117382527
2017,103695788,117382551
2017,103695800,117382561
2017,103695797,117382560
2017,103695808,117382574
2017,103695813,117382577
2017,100670136,114339330
2017,100670193,114339388
2017,100670231,114339426
2017,100670274,114339467
2017,100670291,114339487
2017,100670307,114339503
2017,100670365,114339568
2017,100670174,114339366
2017,100670211,114339403
2017,100670257,114339445
2017,100670272,114339465
2017,100670335,114339528
2017,100670335,114339531
2017,100670353,114339555
2017,100670410,114339615
2017,100670421,114339625
2017,100670435,114339641
2017,100670472,114339680
2017,104542497,118240761
2017,104542500,118240768
2017,101707652,115378579
2017,101707684,115378616
2017,101707696,115378629
2017,101707750,115378692
2017,101707764,115378703
2017,101707767,115378703
2017,101707788,115378726
2017,101707796,115378733
2017,101707802,115378741
2017,100670108,114339298
2017,100670270,114339461
2017,100670404,114339610
2017,100670462,114339668
2017,101707649,115378572
2017,101707692,115378624
2017,101707711,115378649
2017,101707765,115378704
2017,101707776,115378713
2017,101707818,115378758
2017,101707830,115378770
2017,101243034,114912705
2017,101243026,114912705
2017,101243073,114912758
2017,101243108,114912799
2017,101243114,114912808
2017,103695383,117382113
2017,103695433,117382177
2017,103695472,117382210
2017,103695472,117382205
2017,103695492,117382236
2017,103695501,117382248
2017,103695502,117382249
2017,103695530,117382278
2017,103695583,117382337
2017,103695605,117382350
2017,103695620,117382362
2017,103695620,117382361
2017,103695628,117382375
2017,103695640,117382390
2017,103695644,117382400
2017,103695653,117382405
2017,103695656,117382407
2017,103695656,117382406
2017,103695670,117382422
2017,103695678,117382432
2017,103695683,117382439
2017,103695684,117382437
2017,103695710,117382466
2017,103695712,117382468
2017,103695717,117382471
2017,103695723,117382479
2017,103695730,117382486
2017,103695738,117382494
2017,103695758,117382512
2017,103695766,117382524
2017,103695769,117382528
2017,103695769,117382529
2017,103695775,117382534
2017,103695783,117382547
2017,103695786,117382550
2017,103695812,117382576
2017,101242963,114912639
2017,101243000,114912681
2017,101243031,114912710
2017,101243044,114912726
2017,101243086,114912781
2017,101243087,114912779
2017,101243118,114912809
2017,101243174,114912875
2017,101243194,114912899
2017,101243208,114912911
2017,98166887,111814989
2017,98166895,111815000
2017,98166893,111814990
2017,98166903,111815009
2017,98166917,111815022
2017,98166920,111815028
2017,98166956,111815073
2017,98166959,111815076
2017,98166954,111815069
2017,98166985,111815097
2017,98166987,111815099
2017,98167003,111815117
2017,98167021,111815140
2017,98167023,111815136
2017,98167057,111815173
2017,98167052,111815171
2017,98167066,111815185
2017,98167079,111815196
2017,97063115,110702261
2017,97063137,110702277
2017,97063154,110702293
2017,97063222,110702362
2017,97063273,110702426
2017,97063307,110702462
2017,98166899,111815005
2017,98166921,111815023
2017,98166921,111815024
2017,98167011,111815126
2017,98167055,111815169
2017,98167094,111815215
2017,98167103,111815217
2017,98167110,111815229
2017,98167127,111815247
2017,98167166,111815291
2017,98167197,111815323
2017,98167198,111815325
2017,98167208,111815327
2017,98167210,111815329
2017,98167222,111815357
2017,98167220,111815347
2017,98167220,111815345
2017,98167228,111815350
2017,98167276,111815409
2017,98167277,111815410
