"DATA_YEAR","VICTIM_ID","OFFENDER_ID","RELATIONSHIP_ID","NIBRS_VICTIM_OFFENDER_ID"
2017,97704421,100810735,21,29453004
2017,97704447,100810761,3,29453016
2017,97704624,100810924,3,29453048
2017,97704861,100811163,14,29453108
2017,97704986,100811297,3,29453130
2017,100670190,103813709,18,30356142
2017,98166989,101280848,21,29592300
2017,98166995,101280853,3,29592302
2017,98167098,101280957,3,29592327
2017,98167213,101281079,26,29592361
2017,97063084,100158349,24,29251829
2017,97063174,100158443,1,29251867
2017,100670297,103813817,21,30356169
2017,100670078,103813583,24,30356106
2017,101242982,104398437,21,30539984
2017,101243004,104398460,25,30539993
2017,101243004,104398458,3,30539992
2017,101243006,104398458,25,30539994
2017,101243006,104398460,3,30539995
2017,101243023,104398483,3,30540002
2017,101243027,104398488,3,30540005
2017,101243042,104398499,1,30540014
2017,101243045,104398498,3,30540016
2017,101243053,104398508,24,30540020
2017,101243056,104398516,1,30540021
2017,101243072,104398528,3,30540027
2017,101243074,104398531,26,30540028
2017,101243085,104398545,1,30540031
2017,97704428,100810741,3,29453007
2017,100670246,103813766,3,30356158
2017,100670329,103813852,3,30356179
2017,97704469,100810778,21,29453020
2017,97704521,100810839,24,29453033
2017,97704704,100811001,24,29453070
2017,97704758,100811058,3,29453078
2017,97704820,100811117,1,29453095
2017,97704818,100811117,1,29453093
2017,97704955,100811251,3,29453126
2017,100670363,103813887,3,30356188
2017,100670407,103813930,3,30356199
2017,100670452,103813987,1,30356224
2017,100670361,103813889,9,30356187
2017,100670398,103813921,19,30356196
2017,100670439,103813966,24,30356216
2017,100670439,103813965,24,30356215
2017,99304710,102426025,1,29935600
2017,99304932,102426263,3,29935690
2017,99851825,102979479,21,30107732
2017,97704757,100811057,21,29453077
2017,97704954,100811254,1,29453125
2017,97704648,100810949,24,29453055
2017,97704734,100811032,24,29453074
2017,97704814,100811113,3,29453092
2017,98463825,101578514,21,29673292
2017,98463939,101578636,21,29673330
2017,98464110,101578807,24,29673386
2017,99304729,102426041,1,29935607
2017,99304805,102426128,17,29935642
2017,99851598,102979266,24,30107682
2017,99304955,102426294,24,29935696
2017,98463853,101578543,3,29673298
2017,98464153,101578846,3,29673398
2017,98463807,101578495,24,29673289
2017,98464109,101578811,3,29673387
2017,98167006,101280865,24,29592303
2017,99304907,102426235,1,29935680
2017,100670102,103813607,5,30356116
2017,100670200,103813716,24,30356145
2017,100670458,103813998,25,30356228
2017,100670458,103813997,26,30356227
2017,100670461,103813998,26,30356231
2017,100670461,103813997,25,30356229
2017,99304708,102426022,1,29935599
2017,99304708,102426018,1,29935597
2017,99304760,102426083,8,29935620
2017,99305053,102426327,1,29935719
2017,99305074,102426345,12,29935726
2017,99305071,102426343,12,29935722
2017,99305071,102426345,25,29935723
2017,99305074,102426343,25,29935725
2017,99851682,102979337,24,30107701
2017,99851740,102979398,3,30107714
2017,104542482,107758584,21,31568522
2017,99304781,102426108,21,29935632
2017,99304843,102426172,1,29935650
2017,99304868,102426191,24,29935662
2017,99304868,102426185,24,29935660
2017,99304868,102426193,24,29935663
2017,99304868,102426188,24,29935661
2017,99304915,102426245,21,29935684
2017,98463784,101578468,3,29673277
2017,98463872,101578563,9,29673309
2017,98463950,101578649,3,29673333
2017,98464086,101578783,24,29673372
2017,98464150,101578840,1,29673394
2017,98464152,101578840,25,29673396
2017,98464150,101578841,25,29673395
2017,98464152,101578841,1,29673397
2017,98463774,101578462,5,29673272
2017,98463842,101578535,1,29673295
2017,98464015,101578704,24,29673340
2017,98464015,101578705,24,29673341
2017,98464061,101578753,19,29673355
2017,98166887,101280740,6,29592271
2017,98166954,101280819,3,29592290
2017,98167276,101281146,24,29592374
2017,98167276,101281148,24,29592375
2017,98167131,101280996,24,29592334
2017,98167179,101281042,3,29592357
2017,98809901,101925785,21,29779422
2017,98809946,101925834,24,29779432
2017,98809994,101925887,3,29779452
2017,98810035,101925928,24,29779461
2017,98166909,101280765,1,29592282
2017,98166962,101280818,3,29592293
2017,98167089,101280946,9,29592324
2017,98167221,101281088,1,29592362
2017,98167283,101281157,3,29592378
2017,100670072,103813575,1,30356105
2017,100670191,103813711,1,30356144
2017,100670224,103813739,24,30356150
2017,99304749,102426067,21,29935615
2017,99304847,102426154,24,29935652
2017,99304847,102426153,24,29935648
2017,99304847,102426152,24,29935647
2017,99304903,102426230,21,29935678
2017,99304937,102426271,12,29935692
2017,99304921,102426251,1,29935686
2017,99305057,102426328,3,29935721
2017,99304711,102426008,5,29935601
2017,99304871,102426199,3,29935665
2017,99304962,102426296,24,29935701
2017,98809740,101925626,24,29779378
2017,98809838,101925713,3,29779404
2017,98809884,101925765,5,29779417
2017,98809898,101925778,3,29779421
2017,99304706,102426024,24,29935598
2017,99304900,102426227,21,29935676
2017,99304724,102426034,3,29935604
2017,99851466,102979117,5,30107641
2017,99851559,102979219,1,30107670
2017,99851627,102979288,10,30107694
2017,99851686,102979344,21,30107703
2017,99851797,102979446,24,30107727
2017,98810039,101925936,3,29779463
2017,100670117,103813623,26,30356129
2017,100670416,103813939,14,30356203
2017,100670469,103814017,9,30356234
2017,100670301,103813821,26,30356170
2017,100670323,103813843,24,30356176
2017,100670323,103813841,24,30356175
2017,100670341,103813866,1,30356182
2017,100670387,103813909,9,30356191
2017,100670447,103813982,19,30356220
2017,100670467,103814015,3,30356233
2017,98809958,101925850,15,29779440
2017,98809977,101925872,3,29779445
2017,98166930,101280790,3,29592286
2017,98167072,101280937,17,29592322
2017,98167112,101280970,3,29592331
2017,98167148,101281017,3,29592343
2017,99851529,102979195,24,30107661
2017,99851567,102979227,3,30107673
2017,99851708,102979358,24,30107707
2017,98809714,101925592,3,29779365
2017,98809791,101925668,1,29779396
2017,98809957,101925847,14,29779438
2017,98809957,101925844,14,29779437
2017,98809957,101925849,14,29779439
2017,98809976,101925871,3,29779444
2017,99304989,102426312,8,29935716
2017,98809850,101925729,3,29779410
2017,98809952,101925839,3,29779435
2017,99851462,102979118,14,30107640
2017,99851493,102979153,24,30107652
2017,99851792,102979445,1,30107724
2017,99851872,102979527,24,30107743
2017,99851487,102979143,24,30107649
2017,99851501,102979166,19,30107653
2017,99851711,102979368,17,30107708
2017,99851837,102979488,3,30107736
2017,100670136,103813651,3,30356131
2017,100670357,103813880,1,30356184
2017,99304954,102426290,21,29935695
2017,99305076,102426346,24,29935724
2017,100670140,103813652,24,30356133
2017,100670140,103813650,24,30356132
2017,100670283,103813805,9,30356166
2017,100670358,103813884,3,30356185
2017,100670395,103813917,13,30356194
2017,98463851,101578538,21,29673297
2017,98463892,101578587,24,29673315
2017,98463906,101578598,24,29673320
2017,98463810,101578498,21,29673290
2017,98463921,101578614,21,29673323
2017,98464067,101578756,3,29673360
2017,98464078,101578769,25,29673366
2017,98464080,101578766,25,29673367
2017,98464078,101578766,21,29673363
2017,98464080,101578769,21,29673368
2017,98166901,101280757,5,29592276
2017,98809980,101925876,14,29779447
2017,98166946,101280808,21,29592289
2017,98167070,101280932,21,29592320
2017,98167156,101281020,21,29592346
2017,98809673,101925545,3,29779354
2017,98809732,101925607,19,29779374
2017,98809875,101925758,1,29779414
2017,98809930,101925818,3,29779430
2017,98809934,101925822,1,29779431
2017,98809968,101925860,3,29779441
2017,98809951,101925837,1,29779433
2017,98809951,101925838,1,29779434
2017,99304725,102426038,3,29935605
2017,99305091,102426365,24,29935731
2017,99851467,102979122,21,30107643
2017,99851557,102979215,3,30107669
2017,99851826,102979477,3,30107733
2017,99851842,102979496,17,30107739
2017,98809674,101925546,3,29779353
2017,98809731,101925606,15,29779373
2017,98809844,101925718,1,29779405
2017,100670294,103813814,21,30356167
2017,100670360,103813885,26,30356186
2017,100670401,103813925,17,30356197
2017,100670412,103813932,24,30356202
2017,98463776,101578464,3,29673274
2017,98464068,101578763,5,29673361
2017,98166903,101280760,1,29592277
2017,98166920,101280777,3,29592284
2017,98166959,101280822,3,29592292
2017,99304927,102426257,3,29935687
2017,99851816,102979469,1,30107731
2017,98166908,101280764,24,29592281
2017,98167102,101280959,18,29592329
2017,98167280,101281156,21,29592376
2017,97704441,100810753,24,29453013
2017,97704564,100810873,1,29453039
2017,97704706,100811005,3,29453071
2017,97704844,100811145,26,29453102
2017,97704408,100810720,3,29453001
2017,97704546,100810860,21,29453037
2017,97704673,100810966,3,29453060
2017,97704824,100811118,3,29453096
2017,97705000,100811310,1,29453132
2017,101707656,104867594,3,30685816
2017,101707665,104867601,21,30685819
2017,101707714,104867653,1,30685834
2017,101707715,104867657,3,30685835
2017,101707754,104867697,3,30685841
2017,101707790,104867736,15,30685849
2017,101707813,104867768,15,30685853
2017,100670344,103813867,21,30356183
2017,100670394,103813916,3,30356193
2017,96543578,99626646,21,29089808
2017,96543617,99626686,26,29089815
2017,96543739,99626818,21,29089836
2017,97063116,100158382,24,29251842
2017,97063109,100158382,3,29251839
2017,97063204,100158476,3,29251880
2017,97063243,100158517,24,29251892
2017,97063092,100158361,1,29251832
2017,97063103,100158369,3,29251836
2017,97063098,100158364,24,29251835
2017,97063111,100158383,21,29251838
2017,97063180,100158454,9,29251872
2017,97063179,100158445,24,29251871
2017,97063182,100158444,24,29251873
2017,97063182,100158445,24,29251874
2017,97063179,100158444,24,29251868
2017,97063221,100158493,1,29251887
2017,99304696,102426007,6,29935593
2017,99304701,102426009,24,29935595
2017,99304719,102426036,14,29935603
2017,99304734,102426050,1,29935608
2017,99304747,102426065,3,29935613
2017,97063272,100158545,21,29251897
2017,97063057,100158322,24,29251818
2017,97063152,100158423,1,29251861
2017,97063280,100158552,3,29251900
2017,96543584,99626647,24,29089810
2017,96543687,99626760,3,29089826
2017,96543734,99626811,1,29089834
2017,96543717,99626795,24,29089832
2017,98166904,101280756,5,29592278
2017,98166906,101280761,1,29592280
2017,98166966,101280827,5,29592294
2017,98167153,101281022,3,29592347
2017,98167288,101281160,9,29592380
2017,97063050,100158310,5,29251815
2017,97063062,100158328,12,29251819
2017,97063178,100158447,3,29251870
2017,97063199,100158469,5,29251879
2017,96543644,99626715,17,29089821
2017,96543751,99626831,24,29089839
2017,96543555,99626620,21,29089800
2017,96543574,99626640,3,29089806
2017,96543631,99626704,1,29089817
2017,97063176,100158448,11,29251869
2017,97063216,100158487,3,29251885
2017,98809728,101925602,3,29779371
2017,98809911,101925789,3,29779427
2017,98809911,101925788,25,29779426
2017,98809904,101925788,3,29779424
2017,98809904,101925789,25,29779425
2017,98809975,101925870,21,29779443
2017,96543529,99626589,17,29089784
2017,98809718,101925594,3,29779366
2017,98809757,101925634,5,29779392
2017,98809762,101925634,21,29779393
2017,98809830,101925701,26,29779400
2017,98809988,101925881,21,29779450
2017,98810002,101925897,3,29779453
2017,98809733,101925608,3,29779375
2017,98809879,101925761,24,29779415
2017,98809895,101925777,3,29779419
2017,98809903,101925782,3,29779423
2017,97704443,100810756,21,29453014
2017,97704810,100811107,3,29453091
2017,97704420,100810739,1,29453003
2017,97704884,100811181,3,29453115
2017,97704979,100811289,1,29453129
2017,99304846,102426163,24,29935649
2017,99304846,102426164,24,29935651
2017,99304846,102426166,24,29935653
2017,99304846,102426168,24,29935654
2017,99304911,102426239,21,29935682
2017,99851561,102979216,1,30107671
2017,99851562,102979221,17,30107672
2017,99851791,102979442,21,30107723
2017,99851813,102979465,24,30107730
2017,99851874,102979530,17,30107744
2017,98809845,101925717,3,29779406
2017,98809969,101925859,1,29779442
2017,98810014,101925910,1,29779455
2017,98463777,101578461,17,29673273
2017,98166888,101280747,1,29592273
2017,98166888,101280742,1,29592272
2017,98166905,101280759,3,29592279
2017,98166895,101280752,21,29592274
2017,98166956,101280821,21,29592291
2017,99304726,102426039,1,29935606
2017,99304880,102426210,26,29935668
2017,99305082,102426351,17,29935728
2017,104542479,107758583,1,31568521
2017,104542486,107758595,24,31568524
2017,97704895,100811192,3,29453119
2017,99851569,102979228,1,30107675
2017,99851590,102979252,21,30107678
2017,100670280,103813801,3,30356165
2017,100670396,103813920,3,30356195
2017,99304699,102426003,3,29935594
2017,99304764,102426088,1,29935624
2017,99304814,102426136,1,29935644
2017,100670375,103813896,21,30356189
2017,100670113,103813615,25,30356127
2017,100670113,103813616,21,30356128
2017,100670110,103813615,21,30356124
2017,100670110,103813616,25,30356126
2017,99304772,102426094,14,29935628
2017,99304803,102426126,19,29935641
2017,99304885,102426215,3,29935669
2017,99304901,102426229,3,29935677
2017,101242955,104398404,17,30539971
2017,101242991,104398449,1,30539987
2017,101243022,104398481,24,30540001
2017,101243085,104398540,1,30540030
2017,101243116,104398586,24,30540034
2017,101243149,104398622,21,30540041
2017,101243170,104398644,3,30540043
2017,101243173,104398646,3,30540044
2017,101243199,104398671,21,30540050
2017,98463858,101578544,1,29673299
2017,98463761,101578441,9,29673268
2017,98463785,101578456,24,29673278
2017,98464116,101578813,3,29673389
2017,98167142,101281015,24,29592340
2017,98809822,101925697,24,29779399
2017,98809865,101925743,21,29779413
2017,98166976,101280834,16,29592296
2017,98167025,101280885,21,29592307
2017,97704445,100810758,24,29453015
2017,97704827,100811134,1,29453098
2017,98809719,101925587,3,29779367
2017,98809849,101925726,1,29779408
2017,98809979,101925873,24,29779446
2017,97704656,100810958,5,29453057
2017,97704779,100811080,8,29453083
2017,97704949,100811246,1,29453124
2017,100670085,103813590,21,30356110
2017,100670108,103813614,3,30356123
2017,100670176,103813685,24,30356141
2017,100670176,103813684,24,30356140
2017,100670272,103813794,19,30356164
2017,100670410,103813933,24,30356200
2017,100670404,103813926,21,30356198
2017,100670457,103813994,21,30356226
2017,100670462,103814001,24,30356230
2017,100670475,103814021,3,30356236
2017,98464099,101578799,17,29673376
2017,98463759,101578439,24,29673266
2017,98463804,101578490,3,29673287
2017,98464134,101578827,21,29673391
2017,98464158,101578850,1,29673399
2017,98463802,101578491,3,29673285
2017,98463928,101578623,19,29673327
2017,98464187,101578878,15,29673410
2017,98463938,101578635,11,29673329
2017,98809687,101925563,3,29779358
2017,98809790,101925665,24,29779397
2017,98809854,101925734,3,29779412
2017,98809882,101925762,21,29779416
2017,98809896,101925780,17,29779420
2017,98809954,101925841,24,29779436
2017,98810042,101925932,25,29779465
2017,98810041,101925932,3,29779462
2017,98810041,101925935,25,29779464
2017,98810042,101925935,3,29779466
2017,98463941,101578637,3,29673331
2017,99851472,102979128,8,30107646
2017,99851789,102979444,17,30107722
2017,99851848,102979500,1,30107740
2017,101242954,104398412,24,30539970
2017,101242985,104398436,5,30539985
2017,101242989,104398445,19,30539986
2017,101243021,104398477,21,30539999
2017,101243079,104398538,5,30540029
2017,101243119,104398585,17,30540035
2017,101243167,104398640,24,30540042
2017,97704503,100810816,3,29453029
2017,97704571,100810885,24,29453041
2017,97704860,100811160,24,29453107
2017,98810017,101925912,3,29779456
2017,98810033,101925927,1,29779459
2017,97704429,100810742,1,29453006
2017,97704669,100810971,21,29453059
2017,99851456,102979109,3,30107635
2017,100670330,103813850,1,30356180
2017,100670386,103813908,5,30356190
2017,100670425,103813957,24,30356206
2017,99851841,102979494,3,30107738
2017,99851457,102979101,25,30107636
2017,99851457,102979107,3,30107638
2017,99851453,102979101,3,30107632
2017,99851453,102979107,25,30107633
2017,99851505,102979164,3,30107655
2017,99851741,102979402,1,30107715
2017,99851809,102979464,1,30107729
2017,98463803,101578492,1,29673286
2017,98464087,101578782,24,29673371
2017,98464087,101578787,24,29673373
2017,98463782,101578466,3,29673276
2017,99304707,102426001,24,29935596
2017,98167011,101280870,3,29592304
2017,98167166,101281028,21,29592351
2017,98166970,101280831,21,29592295
2017,98166984,101280844,1,29592299
2017,98167051,101280917,16,29592313
2017,98167282,101281158,24,29592377
2017,99304902,102426237,16,29935679
2017,99304930,102426260,9,29935688
2017,99305085,102426354,21,29935730
2017,99851753,102979414,24,30107717
2017,99851805,102979458,24,30107728
2017,99851838,102979490,21,30107737
2017,99851887,102979548,1,30107748
2017,97704653,100810955,24,29453056
2017,97704692,100810985,3,29453067
2017,97704886,100811183,1,29453116
2017,98167045,101280911,17,29592312
2017,98167106,101280965,24,29592330
2017,99851450,102979104,21,30107631
2017,99851794,102979448,3,30107725
2017,98166994,101280852,3,29592301
2017,98167041,101280907,7,29592311
2017,98167064,101280927,3,29592317
2017,98167139,101281011,1,29592337
2017,98167266,101281139,3,29592370
2017,98167312,101281187,1,29592384
2017,97704360,100810678,1,29452993
2017,97704745,100811048,3,29453075
2017,97704821,100811115,3,29453094
2017,97063051,100158314,3,29251816
2017,96543576,99626645,5,29089807
2017,96543707,99626780,17,29089830
2017,97063285,100158558,3,29251901
2017,97063117,100158377,25,29251844
2017,97063123,100158373,25,29251845
2017,97063123,100158377,1,29251848
2017,97063117,100158373,1,29251840
2017,97063238,100158508,24,29251891
2017,97063255,100158525,3,29251894
2017,97063121,100158388,3,29251847
2017,97063171,100158442,3,29251866
2017,97063246,100158519,3,29251893
2017,97063209,100158480,21,29251882
2017,96543525,99626588,3,29089782
2017,96543702,99626777,24,29089829
2017,96543695,99626772,3,29089827
2017,96543657,99626732,3,29089822
2017,96543613,99626682,12,29089814
2017,96543528,99626591,3,29089785
2017,98166913,101280769,26,29592283
2017,98167019,101280882,24,29592306
2017,98167063,101280928,9,29592316
2017,98167167,101281034,21,29592353
2017,99851521,102979188,24,30107660
2017,99851601,102979267,3,30107683
2017,99851628,102979287,26,30107693
2017,99851778,102979435,24,30107720
2017,99851788,102979440,24,30107721
2017,97063047,100158307,21,29251813
2017,97063076,100158336,24,29251823
2017,97063112,100158384,24,29251841
2017,97063128,100158395,1,29251849
2017,97063159,100158429,3,29251863
2017,97063213,100158485,17,29251884
2017,96543658,99626730,3,29089823
2017,96543600,99626669,8,29089812
2017,96543618,99626687,24,29089816
2017,96543635,99626706,3,29089818
2017,96543642,99626714,1,29089820
2017,96543526,99626590,21,29089783
2017,96543569,99626635,3,29089804
2017,96543738,99626820,1,29089837
2017,99304856,102426182,21,29935657
2017,99304898,102426225,9,29935675
2017,99304909,102426234,21,29935681
2017,99304931,102426261,3,29935689
2017,97063115,100158386,21,29251843
2017,97063273,100158547,7,29251898
2017,96543571,99626637,15,29089805
2017,97063064,100158326,21,29251820
2017,97063078,100158345,21,29251826
2017,97063122,100158389,26,29251846
2017,96543604,99626672,24,29089813
2017,96543731,99626808,17,29089833
2017,96543562,99626628,21,29089801
2017,97063080,100158344,3,29251828
2017,97063150,100158418,24,29251859
2017,97063165,100158432,3,29251864
2017,97063190,100158455,24,29251878
2017,97063190,100158452,24,29251877
2017,97063270,100158542,1,29251896
2017,96543673,99626748,3,29089824
2017,96543563,99626630,1,29089802
2017,96543595,99626662,3,29089811
2017,100670295,103813816,1,30356168
2017,98167165,101281031,25,29592352
2017,98167165,101281029,3,29592350
2017,98167170,101281029,25,29592354
2017,98167170,101281031,3,29592355
2017,97704516,100810831,1,29453032
2017,97704835,100811124,3,29453099
2017,97704874,100811162,5,29453111
2017,97704892,100811190,7,29453118
2017,97704999,100811311,1,29453131
2017,97063188,100158458,1,29251875
2017,97063188,100158459,1,29251876
2017,97063237,100158511,3,29251890
2017,99851492,102979155,8,30107651
2017,100670167,103813683,24,30356138
2017,96543565,99626631,1,29089803
2017,97704538,100810843,1,29453034
2017,97704696,100810993,24,29453069
2017,97063219,100158492,1,29251886
2017,111057178,114388229,15,33652895
2017,111057178,114388228,15,33646953
2017,101242963,104398418,3,30539976
2017,101243194,104398669,12,30540049
2017,101243208,104398680,24,30540055
2017,101707668,104867603,3,30685822
2017,101707697,104867633,25,30685828
2017,101707701,104867632,25,30685830
2017,101707697,104867632,5,30685827
2017,101707701,104867633,17,30685831
2017,101707814,104867763,24,30685854
2017,101707814,104867762,24,30685852
2017,101242994,104398448,3,30539989
2017,101243049,104398506,24,30540019
2017,101243094,104398554,5,30540032
2017,101707666,104867595,9,30685820
2017,101707687,104867625,14,30685825
2017,101707815,104867767,17,30685855
2017,101707826,104867776,3,30685857
2017,103695497,106902745,5,31323624
2017,103695497,106902753,1,31323627
2017,103695497,106902749,10,31323625
2017,103695538,106902801,24,31323632
2017,103695782,106903041,25,31323705
2017,103695779,106903041,21,31323703
2017,103695782,106903043,21,31323706
2017,103695779,106903043,25,31323704
2017,100670232,103813748,5,30356153
2017,100670388,103813912,26,30356192
2017,98463909,101578600,24,29673322
2017,98463909,101578599,24,29673321
2017,99851476,102979125,24,30107648
2017,99851579,102979240,11,30107676
2017,99851833,102979487,1,30107734
2017,99851878,102979534,1,30107745
2017,98463789,101578476,1,29673280
2017,98464090,101578788,3,29673374
2017,98463762,101578442,22,29673269
2017,98463791,101578472,24,29673283
2017,98463791,101578474,24,29673284
2017,98463791,101578470,24,29673282
2017,98464051,101578743,1,29673351
2017,99304685,102425988,19,29935590
2017,99304918,102426247,3,29935683
2017,99305079,102426352,3,29935727
2017,99305052,102426323,5,29935720
2017,99305049,102426323,21,29935717
2017,98809717,101925595,1,29779368
2017,98809786,101925663,12,29779395
2017,98809982,101925875,13,29779448
2017,98809989,101925882,21,29779451
2017,99851691,102979351,24,30107704
2017,99851721,102979381,1,30107710
2017,98463835,101578527,15,29673294
2017,98464081,101578777,3,29673369
2017,99851619,102979279,3,30107690
2017,99851834,102979486,3,30107735
2017,99851859,102979514,1,30107741
2017,99851880,102979536,21,30107746
2017,98463770,101578454,1,29673270
2017,98463827,101578517,24,29673293
2017,98463901,101578595,1,29673319
2017,101242951,104398403,15,30539969
2017,101242950,104398407,3,30539968
2017,101243026,104398479,25,30540003
2017,101243034,104398479,21,30540011
2017,101243026,104398478,21,30540000
2017,101243034,104398478,25,30540009
2017,101243063,104398521,21,30540023
2017,101243066,104398524,21,30540025
2017,99304816,102426140,24,29935645
2017,98463788,101578473,3,29673279
2017,98464038,101578721,1,29673346
2017,98464038,101578723,1,29673347
2017,98463996,101578686,24,29673337
2017,98463760,101578440,3,29673267
2017,98463779,101578460,17,29673275
2017,98464123,101578817,24,29673390
2017,98463806,101578493,17,29673288
2017,98464186,101578873,1,29673409
2017,98809730,101925605,9,29779372
2017,98809851,101925723,1,29779409
2017,98809851,101925725,1,29779411
2017,98809851,101925721,1,29779407
2017,98809985,101925878,3,29779449
2017,98809708,101925588,1,29779364
2017,98809724,101925601,1,29779369
2017,98809738,101925625,21,29779376
2017,98809928,101925814,21,29779429
2017,98810012,101925907,1,29779454
2017,100670249,103813770,26,30356161
2017,100670317,103813837,17,30356172
2017,100670473,103814016,1,30356235
2017,98809745,101925614,1,29779379
2017,98809745,101925620,1,29779382
2017,98809751,101925617,1,29779387
2017,98809751,101925614,1,29779385
2017,98809745,101925617,1,29779381
2017,98809751,101925620,1,29779388
2017,98463862,101578551,21,29673303
2017,98464060,101578751,3,29673354
2017,98464144,101578836,3,29673393
2017,98463772,101578459,3,29673271
2017,98463822,101578512,3,29673291
2017,98809832,101925704,24,29779403
2017,101243120,104398587,24,30540036
2017,101707646,104867578,3,30685810
2017,101707685,104867618,3,30685824
2017,101707703,104867640,21,30685832
2017,101707709,104867648,17,30685833
2017,101707787,104867735,14,30685848
2017,101707834,104867787,21,30685860
2017,101707863,104867811,1,30685866
2017,101707863,104867812,1,30685867
2017,101707863,104867814,1,30685870
2017,101707863,104867813,1,30685869
2017,106622247,109867893,19,32197821
2017,101242960,104398411,3,30539973
2017,101243032,104398489,3,30540007
2017,101243067,104398522,3,30540024
2017,101242972,104398427,5,30539980
2017,101243003,104398459,3,30539991
2017,101243015,104398472,13,30539996
2017,101243038,104398495,1,30540013
2017,101243107,104398570,3,30540033
2017,101242978,104398433,24,30539983
2017,101242993,104398446,1,30539988
2017,101243046,104398504,3,30540017
2017,101243061,104398518,3,30540022
2017,101243121,104398588,3,30540037
2017,101243186,104398659,3,30540047
2017,101707797,104867745,1,30685850
2017,101707740,104867685,17,30685839
2017,101707642,104867579,24,30685809
2017,101707655,104867591,1,30685814
2017,101707831,104867782,3,30685859
2017,101707757,104867699,3,30685842
2017,101707835,104867786,1,30685861
2017,101707847,104867798,21,30685865
2017,101243043,104398501,1,30540015
2017,101243206,104398679,21,30540054
2017,101243070,104398527,26,30540026
2017,101243185,104398655,3,30540046
2017,101242962,104398417,3,30539975
2017,101242947,104398399,5,30539967
2017,101242961,104398416,22,30539974
2017,101242974,104398421,25,30539981
2017,101242971,104398421,3,30539978
2017,101242974,104398424,3,30539982
2017,101242971,104398424,25,30539979
2017,101243017,104398474,21,30539997
2017,101243020,104398476,24,30539998
2017,101707730,104867672,24,30685837
2017,101707742,104867687,3,30685840
2017,101707839,104867793,19,30685863
2017,101707661,104867599,1,30685818
2017,101707861,104867817,1,30685868
2017,101707657,104867596,3,30685817
2017,101243033,104398480,25,30540008
2017,101243028,104398480,12,30540004
2017,101243028,104398482,25,30540006
2017,101243033,104398482,12,30540010
2017,101243048,104398505,3,30540018
2017,101243189,104398665,1,30540048
2017,101707645,104867586,24,30685812
2017,101242958,104398415,3,30539972
2017,101243001,104398456,3,30539990
2017,101243035,104398493,24,30540012
2017,101707640,104867580,3,30685808
2017,101707658,104867593,21,30685815
2017,101707767,104867709,25,30685845
2017,101707764,104867711,25,30685844
2017,101707764,104867709,3,30685843
2017,101707767,104867711,3,30685846
2017,101707837,104867789,11,30685862
2017,101707643,104867582,1,30685811
2017,101707698,104867639,3,30685829
2017,101707824,104867777,1,30685856
2017,101707693,104867630,3,30685826
2017,101707716,104867658,1,30685836
2017,101242964,104398420,14,30539977
2017,101243127,104398594,21,30540039
2017,101243126,104398595,14,30540038
2017,101707731,104867671,3,30685838
2017,101707647,104867587,24,30685813
2017,101707807,104867755,24,30685851
2017,101707845,104867797,3,30685864
2017,101707776,104867721,1,30685847
2017,101707830,104867780,21,30685858
2017,97704423,100810698,5,29453005
2017,97704433,100810740,21,29453011
2017,97704647,100810948,21,29453054
2017,97704803,100811096,21,29453087
2017,99851548,102979207,5,30107668
2017,99851592,102979255,14,30107680
2017,99851650,102979311,24,30107698
2017,99851685,102979343,3,30107702
2017,99851750,102979408,1,30107716
2017,99851883,102979538,12,30107747
2017,110770687,114110536,24,33561164
2017,110775567,114114939,1,33561166
2017,110775568,114114939,24,33556092
2017,103695724,106902984,3,31323685
2017,103695417,106902668,21,31323596
2017,103695553,106902816,17,31323639
2017,103695550,106902816,17,31323637
2017,103695636,106902899,24,31323666
2017,103695734,106902994,21,31323689
2017,103695775,106903039,1,31323702
2017,103695775,106903035,1,31323701
2017,103695534,106902789,24,31323631
2017,103695592,106902851,21,31323656
2017,103695486,106902742,3,31323622
2017,103695533,106902786,7,31323630
2017,103695660,106902920,17,31323672
2017,103695802,106903069,21,31323710
2017,103695633,106902894,21,31323665
2017,103695649,106902913,3,31323669
2017,103695746,106903007,3,31323692
2017,103695748,106903008,1,31323693
2017,104542498,107758601,1,31568526
2017,104542498,107758604,24,31568527
2017,103695567,106902823,3,31323646
2017,103695688,106902950,3,31323675
2017,103695657,106902917,17,31323671
2017,103695720,106902983,1,31323683
2017,103695745,106903005,17,31323690
2017,103695390,106902638,3,31323587
2017,103695466,106902727,21,31323615
2017,103695470,106902727,24,31323616
2017,103695474,106902727,24,31323618
2017,103695628,106902887,24,31323664
2017,103695692,106902955,17,31323677
2017,103695815,106903083,9,31323713
2017,103695733,106902993,3,31323688
2017,103695429,106902676,21,31323603
2017,103695556,106902814,3,31323638
2017,103695784,106903047,1,31323707
2017,103695440,106902694,3,31323605
2017,103695396,106902645,8,31323588
2017,103695588,106902852,19,31323655
2017,103695676,106902933,3,31323673
2017,103695752,106903012,21,31323694
2017,103695757,106903018,3,31323697
2017,103695770,106903032,3,31323700
2017,103695384,106902633,24,31323583
2017,103695380,106902633,24,31323582
2017,103695410,106902663,24,31323593
2017,103695650,106902907,16,31323670
2017,103695648,106902907,3,31323668
2017,103695713,106902977,3,31323680
2017,103695756,106903016,3,31323696
2017,103695646,106902910,19,31323667
2017,103695711,106902975,5,31323679
2017,103695679,106902943,21,31323674
2017,103695753,106903015,1,31323695
2017,104542477,107758572,19,31568519
2017,104542477,107758570,1,31568518
2017,103695501,106902757,12,31323628
2017,103695530,106902787,21,31323629
2017,103695758,106903017,12,31323698
2017,103695387,106902635,3,31323584
2017,103695544,106902810,24,31323635
2017,103695576,106902845,3,31323650
2017,103695587,106902840,1,31323654
2017,103695615,106902878,1,31323662
2017,103695689,106902951,21,31323676
2017,103695583,106902850,19,31323653
2017,103695721,106902979,21,31323682
2017,103695767,106903028,21,31323699
2017,103695798,106903063,15,31323709
2017,103695415,106902664,3,31323595
2017,103695455,106902718,1,31323612
2017,103695563,106902832,21,31323644
2017,103695747,106903006,17,31323691
2017,103695389,106902639,21,31323585
2017,103695594,106902847,26,31323657
2017,103695716,106902978,3,31323681
2017,103695725,106902986,8,31323684
