"DATA_YEAR","PROPERTY_ID","INCIDENT_ID","PROP_LOSS_ID","STOLEN_COUNT","RECOVERED_COUNT"
2017,97074374,91328264,1,,
2017,97074421,91328327,7,,
2017,97074449,91328360,6,,
2017,97074462,91328380,6,,
2017,97074483,91328406,7,,
2017,97074565,91328497,4,,
2017,97074595,91328540,4,,
2017,97074617,91328559,6,,
2017,97074661,91328616,4,,
2017,97074680,91328639,7,,
2017,95330127,89448312,7,,
2017,95330201,89448398,1,,
2017,95330223,89448423,6,,
2017,95330326,89448549,8,,
2017,95330332,89448555,7,,
2017,95330339,89448565,7,,
2017,96239856,90414984,6,,
2017,96239890,90415035,7,,
2017,96239911,90415055,7,,
2017,96239970,90415125,4,,
2017,96240039,90415214,3,,
2017,96240095,90415293,7,,
2017,97074417,91328323,6,,
2017,97074438,91328346,6,,
2017,97074468,91328388,7,,
2017,97074517,91328445,7,,
2017,97074563,91328495,7,,
2017,97074582,91328519,6,,
2017,97074647,91328595,7,,
2017,97074663,91328617,7,,
2017,97074672,91328631,7,,
2017,97074687,91328649,7,,
2017,94819060,88884915,7,,
2017,94819073,88884932,7,,
2017,94819179,88885065,7,,
2017,95330419,89448669,7,,
2017,95330464,89448728,6,,
2017,95330477,89448743,7,,
2017,96239855,90414989,4,,
2017,96239894,90415038,7,,
2017,96239922,90415064,4,,
2017,96239947,90415095,6,,
2017,96239955,90415105,6,,
2017,96239972,90415128,1,,
2017,96240033,90415202,6,,
2017,96240074,90415263,7,1,
2017,95330210,89448411,4,,
2017,95330255,89448462,7,1,
2017,95330333,89448558,7,,
2017,95330495,89448764,6,,
2017,95330522,89448793,6,,
2017,95330542,89448815,6,,
2017,95330554,89448828,7,,
2017,95707396,89854016,7,,
2017,95707424,89854048,4,,
2017,96239850,90414979,4,,
2017,96239867,90415009,6,,
2017,96239963,90415118,7,,
2017,96239977,90415135,7,,
2017,96240011,90415180,7,,
2017,96240030,90415200,7,,
2017,96240035,90415207,4,,
2017,96240046,90415222,6,,
2017,96240048,90415228,6,,
2017,96240052,90415230,7,1,
2017,96240060,90415247,6,,
2017,96240067,90415255,1,,
2017,96240078,90415268,6,,
2017,96240083,90415278,7,,
2017,94819056,88884908,7,,
2017,94819087,88884949,7,,
2017,94819125,88885001,7,,
2017,94819145,88885024,7,,
2017,94819163,88885048,4,,
2017,95956422,90114770,6,,
2017,95956567,90114951,6,,
2017,95956580,90114967,7,,
2017,95956681,90115091,6,,
2017,95956412,90114758,6,,
2017,95956441,90114800,7,,
2017,95956456,90114816,7,,
2017,95956565,90114950,6,,
2017,95956669,90115078,7,,
2017,95956699,90115113,7,,
2017,95956708,90115125,6,,
2017,94819002,88884841,6,,
2017,94819071,88884929,6,,
2017,94819094,88884959,6,,
2017,94819113,88884985,7,,
2017,94819169,88885054,7,,
2017,96637180,90849198,6,,
2017,96637207,90849229,3,,
2017,96637249,90849289,7,,
2017,96637296,90849342,7,,
2017,96637318,90849379,6,,
2017,96637367,90849454,7,,
2017,96637386,90849475,7,,
2017,96637411,90849509,6,,
2017,96637427,90849525,4,,
2017,96637177,90849196,7,,
2017,96637241,90849274,6,,
2017,96637256,90849302,6,,
2017,96637363,90849447,1,,
2017,96637383,90849472,4,,
2017,96637428,90849526,6,,
2017,95956447,90114806,4,,
2017,95956457,90114818,7,1,
2017,95956462,90114825,7,,
2017,95956498,90114870,6,,
2017,95956526,90114907,6,,
2017,95956571,90114955,7,,
2017,95956579,90114966,7,,
2017,95956607,90114993,7,,
2017,95956702,90115119,3,,
2017,96239943,90415086,7,,
2017,96239980,90415140,6,,
2017,96240010,90415178,6,,
2017,96240026,90415199,7,,
2017,95956719,90115139,4,,
2017,96239831,90414956,7,,
2017,96239849,90414973,3,,
2017,96239888,90415029,7,,
2017,96239932,90415075,4,,
2017,96240066,90415254,6,,
2017,94402113,88430740,7,,
2017,94402154,88430795,6,,
2017,94402200,88430847,3,,
2017,94402087,88430708,7,1,
2017,94402112,88430739,7,,
2017,94402135,88430769,6,,
2017,94402191,88430835,7,,
2017,94402225,88430880,4,,
2017,94402238,88430894,7,,
2017,95956421,90114769,3,,
2017,95956455,90114815,7,,
2017,95956454,90114815,3,,
2017,95956489,90114865,1,,
2017,95956493,90114865,6,,
2017,95956505,90114883,4,,
2017,95956527,90114908,6,,
2017,95956554,90114940,7,,
2017,95956711,90115128,4,,
2017,94819000,88884835,7,,
2017,94819017,88884857,7,,
2017,94819061,88884916,7,,
2017,94819091,88884955,6,,
2017,94819130,88885007,6,,
2017,94819150,88885031,6,,
2017,94402100,88430724,4,,
2017,94402115,88430743,6,,
2017,94402129,88430760,6,,
2017,94402180,88430822,7,,
2017,94402192,88430838,7,,
2017,94402199,88430846,3,,
2017,95707437,89854066,7,,
2017,95707500,89854143,7,,
2017,95707669,89854373,6,,
2017,94402078,88430694,6,,
2017,94402088,88430710,7,,
2017,94402098,88430725,6,,
2017,94818990,88884820,6,,
2017,94819009,88884847,7,,
2017,94819055,88884907,7,,
2017,94819067,88884923,6,,
2017,94819089,88884953,4,,
2017,94819095,88884960,7,,
2017,94819107,88884979,6,,
2017,94819119,88884996,7,,
2017,95956424,90114774,6,,
2017,95956460,90114823,7,,
2017,95956482,90114854,7,,
2017,95956510,90114888,4,,
2017,95956558,90114944,6,,
2017,95956569,90114957,6,,
2017,95956572,90114957,7,,
2017,96637179,90849197,6,,
2017,96637277,90849323,7,1,
2017,96637305,90849355,7,,
2017,96637335,90849405,7,,
2017,96637343,90849419,7,,
2017,96637369,90849453,7,,
2017,96637373,90849459,7,,
2017,96637405,90849501,4,,
2017,96637407,90849501,7,,
2017,96239924,90415065,7,,
2017,96240008,90415177,7,,
2017,96240044,90415220,1,,
2017,96240064,90415253,5,,
2017,96240084,90415280,4,,
2017,96240086,90415280,7,,
2017,96637235,90849264,6,,
2017,96637265,90849308,6,,
2017,96637351,90849433,1,,
2017,96637360,90849443,4,,
2017,96637384,90849473,7,,
2017,96637398,90849490,7,,
2017,96637416,90849515,7,,
2017,95956418,90114764,7,,
2017,95956430,90114784,7,,
2017,95956437,90114791,6,,
2017,95956502,90114874,6,,
2017,95956534,90114916,7,1,
2017,95956531,90114916,5,,1
2017,95956563,90114946,4,,
2017,95956574,90114959,7,,
2017,95956644,90115045,1,,
2017,95956686,90115095,3,,
2017,96239948,90415097,7,,
2017,96239959,90415116,6,,
2017,94819028,88884871,7,,
2017,94819037,88884883,4,,
2017,94819053,88884905,3,,
2017,94819066,88884922,7,,
2017,94819103,88884974,6,,
2017,94819122,88884998,3,,
2017,94819158,88885043,6,,
2017,94819166,88885052,7,,
2017,96637232,90849267,4,,
2017,96637236,90849267,7,1,
2017,96637279,90849324,7,,
2017,96637315,90849375,6,,
2017,96637374,90849461,1,,
2017,96239907,90415049,6,,
2017,96239953,90415104,7,,
2017,96239967,90415124,7,,
2017,96240085,90415279,7,,
2017,94819022,88884867,7,,
2017,94819137,88885015,6,,
2017,95330345,89448573,4,,
2017,95330453,89448710,6,,
2017,95330466,89448732,6,,
2017,95330476,89448741,5,,
2017,95330541,89448814,7,,
2017,95956445,90114805,4,,
2017,95956461,90114824,7,,
2017,95956628,90115014,7,,
2017,94819031,88884874,6,,
2017,95956465,90114829,7,,
2017,95956499,90114875,7,,
2017,95956490,90114875,6,,
2017,95956564,90114952,7,,
2017,95956611,90114996,7,,
2017,95956651,90115052,6,,
2017,95707433,89854060,7,,
2017,95707546,89854206,6,,
2017,94402126,88430757,6,,
2017,94402167,88430807,1,,
2017,94402182,88430825,7,,
2017,94402198,88430845,7,,
2017,94402209,88430858,7,,
2017,94402227,88430882,6,,
2017,94819015,88884854,6,,
2017,94819101,88884972,7,,
2017,94819118,88884995,7,,
2017,94819131,88885009,6,,
2017,94819159,88885044,5,,
2017,94819170,88885055,6,,
2017,94819180,88885066,1,,
2017,96239836,90414960,6,,
2017,96239916,90415057,7,,
2017,96239974,90415130,4,,
2017,96239985,90415145,7,,
2017,94819012,88884852,7,,
2017,94819040,88884888,7,,
2017,94819051,88884904,7,,
2017,94819068,88884924,7,,
2017,94819081,88884943,7,,
2017,94819099,88884969,7,,
2017,94819172,88885056,1,,
2017,94402111,88430738,7,,
2017,94402139,88430773,7,,
2017,94402146,88430783,7,,
2017,94402152,88430790,6,,
2017,94402117,88430745,7,,
2017,94402177,88430819,3,,
2017,94402235,88430892,7,,
2017,94402101,88430726,7,,
2017,94402171,88430813,7,,
2017,96239829,90414955,7,,
2017,96239905,90415048,7,,
2017,96239954,90415106,6,,
2017,96239975,90415131,4,,
2017,96239984,90415146,7,,
2017,96239996,90415164,7,,
2017,96240013,90415181,7,,
2017,96240032,90415201,6,,
2017,96240040,90415217,4,,
2017,96240055,90415237,4,,
2017,96240081,90415275,7,,
2017,96637201,90849228,5,,1
2017,96637209,90849228,7,1,
2017,96637230,90849260,7,,
2017,96637238,90849268,7,,
2017,96637309,90849363,6,,
2017,96637388,90849480,6,,
2017,96637399,90849491,3,,
2017,96637214,90849241,6,,
2017,96637258,90849303,4,,
2017,96637300,90849352,6,,
2017,96637327,90849391,7,,
2017,96637333,90849403,7,,
2017,96637354,90849438,6,,
2017,96637434,90849532,6,,
2017,94402083,88430699,7,,
2017,94402181,88430823,7,,
2017,97074377,91328266,6,,
2017,97074450,91328363,7,,
2017,97074473,91328394,6,,
2017,97074658,91328611,7,,
2017,97074676,91328635,4,,
2017,97074690,91328650,6,,
2017,97074703,91328671,7,,
2017,95956426,90114779,6,,
2017,95956427,90114779,7,,
2017,95956420,90114779,1,,
2017,95956605,90114989,7,,
2017,95956620,90115006,7,,
2017,95956636,90115034,7,,
2017,95956670,90115077,7,1,
2017,95956695,90115104,7,1,
2017,95956705,90115123,4,,
2017,95330297,89448506,7,,
2017,95330458,89448716,7,,
2017,95330484,89448750,6,,
2017,95330520,89448790,6,,
2017,95330533,89448803,7,,
2017,95707464,89854102,7,,
2017,95707506,89854150,4,,
2017,95707567,89854234,7,,
2017,95707585,89854263,7,,
2017,95707597,89854279,7,,
2017,95707654,89854347,7,,
2017,96637229,90849259,6,,
2017,96637287,90849333,7,,
2017,96637344,90849418,4,,
2017,96637364,90849450,7,,
2017,96637401,90849495,3,,
2017,96637430,90849528,7,,
2017,95707445,89854076,7,1,
2017,95707544,89854203,6,,
2017,95707594,89854275,7,,
2017,95707602,89854285,7,,
2017,96239844,90414974,6,,
2017,96239962,90415117,6,,
2017,96240019,90415189,6,,
2017,96240031,90415204,4,,
2017,96240089,90415283,7,,
2017,96239851,90414976,7,,
2017,96239861,90414994,6,,
2017,96239909,90415053,3,,
2017,96239994,90415157,6,,
2017,96240034,90415205,6,,
2017,96240090,90415284,5,,
2017,96240097,90415296,7,,
2017,96239960,90415115,7,,
2017,96239982,90415139,7,,
2017,96239991,90415152,7,,
2017,96240007,90415175,6,,
2017,96637208,90849232,6,,
2017,96637216,90849244,6,,
2017,96637226,90849253,4,,
2017,96637245,90849282,7,,
2017,96637294,90849339,7,,
2017,96637303,90849353,7,,
2017,96637306,90849356,6,,
2017,96637321,90849381,7,,
2017,96637355,90849441,7,,
2017,96637379,90849467,7,,
2017,96637382,90849471,6,,
2017,96637387,90849477,6,,
2017,96637392,90849486,1,,
2017,96637400,90849493,7,,
2017,96637413,90849510,7,,
2017,96637196,90849213,6,,
2017,96637203,90849227,6,,
2017,96637268,90849312,7,1,
2017,96637328,90849392,1,,
2017,96637341,90849416,1,,
2017,96637410,90849505,6,,
2017,96637422,90849520,7,,
2017,96637222,90849252,5,,
2017,96637330,90849398,1,,
2017,96637380,90849469,7,1,
2017,96637426,90849524,7,,
2017,96637437,90849535,7,,
2017,96239978,90415136,7,,
2017,96239993,90415158,7,,
2017,94402081,88430697,7,,
2017,94402091,88430715,7,,
2017,94402125,88430756,7,,
2017,94402131,88430762,6,,
2017,94402145,88430781,4,,
2017,94402174,88430816,6,,
2017,94402213,88430862,6,,
2017,95956458,90114820,6,,
2017,95956484,90114856,6,,
2017,95956559,90114945,6,,
2017,97074410,91328313,6,,
2017,97074612,91328556,7,,
2017,94818991,88884821,6,,
2017,94819013,88884851,6,,
2017,94819086,88884952,7,,
2017,94819110,88884983,1,,
2017,94819123,88884999,6,,
2017,94819174,88885060,4,,
2017,95956609,90114997,1,,
2017,95956645,90115046,5,,
2017,95956687,90115096,7,,
2017,95956703,90115121,4,,
2017,95956717,90115136,7,,
2017,95956413,90114760,7,,
2017,95956518,90114897,6,,
2017,95956597,90114982,7,,
2017,95956619,90115004,7,,
2017,95956650,90115053,4,,
2017,95956662,90115065,7,,
2017,95956672,90115080,6,,
2017,96239884,90415034,7,,
2017,96239945,90415093,4,,
2017,96239957,90415111,7,,
2017,96240000,90415169,6,,
2017,96240017,90415186,7,,
2017,96240043,90415219,7,,
2017,96240077,90415267,6,,
2017,96637345,90849424,4,,
2017,96637359,90849444,7,,
2017,96637406,90849500,7,,
2017,94402110,88430736,4,,
2017,94402163,88430803,7,,
2017,94402239,88430896,7,,
2017,94402106,88430732,6,,
2017,94402127,88430758,3,,
2017,94402140,88430774,7,,
2017,94402156,88430793,7,,
2017,94402162,88430802,6,,
2017,94402176,88430818,6,,
2017,94402188,88430832,6,,
2017,94402214,88430863,4,,
2017,94402222,88430876,7,,
2017,94402232,88430889,7,,
2017,94819047,88884899,6,,
2017,94819059,88884914,7,,
2017,94819106,88884980,7,,
2017,94819175,88885062,7,,
2017,95707482,89854120,6,,
2017,95707496,89854138,7,,
2017,95707510,89854156,5,,
2017,95707657,89854352,6,,
2017,94819042,88884893,6,,
2017,94819076,88884939,1,,
2017,94819111,88884984,7,,
2017,94819134,88885012,6,,
2017,94819141,88885020,7,,
2017,94819156,88885039,6,,
2017,94819165,88885050,3,,
2017,94819183,88885069,3,,
2017,95330134,89448323,4,,
2017,95330384,89448622,6,,
2017,95330447,89448707,6,,
2017,94402093,88430721,7,,
2017,94402109,88430735,7,,
2017,94402132,88430764,4,,
2017,94402166,88430806,7,,
2017,94402194,88430841,7,,
2017,94402205,88430853,5,,
2017,94402215,88430865,7,,
2017,95956414,90114759,6,,
2017,95956440,90114795,7,,
2017,95956546,90114930,6,,
2017,95956570,90114954,4,,
2017,95956612,90115000,4,,
2017,95956648,90115049,6,,
2017,95956431,90114785,6,,
2017,95956464,90114828,7,,
2017,95956491,90114864,6,,
2017,95956550,90114933,7,,
2017,95956697,90115109,7,,
2017,96239830,90414954,6,,
2017,96239847,90414975,6,,
2017,96239988,90415147,7,,
2017,96240045,90415221,7,,
2017,96240076,90415264,7,,
2017,95956439,90114793,7,,
2017,95956446,90114808,4,,
2017,95956478,90114844,7,,
2017,95956485,90114857,7,,
2017,95956516,90114895,6,,
2017,95956608,90114994,6,,
2017,95956647,90115051,6,,
2017,95956677,90115083,1,,
2017,95956700,90115115,6,,
2017,95330133,89448320,7,,
2017,95330242,89448449,7,,
2017,95330276,89448483,4,,
2017,95330330,89448553,7,,
2017,95330347,89448572,6,,
2017,95330418,89448667,7,,
2017,95330428,89448682,7,1,
2017,95330524,89448795,7,,
2017,95330559,89448834,7,,
2017,97074403,91328305,7,,
2017,97074451,91328365,6,,
2017,97074480,91328399,6,,
2017,97074590,91328528,6,,
2017,97074644,91328591,5,,
2017,97074688,91328647,7,,
2017,97074716,91328685,7,,
2017,106064827,101219376,7,,
2017,106060308,101221508,7,,
2017,105824572,100969143,6,,
2017,105819778,100969144,7,,
2017,105824574,100969144,4,,
2017,95330293,89448498,7,,
2017,95330519,89448791,6,,
2017,95330535,89448806,7,,
2017,95330552,89448826,6,,
2017,98192153,92555133,7,,
2017,98192163,92555153,7,,
2017,98192200,92555197,1,,
2017,98192218,92555217,7,,
2017,98192229,92555236,7,,
2017,98192267,92555275,7,,
2017,98192277,92555287,7,,
2017,95707457,89854090,5,,
2017,95707495,89854136,6,,
2017,95707501,89854144,7,,
2017,95707533,89854187,7,,
2017,95707583,89854259,6,,
2017,95707596,89854276,4,,
2017,95707617,89854302,7,,
2017,98192127,92555092,7,1,
2017,98192144,92555117,7,,
2017,98192148,92555123,4,,
2017,98192230,92555237,7,,
2017,98192253,92555258,6,,
2017,95707434,89854064,7,,
2017,95707455,89854098,6,,
2017,95707532,89854184,7,,
2017,95707600,89854282,7,,
2017,95707653,89854346,7,,
2017,95707663,89854362,7,,
2017,95707672,89854376,7,,
2017,95330132,89448319,7,,
2017,95330372,89448603,6,,
2017,95330515,89448783,7,,
2017,95330532,89448805,7,,
2017,95330303,89448515,6,,
2017,95330387,89448621,7,,
2017,95330415,89448661,4,,
2017,95330539,89448809,7,,
2017,95330560,89448836,6,,
2017,94818992,88884823,6,,
2017,94819058,88884911,4,,
2017,94819092,88884957,7,1,
2017,94819147,88885030,7,,
2017,94819157,88885041,7,,
2017,94819167,88885051,7,,
2017,94819178,88885064,6,,
2017,95707451,89854085,7,,
2017,95707508,89854154,7,,
2017,95707522,89854170,7,,
2017,95330144,89448337,7,,
2017,95330355,89448584,7,,
2017,95330431,89448683,7,,
2017,95330074,89448245,7,,
2017,95330189,89448386,6,,
2017,95330277,89448491,6,,
2017,95330321,89448543,6,,
2017,95330337,89448562,4,,
2017,95330358,89448586,6,,
2017,95330373,89448608,6,,
2017,95330449,89448704,6,,
2017,95330468,89448738,7,,
2017,95330513,89448781,7,,
2017,98561075,92963300,6,,
2017,98561078,92963303,7,,
2017,98561085,92963313,4,,
2017,98561090,92963323,7,,
2017,98561092,92963325,4,,
2017,98561110,92963347,7,,
2017,95956419,90114765,6,,
2017,95956433,90114786,7,,
2017,95956532,90114913,7,,
2017,95956704,90115122,7,,
2017,97074387,91328283,7,,
2017,97074389,91328290,6,,
2017,97074427,91328338,7,1,
2017,97074453,91328370,7,,
2017,97074484,91328404,5,,
2017,97074494,91328418,7,,
2017,97074560,91328492,7,,
2017,97074568,91328501,6,,
2017,97074628,91328570,6,,
2017,95330119,89448303,7,,
2017,95330410,89448655,7,,
2017,95330500,89448767,7,,
2017,95330550,89448824,7,,
2017,95707453,89854086,6,,
2017,95707465,89854100,7,,
2017,95707481,89854119,4,,
2017,95707515,89854162,6,,
2017,95707535,89854193,7,,
2017,95707537,89854191,7,,
2017,95707599,89854280,7,,
2017,95707601,89854283,7,,
2017,95707604,89854286,7,,
2017,95707612,89854295,7,,
2017,95707619,89854304,6,,
2017,95707658,89854353,7,,
2017,95707390,89854000,7,,
2017,95707402,89854023,7,,
2017,95707480,89854118,7,,
2017,95707505,89854151,7,,
2017,95707542,89854199,7,,
2017,95707555,89854217,7,,
2017,95707622,89854312,7,1,
2017,95707659,89854354,7,,
2017,95707679,89854383,7,,
2017,95330518,89448789,7,,
2017,95330208,89448409,7,,
2017,95330266,89448469,7,,
2017,95330323,89448544,6,,
2017,95330420,89448671,3,,
2017,95330472,89448739,4,,
2017,102530126,97306948,7,,
2017,102530155,97306990,7,,
2017,102882953,97685280,7,,
2017,97732893,92050538,6,,
2017,97732912,92050561,6,,
2017,97732906,92050561,5,,
2017,97732949,92050597,6,,
2017,97732967,92050616,7,,
2017,97733067,92050732,4,,
2017,97733121,92050801,6,,
2017,97733165,92050859,7,,
2017,97733178,92050877,6,,
2017,97733197,92050902,7,,
2017,100159198,94738373,6,,
2017,100159225,94738414,6,,
2017,100159293,94738490,7,,
2017,100159342,94738554,7,,
2017,100159353,94738565,7,,
2017,100159360,94738574,7,,
2017,100159358,94738574,3,,
2017,100159382,94738599,4,,
2017,100159447,94738689,4,,
2017,100159478,94738727,4,,
2017,98561097,92963329,7,,
2017,98561104,92963340,7,,
2017,98561195,92963452,1,,
2017,98561080,92963308,6,,
2017,98561100,92963336,7,,
2017,98561111,92963349,6,,
2017,98561129,92963372,4,,
2017,98561148,92963395,7,,
2017,98561196,92963453,7,,
2017,98561219,92963489,7,,
2017,98561113,92963352,4,,
2017,98561112,92963352,1,,
2017,98561123,92963366,7,,
2017,98561134,92963377,7,,
2017,98561147,92963393,6,,
2017,98561169,92963424,7,,
2017,98561191,92963448,7,,
2017,98561212,92963475,6,,
2017,98561215,92963483,7,,
2017,98561224,92963495,7,,
2017,97733102,92050777,7,,
2017,97733113,92050792,6,,
2017,97733153,92050839,1,,
2017,97733163,92050855,7,,
2017,97733167,92050861,6,,
2017,97733201,92050909,6,,
2017,97074398,91328296,7,,
2017,97074404,91328307,7,,
2017,97074482,91328400,7,,
2017,97074490,91328414,7,,
2017,97074501,91328430,7,,
2017,97074516,91328443,6,,
2017,97074580,91328518,7,,
2017,97074694,91328656,4,,
2017,97074702,91328670,6,,
2017,97732964,92050608,7,,
2017,97733085,92050754,7,,
2017,97733116,92050798,6,,
2017,97733134,92050816,6,,
2017,97733146,92050829,7,,
2017,97733151,92050838,1,,
2017,97733169,92050866,7,,
2017,97732987,92050636,6,,
2017,97733049,92050711,7,,
2017,97733066,92050730,7,,
2017,97733104,92050782,7,,
2017,97733176,92050873,6,,
2017,97733209,92050922,7,,
2017,100159186,94738361,7,,
2017,100159244,94738435,3,,
2017,100159255,94738447,7,,
2017,100159337,94738549,7,,
2017,100159410,94738632,4,,
2017,100159454,94738698,7,,
2017,100159465,94738711,7,,
2017,97732916,92050567,7,,
2017,97732972,92050619,5,,
2017,97733065,92050729,7,,
2017,97733126,92050808,7,,
2017,97733139,92050824,6,,
2017,98192211,92555209,7,,
2017,98192217,92555216,1,,
2017,98192248,92555254,7,1,
2017,98192269,92555279,6,,
2017,98561082,92963312,1,,
2017,98561084,92963312,4,,
2017,98561114,92963353,5,,
2017,98561160,92963410,7,,
2017,98561231,92963502,6,,
2017,100159302,94738504,6,,
2017,100159343,94738551,7,,
2017,100159376,94738593,7,2,
2017,100159416,94738638,4,,
2017,100159420,94738644,7,,
2017,100159419,94738644,3,,
2017,98192111,92555073,7,,
2017,98192126,92555094,7,1,
2017,98192140,92555113,7,,
2017,98192151,92555129,7,,
2017,98192170,92555161,7,,
2017,98192233,92555240,6,,
2017,98192249,92555256,4,,
2017,98192262,92555268,7,,
2017,98561117,92963355,7,,
2017,98561176,92963430,6,,
2017,98561201,92963461,5,,
2017,98561230,92963501,6,,
2017,98561124,92963367,6,,
2017,98561139,92963384,6,,
2017,98561146,92963394,6,,
2017,98561204,92963465,6,,
2017,98561228,92963500,7,,
2017,98561237,92963511,7,,
2017,100159281,94738471,6,,
2017,100159373,94738590,6,,
2017,100159476,94738722,6,,
2017,100159490,94738739,7,,
2017,97074390,91328289,7,,
2017,97074405,91328306,7,1,
2017,97074457,91328376,6,,
2017,97074479,91328401,7,1,
2017,97074534,91328463,7,,
2017,97074673,91328630,7,,
2017,97074682,91328642,6,,
2017,100159223,94738408,6,,
2017,100159242,94738430,6,,
2017,100159404,94738626,7,,
2017,100159402,94738626,3,,
2017,100159479,94738729,7,,
2017,97074378,91328268,6,,
2017,97074383,91328279,6,,
2017,97074510,91328437,7,,
2017,97074555,91328487,4,,
2017,97074657,91328609,7,,
2017,97732982,92050630,6,,
2017,97733016,92050665,6,,
2017,97733046,92050708,7,,
2017,97733105,92050783,6,,
2017,97733122,92050803,7,,
2017,97733171,92050869,7,,
2017,97733183,92050882,7,,
2017,97733206,92050918,6,,
2017,97732980,92050633,7,,
2017,97733036,92050692,4,,
2017,97733147,92050831,6,,
2017,97733019,92050670,4,,
2017,97733029,92050683,4,,
2017,97733048,92050710,7,,
2017,97733054,92050718,4,,
2017,97733120,92050799,7,,
2017,97733138,92050822,7,,
2017,97733192,92050892,7,,
2017,97732915,92050564,7,,
2017,97732941,92050592,7,,
2017,97733034,92050690,6,,
2017,97733075,92050740,7,,
2017,97733084,92050751,7,,
2017,97733097,92050768,7,,
2017,97733154,92050842,7,,
2017,97733191,92050893,7,,
2017,97733196,92050900,6,,
2017,98561073,92963297,7,,
2017,98561089,92963322,6,,
2017,98561094,92963328,6,,
2017,98561157,92963407,7,,
2017,98561209,92963472,7,,
2017,97732962,92050614,6,,
2017,97732989,92050638,7,,
2017,97733114,92050791,6,,
2017,97733172,92050870,7,,
2017,97733179,92050879,7,,
2017,98561071,92963293,7,,
2017,98561083,92963311,7,,
2017,98561130,92963373,7,,
2017,98561207,92963467,7,1,
2017,98561221,92963490,6,,
2017,98561245,92963519,6,,
2017,98561102,92963339,6,,
2017,98561132,92963374,7,,
2017,98561140,92963385,4,,
2017,98561150,92963398,7,,
2017,98561187,92963444,1,,
2017,98561216,92963486,7,,
2017,98561253,92963527,7,,
2017,98561137,92963382,4,,
2017,98561153,92963403,7,,
2017,98561210,92963473,7,,
2017,100159226,94738409,1,,
2017,100159352,94738563,7,,
2017,100159414,94738635,7,,
2017,100159472,94738718,6,,
2017,97074443,91328358,7,,
2017,97074492,91328416,7,,
2017,97074525,91328455,6,,
2017,97074577,91328514,6,,
2017,97074640,91328587,7,,
2017,97074667,91328622,6,,
2017,97074684,91328643,6,,
2017,97074699,91328663,6,,
2017,97074474,91328393,7,,
2017,97074489,91328412,7,,
2017,97074531,91328460,7,,
2017,97074557,91328489,6,,
2017,97074639,91328586,7,,
2017,97074704,91328672,4,,
2017,100159179,94738345,6,,
2017,100159249,94738439,7,,
2017,100159282,94738475,6,,
2017,100159291,94738487,6,,
2017,100159322,94738529,7,,
2017,100159355,94738569,7,,
2017,100159368,94738584,6,,
2017,100159396,94738616,7,,
2017,100159398,94738618,6,,
2017,100159406,94738628,3,,
2017,100159425,94738655,7,,
2017,100159430,94738662,6,,
2017,100159462,94738705,6,,
2017,100159493,94738743,7,,
2017,100847484,95483238,7,,
2017,98561069,92963288,7,,
2017,98561079,92963304,5,,
2017,98561087,92963320,7,,
2017,98561172,92963426,6,,
2017,98561192,92963449,6,,
2017,98561200,92963457,4,,
2017,97732907,92050554,6,,
2017,97732922,92050575,6,,
2017,97733095,92050762,7,,
2017,97733135,92050819,7,,
2017,97732894,92050539,6,,
2017,97733012,92050663,7,,
2017,97733093,92050765,4,,
2017,97733100,92050772,7,,
2017,97733166,92050862,3,,
2017,97733188,92050891,6,,
2017,98561115,92963354,6,,
2017,98561156,92963406,7,,
2017,98561175,92963428,5,,
2017,98561194,92963451,6,,
2017,98561227,92963498,4,,
2017,98561246,92963520,7,,
2017,97732914,92050560,7,,
2017,97732961,92050613,7,,
2017,97732988,92050635,6,,
2017,97733025,92050678,7,,
2017,97733041,92050703,7,,
2017,97733050,92050714,6,,
2017,97733109,92050787,4,,
2017,97733152,92050840,7,,
2017,97733210,92050923,7,,
2017,100159334,94738544,6,,
2017,100159344,94738552,7,,
2017,100159346,94738556,7,,
2017,100159347,94738558,6,,
2017,100159362,94738575,7,,
2017,100159364,94738576,4,,
2017,100159387,94738605,7,,
2017,100159389,94738608,7,,
2017,100159432,94738664,6,,
2017,100159440,94738671,7,,
2017,100159436,94738671,4,,
2017,100159461,94738704,7,,
2017,100159459,94738704,3,,
2017,100159488,94738737,4,,
2017,98561098,92963333,7,,
2017,98561116,92963356,6,,
2017,98561159,92963409,7,,
2017,98561164,92963415,7,,
2017,98561170,92963423,7,,
2017,98561193,92963450,7,,
2017,98561251,92963525,6,,
2017,98192109,92555065,6,,
2017,98192122,92555087,6,,
2017,98192184,92555181,7,,
2017,98192190,92555185,6,,
2017,98192201,92555200,7,,
2017,98192207,92555205,7,,
2017,98192259,92555265,7,,
2017,98192275,92555284,4,,
2017,98192284,92555296,4,,
2017,100159190,94738364,5,,
2017,100159230,94738416,6,,
2017,100159385,94738603,6,,
2017,100159413,94738636,6,,
2017,100159474,94738720,6,,
2017,98192103,92555054,4,,
2017,98192169,92555162,7,,
2017,98192238,92555245,6,,
2017,100159177,94738343,5,,
2017,100159215,94738396,5,,
2017,100159239,94738424,6,,
2017,100159349,94738560,7,,
2017,100159371,94738587,7,,
2017,100159394,94738614,7,,
2017,100159417,94738641,7,,
2017,100159424,94738653,7,,
2017,100159456,94738702,7,,
2017,100159489,94738738,7,,
2017,98192105,92555057,7,,
2017,98192157,92555142,7,,
2017,98192205,92555204,7,,
2017,98192213,92555212,7,,
2017,98192247,92555253,6,,
2017,98192270,92555278,6,,
2017,100159234,94738421,6,,
2017,100159261,94738450,7,,
2017,100159359,94738572,7,1,
2017,100159407,94738629,3,,
2017,100159422,94738647,7,,
2017,100159484,94738733,3,,
2017,100159199,94738378,4,,
2017,100159283,94738474,5,,
2017,100159332,94738545,7,,
2017,100159409,94738631,3,,
2017,100159415,94738637,4,,
2017,100159435,94738667,6,,
2017,100159458,94738701,7,,
2017,100159252,94738443,6,,
2017,100159315,94738521,7,,
2017,100159351,94738564,7,,
2017,100159470,94738716,6,,
2017,97074418,91328326,6,,
2017,97074522,91328453,4,,
2017,97074571,91328507,4,,
2017,97074652,91328601,7,,
2017,97732921,92050574,6,,
2017,97732975,92050622,6,,
2017,97733045,92050707,7,1,
2017,97733052,92050715,6,,
2017,97733092,92050760,6,,
2017,97733112,92050795,7,,
2017,97733133,92050818,7,,
2017,97733144,92050828,6,,
2017,97733157,92050848,1,,
2017,97733180,92050878,7,,
2017,97733208,92050920,7,,
2017,98561152,92963400,7,,
2017,98561163,92963414,7,,
2017,98561183,92963439,6,,
2017,97732977,92050627,1,,
2017,97733007,92050660,5,,
2017,97733068,92050731,5,,
2017,97733082,92050750,4,,
2017,97733148,92050832,7,,
2017,97733060,92050722,7,,
2017,97733099,92050773,7,,
2017,98561205,92963464,4,,
2017,98561226,92963497,7,,
2017,98561247,92963522,4,,
2017,98561074,92963298,6,,
2017,98561081,92963309,4,,
2017,98561095,92963330,7,,
2017,98561105,92963341,7,,
2017,98561149,92963396,7,,
2017,98561161,92963411,7,,
2017,98561203,92963463,7,,
2017,98561213,92963478,1,,
2017,98561218,92963487,7,,
2017,98561225,92963496,6,,
2017,98561239,92963512,7,,
2017,98192125,92555091,7,,
2017,98192143,92555116,6,,
2017,98192158,92555144,4,,
2017,98192186,92555184,6,,
2017,98192203,92555202,6,,
2017,98192255,92555261,6,,
2017,98192273,92555281,6,,
2017,98192136,92555106,1,,
2017,98192152,92555134,7,,
2017,98192160,92555147,7,,
2017,98192192,92555189,4,,
2017,98192191,92555192,1,,
2017,98192221,92555222,6,,
2017,98192268,92555277,7,,
2017,98192117,92555080,7,,
2017,98192139,92555112,6,,
2017,98192232,92555238,6,,
2017,98192257,92555264,6,,
2017,100159196,94738371,7,,
2017,100159228,94738411,6,,
2017,100159259,94738452,6,,
2017,100159318,94738525,7,,
2017,100159367,94738583,6,,
2017,100159386,94738604,7,,
2017,100159411,94738633,3,,
2017,100159438,94738669,7,,
2017,100159443,94738681,7,,
2017,100159455,94738700,7,,
2017,100159468,94738714,7,,
2017,100159486,94738736,7,,
2017,100159211,94738392,6,,
2017,100159248,94738438,7,,
2017,100159297,94738492,6,,
2017,100159331,94738541,6,,
2017,100159374,94738591,6,,
2017,100159372,94738589,6,,
2017,100159393,94738611,6,,
2017,100159423,94738650,7,,
2017,100159431,94738663,4,,
2017,100159446,94738688,1,,
2017,98561070,92963290,7,,
2017,98561103,92963338,6,,
2017,98561126,92963368,6,,
2017,98561165,92963416,7,,
2017,98561238,92963513,7,,
2017,102882805,97685108,7,,
2017,98561101,92963337,7,,
2017,98561184,92963440,1,,
2017,98561202,92963462,6,,
2017,98561220,92963488,7,,
2017,98561249,92963523,4,,
2017,98561248,92963523,1,,
2017,97732948,92050598,6,,
2017,97733053,92050713,7,,
2017,97733111,92050789,6,,
2017,97733141,92050825,7,,
2017,97733205,92050916,7,,
2017,98561076,92963301,6,,
2017,98561099,92963332,7,,
2017,98561107,92963346,7,,
2017,98561178,92963433,7,,
2017,98561185,92963441,7,,
2017,98561190,92963446,7,,
2017,100159171,94738333,4,,
2017,100159172,94738336,1,,
2017,100159202,94738381,6,,
2017,100159245,94738434,7,,
2017,100159254,94738446,7,,
2017,100159286,94738481,6,,
2017,100159301,94738500,6,,
2017,100159339,94738547,6,,
2017,100159341,94738553,7,,
2017,100159381,94738600,6,,
2017,100159388,94738606,7,,
2017,100159453,94738696,6,,
2017,100159467,94738712,7,,
2017,100159482,94738732,7,,
2017,100159492,94738742,7,,
2017,97733058,92050724,4,,
2017,94819024,88884866,7,,
2017,94819035,88884881,6,,
2017,94819046,88884897,6,,
2017,94819083,88884944,7,,
2017,94819097,88884963,7,,
2017,94819127,88885005,5,,
2017,94819129,88885005,7,,
2017,94819151,88885033,6,,
2017,98192108,92555061,7,,
2017,98192120,92555084,6,,
2017,98192134,92555105,7,,
2017,98192146,92555118,7,,
2017,98192165,92555158,4,,
2017,95330207,89448408,6,,
2017,95330356,89448585,7,,
2017,95330407,89448651,6,,
2017,95330417,89448663,4,,
2017,95330528,89448804,4,,
2017,95330549,89448823,4,,
2017,95330227,89448429,7,,
2017,95330379,89448614,6,,
2017,95330411,89448658,4,,
2017,95330457,89448717,6,,
2017,95330556,89448832,7,,
2017,95330122,89448296,6,,
2017,95330274,89448478,7,,
2017,95330292,89448499,7,,
2017,95330311,89448530,7,,
2017,95330396,89448642,6,,
2017,95330422,89448676,6,,
2017,95330460,89448723,7,,
2017,98561128,92963371,7,,
2017,98561186,92963443,7,,
2017,98561229,92963499,6,,
2017,98561241,92963516,7,,
2017,95330253,89448455,7,,
2017,95330305,89448521,6,,
2017,95330378,89448616,6,,
2017,95330557,89448833,7,,
2017,95707386,89853996,7,,
2017,95707391,89854003,7,,
2017,95707400,89854021,7,,
2017,95707425,89854051,1,,
2017,95707431,89854059,6,,
2017,95707461,89854095,6,,
2017,95707468,89854106,7,,
2017,95707488,89854129,4,,
2017,98192115,92555077,6,,
2017,98192118,92555082,6,,
2017,98192130,92555096,6,,
2017,98192135,92555103,6,,
2017,98192161,92555151,4,,
2017,98192176,92555170,4,,
2017,98192178,92555173,5,,
2017,98192183,92555180,6,,
2017,98192188,92555188,4,,
2017,98192193,92555190,7,,
2017,98192224,92555228,7,,
2017,98192231,92555239,7,,
2017,98192251,92555259,7,,
2017,98192261,92555267,7,,
2017,98192274,92555283,7,,
2017,98192283,92555295,6,,
2017,98192285,92555298,6,,
2017,98192290,92555305,4,,
2017,95330131,89448318,6,,
2017,95330183,89448383,7,,
2017,95330414,89448660,1,,
2017,95330462,89448725,7,,
2017,95330548,89448822,7,,
2017,102882685,97684963,7,,
2017,100847464,95483213,6,,
2017,102530199,97307049,7,,
2017,102530088,97306905,3,,
2017,102530087,97306905,7,,
2017,106060305,101214723,7,,
2017,102530186,97307029,7,,
2017,94819041,88884891,3,,
2017,94819054,88884906,6,,
2017,94819062,88884917,7,,
2017,94819096,88884961,7,,
2017,94819112,88884986,6,,
2017,94819164,88885049,7,,
2017,94819008,88884848,7,,
2017,94819007,88884848,5,,
2017,94819034,88884889,5,,
2017,94819038,88884889,6,,
2017,94819065,88884921,7,1,
2017,94819114,88884987,7,,
2017,94819136,88885014,7,,
2017,94819153,88885036,6,,
2017,95330300,89448511,7,,
2017,95330310,89448522,6,,
2017,95330402,89448640,3,,
2017,95330416,89448664,6,,
2017,95330448,89448703,6,,
2017,95330456,89448721,4,,
2017,95330551,89448825,6,,
2017,95330564,89448839,6,,
2017,98192106,92555058,4,,
2017,98192121,92555086,7,,
2017,98192133,92555102,7,,
2017,98192162,92555149,6,,
2017,98561086,92963319,6,,
2017,98561179,92963435,4,,
2017,98561199,92963456,4,,
2017,98561234,92963505,6,,
2017,98561240,92963514,7,,
2017,98561255,92963529,6,,
2017,95330126,89448308,6,,
2017,95330205,89448404,7,,
2017,95330233,89448437,7,,
2017,95330299,89448510,6,,
2017,98192113,92555074,7,,
2017,98192128,92555093,7,,
2017,98192142,92555115,7,,
2017,98192155,92555139,3,,
2017,98192194,92555191,7,,
2017,98192226,92555232,7,,
2017,98192166,92555156,7,,
2017,98192180,92555176,7,,
2017,98192185,92555183,7,,
2017,98192208,92555206,3,,
2017,98192210,92555208,6,,
2017,98192212,92555211,4,,
2017,98192219,92555218,7,1,
2017,98192225,92555230,6,,
2017,98192250,92555255,7,,
2017,98192260,92555266,7,,
2017,98192282,92555294,7,,
2017,98192288,92555302,7,,
2017,95330123,89448300,7,,
2017,95330474,89448740,7,,
2017,96239827,90414950,4,,
2017,96239875,90415012,7,,
2017,96239906,90415050,7,,
2017,96239917,90415061,6,,
2017,96239950,90415101,7,,
2017,96239965,90415119,7,,
2017,96239968,90415123,6,,
2017,96239983,90415143,6,,
2017,96239997,90415163,7,,
2017,96240005,90415171,4,,
2017,96240012,90415179,7,,
2017,96240024,90415194,4,,
2017,96240056,90415239,7,,
2017,96240054,90415240,7,,
2017,96240063,90415252,5,,
2017,96240072,90415262,7,,
2017,96240079,90415272,6,,
2017,96240094,90415292,4,,
2017,96637284,90849330,7,,
2017,96637329,90849394,6,,
2017,96637353,90849435,6,,
2017,96637385,90849474,7,,
2017,96637393,90849485,4,,
2017,96637415,90849512,7,,
2017,96239877,90415018,7,,
2017,96239903,90415044,7,,
2017,96239964,90415122,6,,
2017,96239995,90415159,7,,
2017,96240027,90415195,6,,
2017,96240062,90415248,7,,
2017,96240073,90415261,6,,
2017,96240082,90415274,7,,
2017,96240087,90415281,6,,
2017,96240096,90415295,6,,
2017,95956434,90114788,7,,
2017,95956442,90114801,7,,
2017,95956470,90114833,4,,
2017,95956512,90114889,7,,
2017,95956555,90114941,7,,
2017,95956575,90114960,4,,
2017,95956601,90114986,7,,
2017,95956617,90115005,7,1,
2017,95956632,90115027,7,,
2017,96637234,90849262,7,,
2017,96637270,90849316,3,,
2017,96637322,90849382,7,,
2017,96637412,90849508,7,,
2017,96637435,90849533,7,,
2017,96637198,90849217,7,,
2017,96637302,90849350,4,,
2017,96637310,90849365,6,,
2017,96637381,90849470,7,,
2017,97074393,91328293,6,,
2017,97074485,91328407,7,1,
2017,97074499,91328426,3,,
2017,97074515,91328441,6,,
2017,97074554,91328486,7,,
2017,97074641,91328589,6,,
2017,97074671,91328627,1,,
2017,97074691,91328651,7,,
2017,96637210,90849231,6,,
2017,96637227,90849255,7,,
2017,96637272,90849319,7,,
2017,96637308,90849361,7,,
2017,96637312,90849367,1,,
2017,96637325,90849389,7,,
2017,96637342,90849417,1,,
2017,96637417,90849514,7,,
2017,94819004,88884838,6,,
2017,94819033,88884876,6,,
2017,94819048,88884900,7,,
2017,94819074,88884933,7,,
2017,94819080,88884942,7,,
2017,94819149,88885034,4,,
2017,94819152,88885034,7,,
2017,94819162,88885047,7,,
2017,95956410,90114757,1,,
2017,95956428,90114778,7,,
2017,95956436,90114789,7,,
2017,95956450,90114810,6,,
2017,95956463,90114826,4,,
2017,95956524,90114904,6,,
2017,95956551,90114935,7,,
2017,95956562,90114948,7,,
2017,95956423,90114772,1,,
2017,95956452,90114812,7,,
2017,95956506,90114882,7,,
2017,95956568,90114953,7,,
2017,95956594,90114979,6,,
2017,95956640,90115038,7,,
2017,95956467,90114830,7,1,
2017,95956585,90114973,7,,
2017,95956606,90114992,6,,
2017,95956625,90115013,6,,
2017,95956655,90115058,7,,
2017,94818996,88884825,7,,
2017,94819052,88884903,4,,
2017,94819057,88884909,7,,
2017,94819084,88884946,6,,
2017,94819093,88884958,6,,
2017,94819109,88884981,3,,
2017,94819121,88884997,6,,
2017,94819154,88885037,6,,
2017,94402103,88430728,7,,
2017,94402130,88430761,7,,
2017,94402233,88430890,7,,
2017,94402242,88430899,6,,
2017,95956416,90114763,7,1,
2017,95956429,90114783,7,,
2017,95956448,90114807,4,,
2017,95956495,90114868,3,,
2017,95956519,90114898,6,,
2017,95956538,90114922,7,,
2017,95956548,90114934,6,,
2017,95956688,90115098,4,,
2017,94402114,88430742,7,,
2017,94402143,88430779,7,,
2017,94402161,88430801,7,,
2017,94402178,88430821,4,,
2017,94402197,88430844,7,,
2017,94402079,88430695,7,,
2017,94402085,88430705,4,,
2017,94402102,88430727,7,,
2017,94402108,88430733,6,,
2017,94402133,88430765,7,1,
2017,94402160,88430800,6,,
2017,94402175,88430817,3,,
2017,94402189,88430833,7,,
2017,94402231,88430888,7,,
2017,94402237,88430895,7,1,
2017,94402067,88430668,6,,
2017,94402092,88430717,7,,
2017,94402144,88430782,8,,
2017,94402193,88430839,7,,
2017,94402212,88430861,7,,
2017,94402220,88430871,6,,
2017,95707498,89854141,7,,
2017,95707551,89854211,7,,
2017,95707598,89854281,7,,
2017,95707609,89854290,7,,
2017,95707632,89854321,7,,
2017,95707664,89854363,7,,
2017,94402099,88430723,4,,
2017,94402122,88430751,7,,
2017,94402157,88430797,7,,
2017,94402186,88430829,4,,
2017,94402204,88430854,6,,
2017,94402226,88430881,7,,
2017,96637233,90849265,6,,
2017,96637262,90849301,1,,
2017,96637278,90849325,6,,
2017,96637295,90849341,6,,
2017,96637317,90849377,7,,
2017,96637347,90849423,1,,
2017,96637352,90849434,7,,
2017,96637362,90849445,7,,
2017,96637370,90849455,7,,
2017,96637378,90849468,7,,
2017,96637397,90849492,7,,
2017,96637404,90849496,7,,
2017,96637420,90849518,4,,
2017,96239904,90415046,4,,
2017,96239925,90415069,6,,
2017,96239961,90415114,4,,
2017,96239999,90415168,7,,
2017,96240025,90415197,4,,
2017,96240068,90415256,6,,
2017,94819045,88884896,6,,
2017,94819085,88884948,7,,
2017,94819144,88885023,7,,
2017,98192114,92555075,4,,
2017,98192149,92555124,7,,
2017,98192159,92555143,1,,
2017,98192164,92555154,7,,
2017,98192265,92555272,7,,
2017,98192189,92555187,7,,
2017,98192256,92555262,7,,
2017,98192276,92555285,7,,
2017,100159169,94738334,7,,
2017,100159214,94738397,6,,
2017,100159250,94738442,7,,
2017,100159270,94738461,7,,
2017,100159357,94738570,6,,
2017,100159378,94738596,7,,
2017,100159426,94738656,6,,
2017,100159444,94738687,7,,
2017,100159475,94738723,6,,
2017,97733064,92050728,7,,
2017,97733098,92050769,6,,
2017,97733108,92050786,6,,
2017,97733131,92050817,1,,
2017,97733132,92050817,8,,
2017,97733202,92050911,5,,
2017,100159188,94738358,7,,
2017,100159235,94738420,6,,
2017,100159268,94738459,7,,
2017,100159296,94738493,6,,
2017,100159313,94738518,7,,
2017,100159350,94738561,6,,
2017,100159363,94738577,6,,
2017,100159399,94738620,4,,
2017,100159412,94738634,5,,
2017,100159471,94738717,7,,
2017,98192116,92555078,6,,
2017,98192173,92555165,7,,
2017,98192177,92555171,7,,
2017,98192195,92555193,6,,
2017,98192239,92555246,7,,
2017,98192252,92555257,6,,
2017,98192264,92555271,7,,
2017,98192278,92555286,7,,
2017,98192287,92555301,7,,
2017,98561109,92963348,7,,
2017,98561120,92963360,7,,
2017,98561135,92963381,7,,
2017,98561143,92963390,7,,
2017,98561181,92963437,6,,
2017,97074392,91328292,7,,
2017,97074420,91328324,7,,
2017,97074447,91328361,7,,
2017,97074593,91328533,7,,
2017,97074613,91328555,2,,
2017,97074630,91328572,7,1,
2017,97074645,91328592,7,,
2017,97074669,91328623,6,,
2017,97074706,91328677,7,,
2017,97074734,91328705,7,,
2017,98192167,92555157,7,,
2017,98192182,92555179,6,,
2017,98192240,92555248,7,,
2017,100159184,94738354,7,,
2017,100159384,94738602,5,,
2017,100159397,94738617,6,,
2017,100159408,94738630,7,,
2017,100159457,94738699,6,,
2017,98561091,92963324,5,,
2017,98561096,92963331,7,1,
2017,98561138,92963383,4,,
2017,98561151,92963399,7,,
2017,98561173,92963427,6,,
2017,98561198,92963455,6,,
2017,98561254,92963528,7,,
2017,97074400,91328300,1,,
2017,97074445,91328355,6,,
2017,97074460,91328378,6,,
2017,97074513,91328442,7,,
2017,97074529,91328459,7,,
2017,97074551,91328479,7,,
2017,97074600,91328542,6,,
2017,97074646,91328594,7,,
2017,97074668,91328625,1,,
2017,97074719,91328688,7,,
2017,97732917,92050568,7,,
2017,97732981,92050629,4,,
2017,97733032,92050688,6,,
2017,97733057,92050720,4,,
2017,97733087,92050757,6,,
2017,97733161,92050853,6,,
2017,97733168,92050865,6,,
2017,97074686,91328646,6,,
2017,97074708,91328676,6,,
2017,97732899,92050545,6,,
2017,97732939,92050587,7,,
2017,97733026,92050680,7,,
2017,97733038,92050694,7,,
2017,97733055,92050717,7,,
2017,97733078,92050744,6,,
2017,97733125,92050805,6,,
2017,97733136,92050821,6,,
2017,97733159,92050850,7,,
2017,97733175,92050874,7,,
2017,97733194,92050896,7,1,
2017,98192124,92555090,6,,
2017,98192179,92555174,4,,
2017,98192215,92555214,6,,
2017,98192237,92555242,6,,
2017,98192263,92555269,6,,
2017,98561088,92963321,7,,
2017,98561108,92963344,6,,
2017,98561119,92963358,7,1,
2017,98561125,92963369,7,1,
2017,98561168,92963422,7,,
2017,98561217,92963485,7,,
2017,100847513,95483281,7,,
2017,100159236,94738423,7,,
2017,100159295,94738494,7,,
2017,100159324,94738536,7,,
2017,100159365,94738586,5,,
2017,100159369,94738586,6,,
2017,100159391,94738612,6,,
2017,100159405,94738627,7,,
2017,100159450,94738692,6,,
2017,100159473,94738719,6,,
2017,97733009,92050662,4,,
2017,97733024,92050677,6,,
2017,97733118,92050797,7,,
2017,97733128,92050811,6,,
2017,97733207,92050917,7,,
2017,98561136,92963380,6,,
2017,98561144,92963391,7,,
2017,98561171,92963425,6,,
2017,98561222,92963493,7,,
2017,98561242,92963517,7,,
2017,98561252,92963526,4,,
2017,100159375,94738595,6,,
2017,100159429,94738659,7,,
2017,100159449,94738691,7,,
2017,100159463,94738706,7,,
2017,100159460,94738706,4,,
2017,100159485,94738735,7,,
2017,97074413,91328316,6,,
2017,97074467,91328386,6,,
2017,97074493,91328417,7,,
2017,97074583,91328520,6,,
2017,97074651,91328602,7,,
2017,97074701,91328667,7,,
2017,97074738,91328712,7,,
2017,100159183,94738352,6,,
2017,100159233,94738419,3,,
2017,100159310,94738520,7,,
2017,100159348,94738559,4,,
2017,100159354,94738566,7,,
2017,100159439,94738670,7,,
2017,100159445,94738686,4,,
2017,100159452,94738695,7,,
2017,100159469,94738715,6,,
2017,100159487,94738734,7,,
2017,100159483,94738734,3,,
2017,100159491,94738740,7,,
2017,97074397,91328298,1,,
2017,97074399,91328298,6,,
2017,97074441,91328352,7,,
2017,97074548,91328478,7,,
2017,97074564,91328503,7,,
2017,97074597,91328539,7,,
2017,98561127,92963370,6,,
2017,98561154,92963402,7,,
2017,98561177,92963431,6,,
2017,98561208,92963468,6,,
2017,98561235,92963509,4,,
2017,97732943,92050590,7,,
2017,97732927,92050590,5,,
2017,97733022,92050675,6,,
2017,97733062,92050726,4,,
2017,97733076,92050741,7,,
2017,97733129,92050813,7,,
2017,97733155,92050845,4,,
2017,97733156,92050845,7,,
2017,97733160,92050851,6,,
2017,98192104,92555056,7,,
2017,97732971,92050624,6,,
2017,97733023,92050676,7,,
2017,97733039,92050698,7,,
2017,97733110,92050788,1,,
2017,97733164,92050856,7,,
2017,97733193,92050895,7,,
2017,97733005,92050654,7,,
2017,97733020,92050673,6,,
2017,97733059,92050721,4,,
2017,97733127,92050815,7,,
2017,97733140,92050826,7,,
2017,97733170,92050867,1,,
2017,97733186,92050886,6,,
2017,97733200,92050906,7,,
2017,97074444,91328357,7,,
2017,97074455,91328369,6,,
2017,97074530,91328461,4,,
2017,97074649,91328598,7,,
2017,97732991,92050639,6,,
2017,97733088,92050756,6,,
2017,97733145,92050827,7,,
2017,97733199,92050905,5,,
2017,100847475,95483231,5,,
2017,100847481,95483237,6,,
2017,97732896,92050542,6,,
2017,97732950,92050606,7,,
2017,97733035,92050691,6,,
2017,97733073,92050737,7,,
2017,97733077,92050743,7,,
2017,97733143,92050830,6,,
2017,97733173,92050871,6,,
2017,100159168,94738330,7,,
2017,100159220,94738403,6,,
2017,100159308,94738508,7,,
2017,100159345,94738555,7,,
2017,100159377,94738594,7,1,
2017,100159403,94738625,4,,
2017,100159441,94738675,7,,
2017,100159448,94738690,7,,
2017,100159481,94738730,7,,
2017,98561162,92963412,7,,
2017,98561236,92963510,4,,
2017,98192137,92555108,6,,
2017,98192145,92555120,6,,
2017,98192175,92555168,1,,
2017,98192197,92555194,7,,
2017,98192214,92555213,7,,
2017,98192244,92555251,4,,
2017,98192246,92555251,7,,
2017,98192281,92555292,7,2,
2017,97733027,92050684,7,,
2017,97733056,92050716,7,,
2017,97733091,92050761,6,,
2017,97733124,92050802,7,,
2017,97733204,92050913,6,,
2017,97733211,92050924,6,,
2017,100159175,94738341,6,,
2017,100159208,94738388,5,,
2017,100159218,94738406,5,,
2017,100159304,94738511,7,,
2017,100159366,94738580,7,,
2017,100159380,94738598,5,,
2017,100159400,94738621,4,,
2017,100159437,94738668,7,,
2017,100159466,94738713,7,1,
2017,100159477,94738725,7,,
2017,100159204,94738382,6,,
2017,100159232,94738417,6,,
2017,100159361,94738573,6,,
2017,100159370,94738585,6,,
2017,100159383,94738601,7,,
2017,100159395,94738615,7,,
2017,100159418,94738642,7,1,
2017,100159433,94738666,7,,
2017,100159464,94738709,7,,
2017,97074380,91328273,6,,
2017,97074446,91328356,7,,
2017,97074573,91328509,6,,
2017,97074670,91328626,7,,
2017,100847461,95483211,7,,
2017,100847482,95483240,7,,
2017,97074409,91328312,6,,
2017,97074550,91328481,7,,
2017,97074578,91328515,7,,
2017,97074615,91328558,7,,
2017,97074626,91328569,4,,
2017,97074659,91328610,7,,
2017,97074698,91328662,6,,
2017,100159251,94738445,1,,
2017,100159329,94738538,7,,
2017,100159390,94738609,3,,
2017,100159421,94738646,7,,
2017,100159427,94738657,7,,
2017,100159451,94738693,7,,
2017,98192123,92555088,7,,
2017,98192132,92555104,7,,
2017,98192156,92555140,6,,
2017,98192196,92555195,7,,
2017,98192245,92555250,7,,
2017,97733031,92050685,4,,
2017,97733061,92050725,4,,
2017,97733090,92050758,6,,
2017,97733130,92050814,7,,
2017,98561068,92963287,4,,
2017,98561122,92963365,4,,
2017,98561141,92963386,4,,
2017,98561158,92963408,7,,
2017,98561167,92963418,5,,
2017,98561223,92963494,7,,
2017,98561232,92963504,7,,
2017,98561121,92963361,7,1,
2017,98561118,92963361,4,,
2017,98561133,92963376,7,,
2017,98561145,92963392,7,,
2017,98561180,92963436,5,,
2017,98561189,92963445,7,,
2017,98561211,92963471,7,,
2017,98561244,92963521,7,,
2017,100159173,94738339,7,,
2017,100159271,94738462,4,,
2017,100159279,94738472,7,,
2017,100159356,94738568,6,,
2017,100159379,94738597,6,,
2017,100159392,94738613,6,,
2017,100159434,94738665,7,,
2017,98192258,92555263,6,,
2017,98192289,92555303,7,,
2017,96239868,90415016,7,,
2017,96239966,90415120,7,,
2017,96239981,90415142,4,,
2017,96239990,90415151,1,,
2017,96240018,90415188,4,,
2017,96240037,90415212,6,,
2017,96240053,90415234,4,,
2017,96239864,90415002,7,1,
2017,96239940,90415085,6,,
2017,96240001,90415166,4,,
2017,96240009,90415176,7,,
2017,96240028,90415196,7,,
2017,96240070,90415259,6,,
2017,95956539,90114923,7,,
2017,95956654,90115057,7,,
2017,95956685,90115097,7,,
2017,95956696,90115107,7,,
2017,97074395,91328295,7,,
2017,97074521,91328451,7,,
2017,97074599,91328541,7,,
2017,97074629,91328571,7,,
2017,97074638,91328585,5,,
2017,97074655,91328607,7,,
2017,97074675,91328633,4,,
2017,97074683,91328641,5,,
2017,97074693,91328655,7,,
2017,96637228,90849258,7,,
2017,96637260,90849298,7,,
2017,96637313,90849371,5,,
2017,96637338,90849409,4,,
2017,96637225,90849254,6,,
2017,96637267,90849310,6,,
2017,96637273,90849320,7,,
2017,96637311,90849366,7,,
2017,96637372,90849460,7,,
2017,96637436,90849534,7,,
2017,96239976,90415132,4,,
2017,96239987,90415148,7,,
2017,96240006,90415173,7,,
2017,96240021,90415190,7,,
2017,96240061,90415249,7,,
2017,96240069,90415257,6,,
2017,96239832,90414961,4,,
2017,96239862,90414996,6,,
2017,96239949,90415098,6,,
2017,96239958,90415113,1,,
2017,96239979,90415134,4,,
2017,96240029,90415198,7,,
2017,96240058,90415243,7,,
2017,96240092,90415287,7,,
2017,96239879,90415026,6,,
2017,96239946,90415094,6,,
2017,96239973,90415129,7,,
2017,96239989,90415149,7,,
2017,96240041,90415216,7,,
2017,96240065,90415251,6,,
2017,95956425,90114776,6,,
2017,95956472,90114835,7,,
2017,95956503,90114880,6,,
2017,95956602,90114987,4,,
2017,95956622,90115008,7,,
2017,95956658,90115062,1,,
2017,95956713,90115132,7,,
2017,95330153,89448347,7,,
2017,95330286,89448488,7,,
2017,95330291,89448497,6,,
2017,95330327,89448548,7,,
2017,95330383,89448620,6,,
2017,95330467,89448734,4,,
2017,95330487,89448754,6,,
2017,95330545,89448819,7,,
2017,95330558,89448835,7,,
2017,96637187,90849203,6,,
2017,96637206,90849224,6,,
2017,96637320,90849384,4,,
2017,96637323,90849384,7,,
2017,96637419,90849516,4,,
2017,96637220,90849247,6,,
2017,96637244,90849283,7,,
2017,96637319,90849380,7,,
2017,96637332,90849401,7,,
2017,96637350,90849431,4,,
2017,96637390,90849482,7,,
2017,96637395,90849488,7,1,
2017,96637414,90849511,7,,
2017,96637421,90849519,7,,
2017,96637433,90849531,3,,
2017,96637178,90849194,7,,
2017,96637197,90849214,7,,
2017,96637213,90849240,7,,
2017,96637231,90849261,6,,
2017,96637269,90849313,6,,
2017,96637281,90849327,7,,
2017,96637366,90849451,4,,
2017,96637391,90849484,7,,
2017,96637402,90849494,3,,
2017,96637431,90849529,7,,
2017,94818988,88884819,1,,
2017,94819030,88884875,1,,
2017,94819077,88884937,4,,
2017,94819090,88884954,7,,
2017,94819116,88884991,7,,
2017,94819143,88885022,6,,
2017,94819160,88885042,6,,
2017,94819168,88885053,6,,
2017,94819182,88885068,7,,
2017,94819069,88884927,6,,
2017,94819102,88884971,6,,
2017,94819135,88885013,7,,
2017,95956449,90114809,7,,
2017,95956517,90114896,7,,
2017,95956544,90114925,7,,
2017,95956553,90114938,7,,
2017,95956583,90114972,6,,
2017,95956610,90114995,7,,
2017,95956656,90115060,6,,
2017,95956673,90115081,1,,
2017,95707397,89854017,4,,
2017,95707536,89854195,3,,
2017,95956411,90114756,7,,
2017,95956444,90114804,4,,
2017,95956507,90114886,4,,
2017,95956581,90114969,7,,
2017,95956616,90115002,7,,
2017,95956627,90115015,7,,
2017,94402084,88430702,6,,
2017,94402116,88430744,3,,
2017,94402136,88430768,7,,
2017,94402173,88430815,6,,
2017,94402185,88430827,6,,
2017,96239860,90414991,7,,
2017,96239895,90415036,7,,
2017,96239936,90415077,7,,
2017,96239986,90415144,4,,
2017,96239992,90415155,6,,
2017,96240015,90415183,6,,
2017,96240020,90415192,5,,
2017,96240022,90415192,6,,
2017,95956432,90114787,7,,
2017,95956459,90114822,7,1,
2017,95956471,90114837,6,,
2017,95956528,90114910,7,,
2017,95956586,90114974,7,,
2017,95956638,90115033,6,,
2017,95707395,89854013,6,,
2017,95707438,89854065,6,,
2017,95707460,89854096,7,,
2017,95707531,89854185,7,,
2017,95707613,89854294,7,,
2017,95707655,89854348,7,,
2017,94402090,88430713,7,,
2017,94402107,88430734,7,,
2017,94402120,88430748,1,,
2017,94402124,88430755,6,,
2017,94402151,88430789,7,1,
2017,94402190,88430834,7,,
2017,94402210,88430859,7,1,
2017,94402224,88430878,7,,
2017,94819043,88884892,7,,
2017,94819082,88884947,7,,
2017,94819138,88885017,7,,
2017,94819176,88885061,7,,
2017,95330195,89448394,1,,
2017,95330222,89448422,3,,
2017,95330254,89448460,7,,
2017,95330395,89448639,6,,
2017,95330409,89448654,7,,
2017,95330465,89448731,6,,
2017,95330516,89448784,7,,
2017,102882666,97684941,3,,
2017,102882761,97685054,1,,
2017,105819777,100963772,6,,
2017,96637191,90849207,6,,
2017,96637195,90849212,7,,
2017,96637212,90849234,7,,
2017,96637243,90849280,7,,
2017,96637252,90849293,6,,
2017,96637263,90849306,6,,
2017,96637299,90849349,6,,
2017,96637307,90849360,7,,
2017,96637336,90849407,7,,
2017,96637339,90849412,7,,
2017,95707418,89854040,7,,
2017,95707440,89854071,6,,
2017,95707462,89854097,6,,
2017,95707484,89854123,6,,
2017,95707549,89854208,7,,
2017,95707573,89854244,5,,
2017,95707693,89854397,7,,
2017,94402082,88430698,7,,
2017,94402089,88430711,6,,
2017,94402170,88430812,6,,
2017,94402207,88430856,6,,
2017,94402229,88430886,7,,
2017,94402236,88430893,7,,
2017,95707399,89854020,5,,
2017,95707509,89854155,7,,
2017,95707527,89854175,6,,
2017,95707589,89854267,7,,
2017,95707607,89854288,7,,
2017,95707635,89854326,7,,
2017,94402080,88430696,7,,
2017,94402134,88430766,7,,
2017,94402183,88430830,7,,
2017,94402202,88430850,7,,
2017,94402217,88430867,4,,
2017,97074633,91328574,6,,
2017,95956508,90114885,7,1,
2017,95956547,90114931,6,,
2017,95956653,90115054,4,,
2017,95956701,90115117,4,,
2017,96637205,90849225,7,,
2017,96637403,90849498,7,,
2017,96637418,90849517,4,,
2017,96637425,90849523,7,,
2017,96637432,90849530,6,,
2017,97074662,91328615,7,,
2017,97074666,91328619,1,,
2017,97074692,91328652,7,,
2017,94818994,88884827,7,,
2017,94819016,88884855,7,,
2017,94819063,88884919,7,,
2017,94819072,88884930,7,,
2017,94819079,88884941,7,,
2017,94819124,88885002,7,1,
2017,94402128,88430759,6,,
2017,94402138,88430775,6,,
2017,94402153,88430796,4,,
2017,94402172,88430814,6,,
2017,94402187,88430828,4,,
2017,94402211,88430860,7,,
2017,94402066,88430665,5,,
2017,94402097,88430722,7,1,
2017,94402096,88430722,5,,1
2017,94402164,88430804,6,,
2017,94402184,88430826,6,,
2017,94402223,88430879,6,,
2017,94402230,88430887,6,,
2017,94402241,88430898,6,,
2017,95707398,89854018,7,,
2017,95707497,89854140,6,,
2017,95707670,89854372,7,,
2017,95707692,89854395,7,,
2017,94402073,88430684,6,,
2017,94402086,88430707,7,,
2017,94402094,88430720,7,,
2017,94402104,88430729,7,,
2017,94402118,88430746,7,,
2017,94402123,88430752,7,,
2017,94402142,88430776,7,,
2017,94402141,88430777,7,,
2017,94402147,88430784,8,,
2017,94402165,88430805,6,,
2017,94402201,88430849,7,,
2017,94402218,88430868,6,,
2017,94402219,88430870,7,,
2017,94402221,88430875,6,,
2017,94402228,88430883,7,,
2017,94402240,88430897,7,,
2017,94819075,88884934,7,,
2017,94819098,88884964,6,,
2017,94819126,88885006,6,,
2017,94819120,88885006,5,,
2017,94818995,88884824,3,,
2017,94819036,88884882,7,,
2017,94819117,88884992,7,,
2017,94819177,88885063,7,,
2017,94402159,88430799,7,,
2017,94402168,88430808,6,,
2017,95330086,89448288,6,,
2017,95330211,89448412,4,,
2017,95330221,89448426,6,,
2017,95330340,89448569,6,,
2017,95330352,89448579,1,,
2017,95330369,89448599,6,,
2017,95330375,89448609,7,,
2017,95330461,89448724,4,,
2017,95330505,89448773,6,,
2017,95330514,89448786,7,,
2017,95330538,89448811,7,,
2017,95330553,89448827,4,,
2017,95707450,89854082,6,,
2017,95707467,89854101,6,,
2017,95707504,89854149,7,,
2017,95330192,89448388,7,,
2017,95330285,89448487,6,,
2017,95330328,89448551,6,,
2017,95330359,89448587,7,,
2017,95330389,89448627,7,,
2017,95330463,89448727,6,,
2017,95330494,89448762,7,,
2017,95330232,89448439,1,,
2017,95330376,89448610,6,,
2017,95330438,89448691,7,,
2017,95330521,89448792,6,,
2017,95330536,89448807,4,,
2017,95330555,89448829,7,,
2017,95330561,89448837,6,,
2017,95707458,89854093,6,,
2017,95707470,89854110,7,,
2017,95707541,89854198,6,,
2017,95707618,89854303,6,,
2017,95707660,89854356,7,,
2017,96239897,90415040,6,,
2017,96239971,90415127,6,,
2017,96240023,90415193,6,,
2017,96240038,90415210,7,,
2017,96240075,90415265,7,,
2017,96637193,90849211,7,,
2017,96637189,90849226,7,,
2017,96637217,90849245,5,,
2017,96637218,90849250,7,,
2017,96637240,90849269,6,,
2017,96637266,90849309,4,,
2017,96637274,90849321,6,,
2017,96637316,90849376,7,,
2017,96637349,90849429,6,,
2017,96637357,90849439,1,,
2017,96637361,90849446,6,,
2017,96637423,90849521,7,,
2017,96637429,90849527,6,,
2017,94819039,88884887,7,,
2017,94819064,88884920,7,,
2017,94819104,88884975,6,,
2017,94819128,88885004,4,,
2017,94819140,88885019,7,,
2017,94819161,88885046,7,,
2017,94819171,88885057,6,,
2017,97074382,91328274,7,1,
2017,97074512,91328439,7,,
2017,97074637,91328583,1,,
2017,97074678,91328638,7,,
2017,97074696,91328660,7,,
2017,97074728,91328700,4,,
2017,94819029,88884872,7,,
2017,94819070,88884928,7,,
2017,94819088,88884951,7,,
2017,94819115,88884989,1,,
2017,94819133,88885011,6,,
2017,96239930,90415074,6,,
2017,96239998,90415162,4,,
2017,96240004,90415172,7,,
2017,96240014,90415182,6,,
2017,96240088,90415282,6,,
2017,95956481,90114848,1,,
2017,95956504,90114879,6,,
2017,95956523,90114903,6,,
2017,95956691,90115103,4,,
2017,97074396,91328297,6,,
2017,97074442,91328353,7,,
2017,97074481,91328402,7,,
2017,97074570,91328505,6,,
2017,97074643,91328590,7,,
2017,97074681,91328640,7,,
2017,97074705,91328675,7,,
2017,97074653,91328604,7,,
2017,96637239,90849273,7,,
2017,96637304,90849359,7,,
2017,96637340,90849411,6,,
2017,96637358,90849442,6,,
2017,96637376,90849462,7,,
2017,96637396,90849489,3,,
2017,96239865,90415004,6,,
2017,96239913,90415060,7,1,
2017,96239952,90415099,1,,
2017,96239956,90415110,6,,
2017,96239969,90415126,7,,
2017,96240003,90415170,7,,
2017,96240016,90415184,6,,
2017,96240036,90415209,7,,
2017,96240057,90415242,6,,
2017,97074412,91328317,7,,
2017,97074520,91328446,6,,
2017,97074545,91328475,7,,
2017,97074632,91328576,7,,
2017,97074665,91328618,7,,
2017,97074664,91328618,4,,
2017,97074689,91328648,7,,
2017,97074727,91328701,7,,
2017,94818999,88884836,7,,
2017,94819044,88884894,5,,
2017,94819155,88885038,6,,
2017,95956417,90114761,7,,
2017,95956415,90114761,4,,
2017,95956451,90114811,7,,
2017,95956515,90114893,6,,
2017,95956529,90114912,7,,
2017,95956545,90114928,7,,
2017,95956577,90114963,5,,
2017,95956596,90114980,6,,
2017,95956626,90115012,4,,
2017,95956631,90115021,7,,
2017,95956649,90115050,7,,
2017,95956682,90115092,6,,
2017,95956689,90115099,7,,
2017,95956706,90115126,7,,
2017,96637176,90849193,7,,
2017,96637192,90849209,6,,
2017,96637215,90849242,7,,
2017,96637246,90849285,4,,
2017,96637257,90849297,6,,
2017,96637276,90849322,7,,
2017,96637283,90849328,7,,
2017,96637289,90849347,7,,
2017,96637337,90849408,6,,
2017,96637365,90849452,4,,
2017,96637389,90849481,7,,
2017,96637409,90849503,3,,
2017,96637424,90849522,6,,
2017,94819032,88884877,6,,
2017,94819100,88884968,7,,
2017,94819108,88884982,7,,
2017,94819132,88885008,6,,
2017,94819181,88885067,6,,
2017,98192112,92555076,6,,
2017,98192129,92555098,3,,
2017,98192187,92555186,7,,
2017,98192222,92555224,6,,
2017,98192235,92555244,1,,
2017,98192254,92555260,5,,
2017,94402095,88430719,7,,
2017,94402121,88430749,4,,
2017,94402155,88430791,1,,
2017,94402196,88430843,7,,
2017,94402208,88430857,7,,
2017,94402119,88430747,7,,
2017,94402158,88430798,7,,
2017,94402179,88430820,7,,
2017,94402203,88430851,7,,
2017,94402216,88430864,7,,
2017,94402234,88430891,7,,
2017,96637194,90849215,4,,
2017,96637211,90849236,6,,
2017,96637247,90849287,4,,
2017,96637286,90849336,7,3,
2017,96637348,90849427,4,,
2017,96637394,90849487,7,,
2017,98192174,92555167,7,,
2017,98192172,92555167,4,,
2017,98192198,92555196,6,,
2017,98192223,92555227,4,,
2017,98192227,92555233,7,1,
2017,98192234,92555241,7,,
2017,94402105,88430730,4,,
2017,94402137,88430770,7,,
2017,94402148,88430785,7,,
2017,94402149,88430786,4,,
2017,94402169,88430811,6,,
2017,94402195,88430840,1,,
2017,94402206,88430855,7,,
2017,95707388,89853998,7,,
2017,95707444,89854074,5,,
2017,95707474,89854113,7,,
2017,95707486,89854127,7,,
2017,95707545,89854205,6,,
2017,95707587,89854264,7,,
2017,95707606,89854287,7,,
2017,95707621,89854309,7,,
2017,95707644,89854333,6,,
2017,95707666,89854369,7,,
2017,95956443,90114803,6,,
2017,95956549,90114932,7,,
2017,95956593,90114983,7,,
2017,95956613,90115001,7,,
2017,95956634,90115030,6,,
2017,95956667,90115074,7,,
2017,95956678,90115088,7,1,
2017,96239842,90414969,6,,
2017,96240002,90415167,7,,
2017,96240042,90415218,4,,
2017,96240051,90415229,7,,
2017,96240071,90415260,7,,
2017,96240093,90415288,6,,
2017,95707384,89853993,7,,
2017,95707442,89854068,6,,
2017,95707459,89854094,7,,
2017,95707556,89854214,7,,
2017,95707577,89854250,6,,
2017,95707588,89854266,4,,
2017,95707634,89854325,7,,
2017,95707647,89854340,7,,
2017,95956435,90114790,7,,
2017,95956486,90114858,4,,
2017,95956514,90114892,7,,
2017,95956576,90114961,7,,
2017,95956603,90114991,7,,
2017,95956707,90115127,7,,
2017,94819003,88884837,6,,
2017,95956474,90114839,3,,
2017,95956480,90114847,7,,
2017,95956497,90114872,7,,
2017,95956525,90114911,7,,
2017,95956712,90115129,4,,
2017,95330224,89448428,4,,
2017,95330334,89448560,3,,
2017,95330392,89448629,7,,
2017,95330425,89448684,6,,
2017,95707387,89853997,6,,
2017,95707448,89854081,7,,
2017,95707456,89854089,6,,
2017,95707540,89854197,7,,
2017,95707548,89854207,6,,
2017,95707574,89854249,7,,
2017,95707639,89854329,7,,
2017,95707649,89854343,7,,
2017,95707471,89854107,7,,
2017,95707614,89854298,7,,
2017,95330125,89448305,7,,
2017,95330156,89448350,7,,
2017,95330196,89448397,7,,
2017,95330296,89448508,7,,
2017,95330329,89448550,1,,
2017,95330377,89448611,6,,
2017,95330399,89448641,6,,
2017,95330262,89448470,7,,
2017,95330331,89448552,5,,
2017,95330388,89448626,7,,
2017,95330459,89448719,7,,
2017,98192110,92555068,7,,
2017,98192119,92555083,7,,
2017,98192138,92555110,7,,
2017,98192150,92555130,7,,
2017,98192181,92555178,4,,
2017,98192199,92555199,4,,
2017,98192204,92555203,7,,
2017,98192220,92555220,7,,
2017,98192279,92555290,7,,
2017,98192107,92555060,7,1,
2017,98192147,92555121,6,,
2017,98192168,92555160,7,,
2017,98192202,92555201,7,,
2017,98192216,92555215,7,,
2017,98192236,92555243,6,,
2017,98192242,92555249,3,,
2017,98192243,92555249,7,,
2017,98192266,92555274,6,,
2017,98192291,92555309,7,,
2017,97733101,92050776,7,,
2017,97733103,92050780,5,,
2017,97733119,92050800,7,,
2017,97733137,92050820,7,,
2017,97733158,92050847,7,,
2017,97733187,92050884,7,,
2017,97733189,92050888,7,,
2017,97733185,92050885,7,,
2017,97733198,92050903,7,,
2017,97733203,92050912,6,,
2017,97733212,92050925,7,,
2017,98561072,92963299,7,,
2017,98561093,92963326,4,,
2017,98561106,92963343,7,,
2017,98561131,92963375,7,,
2017,98561142,92963388,7,,
2017,98561166,92963417,7,,
2017,98561174,92963429,7,,
2017,98561197,92963454,7,,
2017,98561214,92963481,6,,
2017,98561233,92963503,4,,
2017,98561243,92963518,6,,
2017,98561250,92963524,7,1,
2017,95330203,89448405,7,,
2017,95330298,89448505,7,,
2017,95330423,89448674,6,,
2017,95330455,89448715,7,,
2017,95330512,89448780,7,,
2017,95330523,89448794,4,,
2017,94818989,88884822,7,,
2017,94819021,88884863,7,,
2017,94819049,88884901,4,,
2017,94819078,88884940,6,,
2017,94819139,88885018,7,,
2017,94819146,88885026,7,,
2017,94819173,88885058,4,,
2017,97732895,92050540,7,,
2017,97732963,92050610,6,,
2017,97732976,92050625,7,,
2017,97733003,92050651,1,,
2017,97733030,92050687,6,,
2017,97733040,92050700,7,,
2017,97733042,92050704,7,,
2017,97733047,92050709,6,,
2017,97733051,92050712,6,,
2017,97733063,92050727,6,,
2017,97733069,92050733,3,,
2017,97733080,92050749,6,,
2017,97733094,92050763,6,,
2017,97074391,91328291,7,,
2017,97074454,91328372,6,,
2017,97074487,91328411,7,,
2017,97074491,91328413,4,,
2017,97074581,91328522,6,,
2017,97074677,91328636,5,,
2017,97074685,91328644,6,,
2017,97074695,91328658,5,,
2017,97074700,91328665,7,,
2017,98192141,92555114,4,,
2017,98192154,92555132,7,,
2017,98192171,92555163,6,,
2017,98192228,92555235,7,,
2017,98192241,92555247,6,,
2017,98192271,92555280,1,,
2017,98192280,92555291,7,,
2017,98192272,92555291,4,,
2017,98192286,92555299,7,,
2017,95707432,89854057,7,,
2017,95707539,89854190,7,,
2017,95707552,89854213,6,,
2017,95707581,89854257,6,,
2017,95707624,89854316,7,,
2017,95707631,89854322,6,,
2017,95707638,89854327,7,,
2017,97074386,91328281,6,,
2017,97074406,91328309,4,,
2017,97074436,91328345,7,,
2017,97074448,91328359,6,,
2017,97074452,91328368,7,,
2017,97074459,91328377,6,,
2017,97074477,91328396,6,,
2017,97074504,91328431,6,,
2017,97074556,91328490,6,,
2017,97074575,91328512,7,,
2017,97074634,91328575,4,,
2017,97074636,91328584,7,,
2017,97074642,91328588,6,,
2017,97074650,91328599,6,,
2017,97074648,91328597,6,,
2017,97074674,91328632,7,,
2017,97074679,91328637,4,,
2017,97074697,91328661,4,,
2017,97074707,91328674,7,,
2017,97074725,91328697,7,,
2017,95707393,89854005,1,,
2017,95707392,89854004,6,,
2017,95707401,89854022,6,,
2017,95707405,89854028,6,,
2017,95707428,89854053,6,,
2017,95707441,89854072,6,,
2017,95707463,89854099,4,,
2017,95707466,89854103,6,,
2017,95707507,89854152,7,,
2017,95707502,89854146,6,,
2017,95707528,89854179,7,,
2017,95707529,89854181,7,,
2017,95707534,89854183,1,,
2017,95707553,89854212,6,,
2017,95707559,89854218,7,,
2017,95707571,89854243,6,,
2017,95707579,89854254,6,,
2017,95707603,89854284,4,,
2017,95707611,89854292,7,,
2017,95707646,89854339,7,,
2017,95707651,89854345,5,,
2017,95707662,89854361,4,,
2017,95707677,89854379,7,1,
2017,95707678,89854382,7,,
2017,106060300,101214717,7,,
2017,106056230,101214709,7,,
2017,106064833,101219385,7,,
